mpio_id,municipio,departamento,zone_type,class,total_length_m
05002,ABEJORRAL,ANTIOQUIA,cabecera,bridleway,755.2065840675989
05002,ABEJORRAL,ANTIOQUIA,cabecera,footway,44.533368631216945
05002,ABEJORRAL,ANTIOQUIA,cabecera,path,382.390262758218
05002,ABEJORRAL,ANTIOQUIA,cabecera,pedestrian,560.2657227209702
05002,ABEJORRAL,ANTIOQUIA,cabecera,residential,13459.554156603246
05002,ABEJORRAL,ANTIOQUIA,cabecera,secondary,2030.26468153223
05002,ABEJORRAL,ANTIOQUIA,cabecera,service,486.11908920184584
05002,ABEJORRAL,ANTIOQUIA,cabecera,tertiary,560.3162510508757
05002,ABEJORRAL,ANTIOQUIA,cabecera,track,226.05897500145105
05002,ABEJORRAL,ANTIOQUIA,cabecera,unclassified,690.672824112327
05002,ABEJORRAL,ANTIOQUIA,centro_poblado,bridleway,160.06827593386754
05002,ABEJORRAL,ANTIOQUIA,centro_poblado,path,451.9600091137704
05002,ABEJORRAL,ANTIOQUIA,centro_poblado,pedestrian,180.74658466247013
05002,ABEJORRAL,ANTIOQUIA,centro_poblado,residential,180.89728481912562
05002,ABEJORRAL,ANTIOQUIA,centro_poblado,tertiary,1228.9306649039363
05002,ABEJORRAL,ANTIOQUIA,centro_poblado,track,93.81753734490617
05002,ABEJORRAL,ANTIOQUIA,centro_poblado,unclassified,277.478052077177
05002,ABEJORRAL,ANTIOQUIA,rural,bridleway,81118.50151772526
05002,ABEJORRAL,ANTIOQUIA,rural,footway,638.2747713394525
05002,ABEJORRAL,ANTIOQUIA,rural,path,21856.4558401296
05002,ABEJORRAL,ANTIOQUIA,rural,pedestrian,40.66072645478769
05002,ABEJORRAL,ANTIOQUIA,rural,primary,9406.814120032319
05002,ABEJORRAL,ANTIOQUIA,rural,residential,493.19091497064164
05002,ABEJORRAL,ANTIOQUIA,rural,secondary,71157.03980354877
05002,ABEJORRAL,ANTIOQUIA,rural,service,6278.636203720874
05002,ABEJORRAL,ANTIOQUIA,rural,tertiary,66666.77185910757
05002,ABEJORRAL,ANTIOQUIA,rural,track,220687.70169451568
05002,ABEJORRAL,ANTIOQUIA,rural,unclassified,148751.97786311732
05030,AMAGA,ANTIOQUIA,cabecera,footway,591.256599936765
05030,AMAGA,ANTIOQUIA,cabecera,pedestrian,64.54216779248262
05030,AMAGA,ANTIOQUIA,cabecera,primary,1713.2673306432532
05030,AMAGA,ANTIOQUIA,cabecera,residential,13208.881645102734
05030,AMAGA,ANTIOQUIA,cabecera,service,629.7300785613174
05030,AMAGA,ANTIOQUIA,cabecera,tertiary,3846.5485051627556
05030,AMAGA,ANTIOQUIA,cabecera,track,202.79624481508685
05030,AMAGA,ANTIOQUIA,cabecera,unclassified,567.2456106558636
05030,AMAGA,ANTIOQUIA,centro_poblado,path,50.181552723433484
05030,AMAGA,ANTIOQUIA,centro_poblado,pedestrian,51.40093492170571
05030,AMAGA,ANTIOQUIA,centro_poblado,primary,576.8316195641999
05030,AMAGA,ANTIOQUIA,centro_poblado,residential,10150.673370890177
05030,AMAGA,ANTIOQUIA,centro_poblado,secondary,226.76784663908379
05030,AMAGA,ANTIOQUIA,centro_poblado,service,940.6540050538259
05030,AMAGA,ANTIOQUIA,centro_poblado,tertiary,3159.983824064537
05030,AMAGA,ANTIOQUIA,centro_poblado,track,500.61131487529525
05030,AMAGA,ANTIOQUIA,centro_poblado,trunk,1692.622181131033
05030,AMAGA,ANTIOQUIA,centro_poblado,unclassified,7691.399253995997
05030,AMAGA,ANTIOQUIA,rural,bridleway,613.5665060800509
05030,AMAGA,ANTIOQUIA,rural,footway,81.2643098404364
05030,AMAGA,ANTIOQUIA,rural,path,1004.558590355075
05030,AMAGA,ANTIOQUIA,rural,primary,5635.708458308496
05030,AMAGA,ANTIOQUIA,rural,residential,28877.071404073416
05030,AMAGA,ANTIOQUIA,rural,secondary,5009.546647733954
05030,AMAGA,ANTIOQUIA,rural,service,27269.45545797833
05030,AMAGA,ANTIOQUIA,rural,tertiary,14889.778041263547
05030,AMAGA,ANTIOQUIA,rural,track,36894.191806478644
05030,AMAGA,ANTIOQUIA,rural,trunk,21218.997689272022
05030,AMAGA,ANTIOQUIA,rural,unclassified,99752.98855558406
05031,AMALFI,ANTIOQUIA,cabecera,bridleway,210.6215526379808
05031,AMALFI,ANTIOQUIA,cabecera,footway,1370.3839979514096
05031,AMALFI,ANTIOQUIA,cabecera,path,1175.2661439987157
05031,AMALFI,ANTIOQUIA,cabecera,pedestrian,252.85386394611942
05031,AMALFI,ANTIOQUIA,cabecera,residential,18155.948206426277
05031,AMALFI,ANTIOQUIA,cabecera,secondary,1186.504634705431
05031,AMALFI,ANTIOQUIA,cabecera,service,926.1185426048494
05031,AMALFI,ANTIOQUIA,cabecera,steps,35.4077621252232
05031,AMALFI,ANTIOQUIA,cabecera,tertiary,1733.844711547642
05031,AMALFI,ANTIOQUIA,cabecera,track,462.52639363551606
05031,AMALFI,ANTIOQUIA,cabecera,unclassified,150.97054247975197
05031,AMALFI,ANTIOQUIA,centro_poblado,residential,91.31980150522975
05031,AMALFI,ANTIOQUIA,centro_poblado,tertiary,240.58540908602197
05031,AMALFI,ANTIOQUIA,centro_poblado,unclassified,306.9316921726979
05031,AMALFI,ANTIOQUIA,rural,bridleway,79299.89171629377
05031,AMALFI,ANTIOQUIA,rural,path,1161.3032695055235
05031,AMALFI,ANTIOQUIA,rural,residential,2376.6979745674166
05031,AMALFI,ANTIOQUIA,rural,secondary,43858.40005213613
05031,AMALFI,ANTIOQUIA,rural,service,11064.522176063956
05031,AMALFI,ANTIOQUIA,rural,tertiary,29538.05815693105
05031,AMALFI,ANTIOQUIA,rural,track,243521.08946914272
05031,AMALFI,ANTIOQUIA,rural,unclassified,224044.2521839628
05034,ANDES,ANTIOQUIA,cabecera,footway,541.2833794384251
05034,ANDES,ANTIOQUIA,cabecera,path,333.2173454094485
05034,ANDES,ANTIOQUIA,cabecera,pedestrian,1081.4862439079313
05034,ANDES,ANTIOQUIA,cabecera,residential,17068.758396636214
05034,ANDES,ANTIOQUIA,cabecera,secondary,2690.6627983100134
05034,ANDES,ANTIOQUIA,cabecera,service,2305.493009845955
05034,ANDES,ANTIOQUIA,cabecera,steps,275.69869588663386
05034,ANDES,ANTIOQUIA,cabecera,tertiary,2247.9462176143675
05034,ANDES,ANTIOQUIA,cabecera,unclassified,3394.5872315213933
05034,ANDES,ANTIOQUIA,centro_poblado,path,0.23744421258939766
05034,ANDES,ANTIOQUIA,centro_poblado,pedestrian,620.5802903979612
05034,ANDES,ANTIOQUIA,centro_poblado,residential,5697.026788984444
05034,ANDES,ANTIOQUIA,centro_poblado,tertiary,1364.9440624002993
05034,ANDES,ANTIOQUIA,centro_poblado,track,175.13523157472147
05034,ANDES,ANTIOQUIA,centro_poblado,unclassified,1048.865805152878
05034,ANDES,ANTIOQUIA,rural,bridleway,2011.2318752009528
05034,ANDES,ANTIOQUIA,rural,footway,101.57902713186441
05034,ANDES,ANTIOQUIA,rural,path,9802.96892486595
05034,ANDES,ANTIOQUIA,rural,pedestrian,375.8698929156571
05034,ANDES,ANTIOQUIA,rural,residential,29079.439502125293
05034,ANDES,ANTIOQUIA,rural,secondary,8599.996376725743
05034,ANDES,ANTIOQUIA,rural,service,40431.24318317867
05034,ANDES,ANTIOQUIA,rural,tertiary,41074.47883008502
05034,ANDES,ANTIOQUIA,rural,track,127286.07851261731
05034,ANDES,ANTIOQUIA,rural,unclassified,249181.17945562734
05036,ANGELOPOLIS,ANTIOQUIA,cabecera,path,151.86233758713058
05036,ANGELOPOLIS,ANTIOQUIA,cabecera,residential,1374.8988936218364
05036,ANGELOPOLIS,ANTIOQUIA,cabecera,tertiary,2164.510961347081
05036,ANGELOPOLIS,ANTIOQUIA,cabecera,track,704.851162145646
05036,ANGELOPOLIS,ANTIOQUIA,cabecera,unclassified,589.1303672470376
05036,ANGELOPOLIS,ANTIOQUIA,centro_poblado,residential,1401.733090205377
05036,ANGELOPOLIS,ANTIOQUIA,centro_poblado,service,3.103541755491406
05036,ANGELOPOLIS,ANTIOQUIA,centro_poblado,tertiary,421.21379102828803
05036,ANGELOPOLIS,ANTIOQUIA,centro_poblado,track,5.395581761564817
05036,ANGELOPOLIS,ANTIOQUIA,centro_poblado,unclassified,1411.9509200264222
05036,ANGELOPOLIS,ANTIOQUIA,rural,bridleway,726.3846091298722
05036,ANGELOPOLIS,ANTIOQUIA,rural,footway,223.00681607694924
05036,ANGELOPOLIS,ANTIOQUIA,rural,path,13252.167694077052
05036,ANGELOPOLIS,ANTIOQUIA,rural,residential,7873.395086970277
05036,ANGELOPOLIS,ANTIOQUIA,rural,service,6213.649223391286
05036,ANGELOPOLIS,ANTIOQUIA,rural,tertiary,16899.7162911363
05036,ANGELOPOLIS,ANTIOQUIA,rural,track,37947.176853220684
05036,ANGELOPOLIS,ANTIOQUIA,rural,unclassified,33110.64947452908
05038,ANGOSTURA,ANTIOQUIA,cabecera,path,797.115294795232
05038,ANGOSTURA,ANTIOQUIA,cabecera,residential,3437.792477084487
05038,ANGOSTURA,ANTIOQUIA,cabecera,service,362.3035024775113
05038,ANGOSTURA,ANTIOQUIA,cabecera,tertiary,1626.3835232267663
05038,ANGOSTURA,ANTIOQUIA,cabecera,track,36.064432590838834
05038,ANGOSTURA,ANTIOQUIA,centro_poblado,pedestrian,104.44705057692968
05038,ANGOSTURA,ANTIOQUIA,centro_poblado,residential,391.84576852069694
05038,ANGOSTURA,ANTIOQUIA,centro_poblado,service,122.38020187416767
05038,ANGOSTURA,ANTIOQUIA,centro_poblado,trunk,645.0738317196779
05038,ANGOSTURA,ANTIOQUIA,centro_poblado,unclassified,39.1800846110123
05038,ANGOSTURA,ANTIOQUIA,rural,bridleway,4080.042343017085
05038,ANGOSTURA,ANTIOQUIA,rural,path,2044.5365565043862
05038,ANGOSTURA,ANTIOQUIA,rural,residential,2681.681932186323
05038,ANGOSTURA,ANTIOQUIA,rural,service,15010.386142507567
05038,ANGOSTURA,ANTIOQUIA,rural,tertiary,42910.4932904354
05038,ANGOSTURA,ANTIOQUIA,rural,track,38118.685847135384
05038,ANGOSTURA,ANTIOQUIA,rural,trunk,11331.643011553717
05038,ANGOSTURA,ANTIOQUIA,rural,unclassified,187377.87279519736
05040,ANORI,ANTIOQUIA,cabecera,bridleway,2.979568089140355
05040,ANORI,ANTIOQUIA,cabecera,footway,165.50639225054175
05040,ANORI,ANTIOQUIA,cabecera,path,729.1931301985888
05040,ANORI,ANTIOQUIA,cabecera,pedestrian,310.22168142139543
05040,ANORI,ANTIOQUIA,cabecera,residential,8926.236586710114
05040,ANORI,ANTIOQUIA,cabecera,secondary,598.0392589027356
05040,ANORI,ANTIOQUIA,cabecera,service,344.0159278474432
05040,ANORI,ANTIOQUIA,cabecera,unclassified,2609.9259075817067
05040,ANORI,ANTIOQUIA,centro_poblado,residential,1380.2074672874546
05040,ANORI,ANTIOQUIA,centro_poblado,service,135.97001245586253
05040,ANORI,ANTIOQUIA,rural,bridleway,20202.924741928953
05040,ANORI,ANTIOQUIA,rural,footway,1030.5952713132654
05040,ANORI,ANTIOQUIA,rural,path,9918.049388789004
05040,ANORI,ANTIOQUIA,rural,residential,739.9003207312688
05040,ANORI,ANTIOQUIA,rural,secondary,38292.38451762262
05040,ANORI,ANTIOQUIA,rural,service,4375.147795232857
05040,ANORI,ANTIOQUIA,rural,tertiary,19187.008142008544
05040,ANORI,ANTIOQUIA,rural,track,105963.26863026083
05040,ANORI,ANTIOQUIA,rural,unclassified,144292.69508628544
05042,ANTIOQUIA,ANTIOQUIA,cabecera,cycleway,564.7494159208185
05042,ANTIOQUIA,ANTIOQUIA,cabecera,footway,226.70353587915906
05042,ANTIOQUIA,ANTIOQUIA,cabecera,path,2002.5600018857085
05042,ANTIOQUIA,ANTIOQUIA,cabecera,pedestrian,685.2322542751076
05042,ANTIOQUIA,ANTIOQUIA,cabecera,residential,36593.268989087715
05042,ANTIOQUIA,ANTIOQUIA,cabecera,secondary,1418.913767017891
05042,ANTIOQUIA,ANTIOQUIA,cabecera,service,2435.443472364594
05042,ANTIOQUIA,ANTIOQUIA,cabecera,steps,44.94078805472334
05042,ANTIOQUIA,ANTIOQUIA,cabecera,tertiary,1036.8694108385482
05042,ANTIOQUIA,ANTIOQUIA,cabecera,trunk,3046.974909870164
05042,ANTIOQUIA,ANTIOQUIA,cabecera,unclassified,2207.354511878719
05042,ANTIOQUIA,ANTIOQUIA,centro_poblado,bridleway,171.3060121692533
05042,ANTIOQUIA,ANTIOQUIA,centro_poblado,primary,73.35406975810318
05042,ANTIOQUIA,ANTIOQUIA,centro_poblado,track,284.9890479622451
05042,ANTIOQUIA,ANTIOQUIA,centro_poblado,unclassified,1269.7480655108316
05042,ANTIOQUIA,ANTIOQUIA,rural,bridleway,20647.403369552398
05042,ANTIOQUIA,ANTIOQUIA,rural,cycleway,3441.5557468839156
05042,ANTIOQUIA,ANTIOQUIA,rural,path,21040.568530447286
05042,ANTIOQUIA,ANTIOQUIA,rural,primary,14872.557674932415
05042,ANTIOQUIA,ANTIOQUIA,rural,residential,38131.9838995986
05042,ANTIOQUIA,ANTIOQUIA,rural,secondary,30471.283299756516
05042,ANTIOQUIA,ANTIOQUIA,rural,service,22656.272234954573
05042,ANTIOQUIA,ANTIOQUIA,rural,track,57953.30303855283
05042,ANTIOQUIA,ANTIOQUIA,rural,trunk,24022.01870211511
05042,ANTIOQUIA,ANTIOQUIA,rural,unclassified,167010.67929255206
05042,ANTIOQUIA,ANTIOQUIA,rural,unknown,18199.66044617692
05051,ARBOLETES,ANTIOQUIA,cabecera,footway,285.4294493308023
05051,ARBOLETES,ANTIOQUIA,cabecera,path,976.8759823118305
05051,ARBOLETES,ANTIOQUIA,cabecera,pedestrian,136.82838816791758
05051,ARBOLETES,ANTIOQUIA,cabecera,residential,28531.131285436357
05051,ARBOLETES,ANTIOQUIA,cabecera,secondary,2110.2649029060335
05051,ARBOLETES,ANTIOQUIA,cabecera,service,463.24598000332605
05051,ARBOLETES,ANTIOQUIA,cabecera,steps,53.89834617963113
05051,ARBOLETES,ANTIOQUIA,cabecera,tertiary,555.3160967171059
05051,ARBOLETES,ANTIOQUIA,cabecera,unclassified,84.78478473093432
05051,ARBOLETES,ANTIOQUIA,centro_poblado,pedestrian,1410.79582857152
05051,ARBOLETES,ANTIOQUIA,centro_poblado,residential,12561.73859011266
05051,ARBOLETES,ANTIOQUIA,centro_poblado,tertiary,588.9182239709322
05051,ARBOLETES,ANTIOQUIA,centro_poblado,track,235.91420038051808
05051,ARBOLETES,ANTIOQUIA,centro_poblado,unclassified,1383.8289242829694
05051,ARBOLETES,ANTIOQUIA,rural,bridleway,2682.3458998563656
05051,ARBOLETES,ANTIOQUIA,rural,footway,111.8246979148023
05051,ARBOLETES,ANTIOQUIA,rural,path,10050.778682333746
05051,ARBOLETES,ANTIOQUIA,rural,pedestrian,931.8052673067782
05051,ARBOLETES,ANTIOQUIA,rural,residential,21765.0862155175
05051,ARBOLETES,ANTIOQUIA,rural,secondary,1166.3767267889534
05051,ARBOLETES,ANTIOQUIA,rural,service,5535.43774174353
05051,ARBOLETES,ANTIOQUIA,rural,tertiary,84726.3703950578
05051,ARBOLETES,ANTIOQUIA,rural,track,97836.18566290374
05051,ARBOLETES,ANTIOQUIA,rural,trunk,12741.425362648653
05051,ARBOLETES,ANTIOQUIA,rural,unclassified,165659.11706274652
05055,ARGELIA,ANTIOQUIA,cabecera,bridleway,65.36412549071458
05055,ARGELIA,ANTIOQUIA,cabecera,footway,45.37648343856238
05055,ARGELIA,ANTIOQUIA,cabecera,pedestrian,63.232205447375016
05055,ARGELIA,ANTIOQUIA,cabecera,residential,6210.587991053187
05055,ARGELIA,ANTIOQUIA,cabecera,secondary,239.5778157811568
05055,ARGELIA,ANTIOQUIA,cabecera,service,38.9491458431244
05055,ARGELIA,ANTIOQUIA,cabecera,track,24.594834334345038
05055,ARGELIA,ANTIOQUIA,cabecera,unclassified,134.66016504130215
05055,ARGELIA,ANTIOQUIA,rural,bridleway,71602.60269865264
05055,ARGELIA,ANTIOQUIA,rural,path,16538.813961956963
05055,ARGELIA,ANTIOQUIA,rural,residential,64.93699069489489
05055,ARGELIA,ANTIOQUIA,rural,secondary,8415.297815532442
05055,ARGELIA,ANTIOQUIA,rural,service,771.2595389526646
05055,ARGELIA,ANTIOQUIA,rural,track,13096.696730944537
05055,ARGELIA,ANTIOQUIA,rural,unclassified,22912.58943243949
05079,BARBOSA,ANTIOQUIA,cabecera,footway,1524.661063458029
05079,BARBOSA,ANTIOQUIA,cabecera,path,652.7266101649674
05079,BARBOSA,ANTIOQUIA,cabecera,pedestrian,3490.604258112277
05079,BARBOSA,ANTIOQUIA,cabecera,primary,4431.149134574713
05079,BARBOSA,ANTIOQUIA,cabecera,residential,12134.22711408532
05079,BARBOSA,ANTIOQUIA,cabecera,secondary,654.8451755084584
05079,BARBOSA,ANTIOQUIA,cabecera,service,4428.858543945801
05079,BARBOSA,ANTIOQUIA,cabecera,tertiary,2451.7075389219735
05079,BARBOSA,ANTIOQUIA,cabecera,track,98.85189556697411
05079,BARBOSA,ANTIOQUIA,cabecera,unclassified,4085.170267243088
05079,BARBOSA,ANTIOQUIA,centro_poblado,cycleway,780.31300182204
05079,BARBOSA,ANTIOQUIA,centro_poblado,path,387.50076617573495
05079,BARBOSA,ANTIOQUIA,centro_poblado,pedestrian,128.64371795137848
05079,BARBOSA,ANTIOQUIA,centro_poblado,primary,2584.5786417917598
05079,BARBOSA,ANTIOQUIA,centro_poblado,residential,4155.349548302393
05079,BARBOSA,ANTIOQUIA,centro_poblado,service,824.3181159228366
05079,BARBOSA,ANTIOQUIA,centro_poblado,tertiary,844.6100063898476
05079,BARBOSA,ANTIOQUIA,centro_poblado,trunk,1963.8838794774056
05079,BARBOSA,ANTIOQUIA,centro_poblado,unclassified,3887.3956426030227
05079,BARBOSA,ANTIOQUIA,rural,bridleway,1431.1041146770383
05079,BARBOSA,ANTIOQUIA,rural,cycleway,2303.681410010855
05079,BARBOSA,ANTIOQUIA,rural,footway,3119.4321597099156
05079,BARBOSA,ANTIOQUIA,rural,path,117928.16170657857
05079,BARBOSA,ANTIOQUIA,rural,pedestrian,639.5250423011771
05079,BARBOSA,ANTIOQUIA,rural,primary,16207.766806929536
05079,BARBOSA,ANTIOQUIA,rural,residential,68009.97484679792
05079,BARBOSA,ANTIOQUIA,rural,secondary,26776.103935627336
05079,BARBOSA,ANTIOQUIA,rural,service,71797.95912549883
05079,BARBOSA,ANTIOQUIA,rural,steps,406.98158694524193
05079,BARBOSA,ANTIOQUIA,rural,tertiary,24624.372287385253
05079,BARBOSA,ANTIOQUIA,rural,track,51107.448160948574
05079,BARBOSA,ANTIOQUIA,rural,trunk,61010.22409394549
05079,BARBOSA,ANTIOQUIA,rural,unclassified,227811.37999669646
05091,BETANIA,ANTIOQUIA,cabecera,pedestrian,44.62304487586968
05091,BETANIA,ANTIOQUIA,cabecera,residential,3596.8326524220383
05091,BETANIA,ANTIOQUIA,cabecera,service,112.58447673160482
05091,BETANIA,ANTIOQUIA,cabecera,tertiary,2117.053005574818
05091,BETANIA,ANTIOQUIA,cabecera,unclassified,519.9011121322934
05091,BETANIA,ANTIOQUIA,centro_poblado,unclassified,652.4594707237035
05091,BETANIA,ANTIOQUIA,rural,bridleway,1694.5980361880347
05091,BETANIA,ANTIOQUIA,rural,path,1411.3433032857663
05091,BETANIA,ANTIOQUIA,rural,residential,72.12404526651797
05091,BETANIA,ANTIOQUIA,rural,secondary,7918.429412942369
05091,BETANIA,ANTIOQUIA,rural,service,4223.129323827542
05091,BETANIA,ANTIOQUIA,rural,tertiary,21773.10546775287
05091,BETANIA,ANTIOQUIA,rural,track,147631.91623564356
05091,BETANIA,ANTIOQUIA,rural,unclassified,77031.01779986541
05093,BETULIA,ANTIOQUIA,cabecera,footway,114.185752676082
05093,BETULIA,ANTIOQUIA,cabecera,path,543.4744330512871
05093,BETULIA,ANTIOQUIA,cabecera,pedestrian,412.0986858433889
05093,BETULIA,ANTIOQUIA,cabecera,residential,3515.892053046466
05093,BETULIA,ANTIOQUIA,cabecera,secondary,1311.882098923811
05093,BETULIA,ANTIOQUIA,cabecera,service,330.255586654928
05093,BETULIA,ANTIOQUIA,cabecera,steps,55.513421256132744
05093,BETULIA,ANTIOQUIA,cabecera,tertiary,998.2933008988593
05093,BETULIA,ANTIOQUIA,cabecera,track,324.57445044689075
05093,BETULIA,ANTIOQUIA,centro_poblado,footway,200.73560046518685
05093,BETULIA,ANTIOQUIA,centro_poblado,pedestrian,82.11990860585634
05093,BETULIA,ANTIOQUIA,centro_poblado,residential,1941.5052270183792
05093,BETULIA,ANTIOQUIA,centro_poblado,service,8.42031731358111
05093,BETULIA,ANTIOQUIA,centro_poblado,tertiary,1436.971584753977
05093,BETULIA,ANTIOQUIA,centro_poblado,unclassified,15.48716847282655
05093,BETULIA,ANTIOQUIA,rural,bridleway,1226.911117071554
05093,BETULIA,ANTIOQUIA,rural,footway,109.41803638763328
05093,BETULIA,ANTIOQUIA,rural,path,3308.149858790778
05093,BETULIA,ANTIOQUIA,rural,primary,10539.734492032088
05093,BETULIA,ANTIOQUIA,rural,residential,3489.5668250597755
05093,BETULIA,ANTIOQUIA,rural,secondary,13179.652757068465
05093,BETULIA,ANTIOQUIA,rural,service,3770.5656462863312
05093,BETULIA,ANTIOQUIA,rural,tertiary,121472.54197456973
05093,BETULIA,ANTIOQUIA,rural,track,46176.085896338096
05093,BETULIA,ANTIOQUIA,rural,unclassified,62175.875715072994
05101,BOLIVAR,ANTIOQUIA,cabecera,pedestrian,392.9405444620461
05101,BOLIVAR,ANTIOQUIA,cabecera,primary,4118.090765601589
05101,BOLIVAR,ANTIOQUIA,cabecera,residential,16680.37236290497
05101,BOLIVAR,ANTIOQUIA,cabecera,service,941.945037682208
05101,BOLIVAR,ANTIOQUIA,cabecera,steps,51.383959021921925
05101,BOLIVAR,ANTIOQUIA,cabecera,tertiary,3011.5253550590173
05101,BOLIVAR,ANTIOQUIA,cabecera,track,477.9631793551577
05101,BOLIVAR,ANTIOQUIA,cabecera,unclassified,664.1910405641898
05101,BOLIVAR,ANTIOQUIA,centro_poblado,path,75.4838029588897
05101,BOLIVAR,ANTIOQUIA,centro_poblado,residential,2744.3621936902064
05101,BOLIVAR,ANTIOQUIA,centro_poblado,track,155.7412855208445
05101,BOLIVAR,ANTIOQUIA,centro_poblado,unclassified,849.041078200773
05101,BOLIVAR,ANTIOQUIA,rural,bridleway,6549.495185340662
05101,BOLIVAR,ANTIOQUIA,rural,path,8041.71370424067
05101,BOLIVAR,ANTIOQUIA,rural,pedestrian,54.07497273393328
05101,BOLIVAR,ANTIOQUIA,rural,primary,27027.40723801027
05101,BOLIVAR,ANTIOQUIA,rural,residential,4497.705973760141
05101,BOLIVAR,ANTIOQUIA,rural,secondary,60.27490356706045
05101,BOLIVAR,ANTIOQUIA,rural,service,6620.903983067904
05101,BOLIVAR,ANTIOQUIA,rural,steps,29.24485398978138
05101,BOLIVAR,ANTIOQUIA,rural,tertiary,21744.704090411265
05101,BOLIVAR,ANTIOQUIA,rural,track,146540.13400240784
05101,BOLIVAR,ANTIOQUIA,rural,unclassified,109549.7205339555
05107,BRICEÑO,ANTIOQUIA,cabecera,bridleway,55.57056723938297
05107,BRICEÑO,ANTIOQUIA,cabecera,pedestrian,118.8078875526277
05107,BRICEÑO,ANTIOQUIA,cabecera,residential,3354.0710190996015
05107,BRICEÑO,ANTIOQUIA,cabecera,service,51.579092211751515
05107,BRICEÑO,ANTIOQUIA,cabecera,steps,90.27702500992183
05107,BRICEÑO,ANTIOQUIA,cabecera,tertiary,1555.8147516257186
05107,BRICEÑO,ANTIOQUIA,cabecera,track,455.0745780174649
05107,BRICEÑO,ANTIOQUIA,cabecera,unclassified,182.97533057010753
05107,BRICEÑO,ANTIOQUIA,centro_poblado,path,130.953058994032
05107,BRICEÑO,ANTIOQUIA,centro_poblado,residential,416.06468056394385
05107,BRICEÑO,ANTIOQUIA,centro_poblado,track,170.52279014615488
05107,BRICEÑO,ANTIOQUIA,centro_poblado,unclassified,1582.3558786143453
05107,BRICEÑO,ANTIOQUIA,rural,bridleway,3210.7175226879294
05107,BRICEÑO,ANTIOQUIA,rural,path,8760.483685537294
05107,BRICEÑO,ANTIOQUIA,rural,residential,711.5909771610076
05107,BRICEÑO,ANTIOQUIA,rural,secondary,12603.908721982674
05107,BRICEÑO,ANTIOQUIA,rural,service,22263.70844560224
05107,BRICEÑO,ANTIOQUIA,rural,tertiary,23455.951277058684
05107,BRICEÑO,ANTIOQUIA,rural,track,124032.6265280899
05107,BRICEÑO,ANTIOQUIA,rural,unclassified,79707.06784858342
05120,CACERES,ANTIOQUIA,cabecera,bridleway,882.8594227890935
05120,CACERES,ANTIOQUIA,cabecera,footway,87.11661235387785
05120,CACERES,ANTIOQUIA,cabecera,path,2665.808531561878
05120,CACERES,ANTIOQUIA,cabecera,pedestrian,45.20493089643485
05120,CACERES,ANTIOQUIA,cabecera,residential,17714.25568308304
05120,CACERES,ANTIOQUIA,cabecera,service,87.39980716750125
05120,CACERES,ANTIOQUIA,cabecera,tertiary,1772.7867754795805
05120,CACERES,ANTIOQUIA,cabecera,track,663.3060074121433
05120,CACERES,ANTIOQUIA,centro_poblado,footway,84.27155470229866
05120,CACERES,ANTIOQUIA,centro_poblado,path,1614.8111230440363
05120,CACERES,ANTIOQUIA,centro_poblado,residential,27513.40248290579
05120,CACERES,ANTIOQUIA,centro_poblado,service,83.33109029322875
05120,CACERES,ANTIOQUIA,centro_poblado,tertiary,590.1429307791473
05120,CACERES,ANTIOQUIA,centro_poblado,track,413.9850306541948
05120,CACERES,ANTIOQUIA,centro_poblado,trunk,4400.955575083693
05120,CACERES,ANTIOQUIA,centro_poblado,unclassified,1722.5851402486003
05120,CACERES,ANTIOQUIA,rural,bridleway,15537.438824798017
05120,CACERES,ANTIOQUIA,rural,footway,3085.6406147120747
05120,CACERES,ANTIOQUIA,rural,path,172968.8308889067
05120,CACERES,ANTIOQUIA,rural,pedestrian,203.43146655540332
05120,CACERES,ANTIOQUIA,rural,residential,17144.605209720074
05120,CACERES,ANTIOQUIA,rural,service,31746.787356620924
05120,CACERES,ANTIOQUIA,rural,tertiary,84812.59994999114
05120,CACERES,ANTIOQUIA,rural,track,430235.8808317541
05120,CACERES,ANTIOQUIA,rural,trunk,49486.36002873682
05120,CACERES,ANTIOQUIA,rural,unclassified,199183.13033090802
05125,CAICEDO,ANTIOQUIA,cabecera,footway,60.56620924995883
05125,CAICEDO,ANTIOQUIA,cabecera,path,118.80538798181186
05125,CAICEDO,ANTIOQUIA,cabecera,pedestrian,70.9439443382987
05125,CAICEDO,ANTIOQUIA,cabecera,residential,1908.569954749598
05125,CAICEDO,ANTIOQUIA,cabecera,secondary,469.2561363765301
05125,CAICEDO,ANTIOQUIA,cabecera,steps,156.32885945033667
05125,CAICEDO,ANTIOQUIA,cabecera,tertiary,660.8304489931725
05125,CAICEDO,ANTIOQUIA,cabecera,track,65.04250015388823
05125,CAICEDO,ANTIOQUIA,cabecera,unclassified,28.068156068283567
05125,CAICEDO,ANTIOQUIA,rural,bridleway,3899.2039633860445
05125,CAICEDO,ANTIOQUIA,rural,path,1449.1968887232713
05125,CAICEDO,ANTIOQUIA,rural,secondary,24267.661630960713
05125,CAICEDO,ANTIOQUIA,rural,service,208.24528599635437
05125,CAICEDO,ANTIOQUIA,rural,tertiary,25511.59601534891
05125,CAICEDO,ANTIOQUIA,rural,track,19740.594411756072
05125,CAICEDO,ANTIOQUIA,rural,unclassified,35160.65044909175
05129,CALDAS,ANTIOQUIA,cabecera,footway,8032.633505330957
05129,CALDAS,ANTIOQUIA,cabecera,path,506.45664539623164
05129,CALDAS,ANTIOQUIA,cabecera,pedestrian,1029.3176043728633
05129,CALDAS,ANTIOQUIA,cabecera,residential,44654.91134720766
05129,CALDAS,ANTIOQUIA,cabecera,secondary,6647.269330293617
05129,CALDAS,ANTIOQUIA,cabecera,service,8874.138366546811
05129,CALDAS,ANTIOQUIA,cabecera,steps,217.1942251976685
05129,CALDAS,ANTIOQUIA,cabecera,tertiary,2634.8571231306532
05129,CALDAS,ANTIOQUIA,cabecera,trunk,4207.008337904501
05129,CALDAS,ANTIOQUIA,cabecera,unclassified,1978.72226663314
05129,CALDAS,ANTIOQUIA,centro_poblado,bridleway,2.0789956305146204
05129,CALDAS,ANTIOQUIA,centro_poblado,footway,84.19615445566187
05129,CALDAS,ANTIOQUIA,centro_poblado,path,211.33041519087797
05129,CALDAS,ANTIOQUIA,centro_poblado,pedestrian,31.579145205689485
05129,CALDAS,ANTIOQUIA,centro_poblado,residential,8370.660571736333
05129,CALDAS,ANTIOQUIA,centro_poblado,service,820.2790761842269
05129,CALDAS,ANTIOQUIA,centro_poblado,tertiary,762.4917591833259
05129,CALDAS,ANTIOQUIA,centro_poblado,track,94.4418288424103
05129,CALDAS,ANTIOQUIA,centro_poblado,trunk,1002.4709041793437
05129,CALDAS,ANTIOQUIA,centro_poblado,unclassified,8323.2532797261
05129,CALDAS,ANTIOQUIA,rural,bridleway,7454.899635664204
05129,CALDAS,ANTIOQUIA,rural,footway,2023.6320395147504
05129,CALDAS,ANTIOQUIA,rural,path,11356.06932202781
05129,CALDAS,ANTIOQUIA,rural,pedestrian,384.1037999158748
05129,CALDAS,ANTIOQUIA,rural,primary,12276.845552258432
05129,CALDAS,ANTIOQUIA,rural,residential,28216.759369256382
05129,CALDAS,ANTIOQUIA,rural,secondary,464.522839207059
05129,CALDAS,ANTIOQUIA,rural,service,41170.183299604636
05129,CALDAS,ANTIOQUIA,rural,steps,110.15918991724499
05129,CALDAS,ANTIOQUIA,rural,tertiary,16427.306939914248
05129,CALDAS,ANTIOQUIA,rural,track,106770.76656014776
05129,CALDAS,ANTIOQUIA,rural,trunk,17652.755587717602
05129,CALDAS,ANTIOQUIA,rural,unclassified,67821.95364891559
05134,CAMPAMENTO,ANTIOQUIA,cabecera,bridleway,177.95584805454519
05134,CAMPAMENTO,ANTIOQUIA,cabecera,footway,439.75147024188664
05134,CAMPAMENTO,ANTIOQUIA,cabecera,pedestrian,179.3237132143673
05134,CAMPAMENTO,ANTIOQUIA,cabecera,residential,2576.583211060195
05134,CAMPAMENTO,ANTIOQUIA,cabecera,service,74.6760133931214
05134,CAMPAMENTO,ANTIOQUIA,cabecera,tertiary,1452.6371137084986
05134,CAMPAMENTO,ANTIOQUIA,cabecera,track,46.22591138992153
05134,CAMPAMENTO,ANTIOQUIA,cabecera,unclassified,1160.7350200985322
05134,CAMPAMENTO,ANTIOQUIA,centro_poblado,bridleway,36.573700186292804
05134,CAMPAMENTO,ANTIOQUIA,centro_poblado,path,490.9115832802534
05134,CAMPAMENTO,ANTIOQUIA,centro_poblado,service,434.5534291350243
05134,CAMPAMENTO,ANTIOQUIA,centro_poblado,track,934.6723898630105
05134,CAMPAMENTO,ANTIOQUIA,centro_poblado,unclassified,5027.833867367676
05134,CAMPAMENTO,ANTIOQUIA,rural,bridleway,16175.106282284916
05134,CAMPAMENTO,ANTIOQUIA,rural,footway,302.55913712667217
05134,CAMPAMENTO,ANTIOQUIA,rural,path,15354.1539265414
05134,CAMPAMENTO,ANTIOQUIA,rural,residential,2006.413561322476
05134,CAMPAMENTO,ANTIOQUIA,rural,service,2300.2823899258347
05134,CAMPAMENTO,ANTIOQUIA,rural,tertiary,36099.60605003947
05134,CAMPAMENTO,ANTIOQUIA,rural,track,40349.622073865095
05134,CAMPAMENTO,ANTIOQUIA,rural,unclassified,59721.76309745167
05138,CAÑASGORDAS,ANTIOQUIA,cabecera,footway,169.2070971379486
05138,CAÑASGORDAS,ANTIOQUIA,cabecera,pedestrian,216.25748224978832
05138,CAÑASGORDAS,ANTIOQUIA,cabecera,residential,4498.111514322011
05138,CAÑASGORDAS,ANTIOQUIA,cabecera,service,159.14974227940885
05138,CAÑASGORDAS,ANTIOQUIA,cabecera,tertiary,4314.693520514872
05138,CAÑASGORDAS,ANTIOQUIA,cabecera,track,395.74770267196413
05138,CAÑASGORDAS,ANTIOQUIA,cabecera,trunk,1243.8151491284589
05138,CAÑASGORDAS,ANTIOQUIA,cabecera,unclassified,1114.0991946589943
05138,CAÑASGORDAS,ANTIOQUIA,cabecera,unknown,321.2995032807995
05138,CAÑASGORDAS,ANTIOQUIA,centro_poblado,bridleway,21.213251789129444
05138,CAÑASGORDAS,ANTIOQUIA,centro_poblado,residential,1457.9032626394808
05138,CAÑASGORDAS,ANTIOQUIA,centro_poblado,service,56.959662499843496
05138,CAÑASGORDAS,ANTIOQUIA,centro_poblado,tertiary,1329.4695858548364
05138,CAÑASGORDAS,ANTIOQUIA,centro_poblado,track,128.1437085978958
05138,CAÑASGORDAS,ANTIOQUIA,centro_poblado,unclassified,1255.1499661510834
05138,CAÑASGORDAS,ANTIOQUIA,centro_poblado,unknown,60.92583407802702
05138,CAÑASGORDAS,ANTIOQUIA,rural,bridleway,11370.707065875727
05138,CAÑASGORDAS,ANTIOQUIA,rural,footway,1360.6440848841746
05138,CAÑASGORDAS,ANTIOQUIA,rural,path,132.03665627782442
05138,CAÑASGORDAS,ANTIOQUIA,rural,residential,2894.815860422437
05138,CAÑASGORDAS,ANTIOQUIA,rural,service,3540.158394420218
05138,CAÑASGORDAS,ANTIOQUIA,rural,tertiary,56499.41496039342
05138,CAÑASGORDAS,ANTIOQUIA,rural,track,45480.053965427185
05138,CAÑASGORDAS,ANTIOQUIA,rural,trunk,32601.08163303262
05138,CAÑASGORDAS,ANTIOQUIA,rural,unclassified,108115.80252209085
05138,CAÑASGORDAS,ANTIOQUIA,rural,unknown,6667.079839421341
05147,CAREPA,ANTIOQUIA,cabecera,footway,45.93035338158374
05147,CAREPA,ANTIOQUIA,cabecera,path,77.14512729742614
05147,CAREPA,ANTIOQUIA,cabecera,pedestrian,304.90624517374573
05147,CAREPA,ANTIOQUIA,cabecera,residential,57664.18556843784
05147,CAREPA,ANTIOQUIA,cabecera,secondary,1137.0838872666423
05147,CAREPA,ANTIOQUIA,cabecera,service,2326.256931215251
05147,CAREPA,ANTIOQUIA,cabecera,tertiary,5280.186711067079
05147,CAREPA,ANTIOQUIA,cabecera,unclassified,2353.2316367452945
05147,CAREPA,ANTIOQUIA,centro_poblado,footway,1216.1259767316049
05147,CAREPA,ANTIOQUIA,centro_poblado,path,66.82121927940078
05147,CAREPA,ANTIOQUIA,centro_poblado,residential,9811.530205617439
05147,CAREPA,ANTIOQUIA,centro_poblado,secondary,334.66758165822796
05147,CAREPA,ANTIOQUIA,centro_poblado,service,1497.9811257309775
05147,CAREPA,ANTIOQUIA,centro_poblado,tertiary,358.2559279391313
05147,CAREPA,ANTIOQUIA,centro_poblado,track,78.67375562889207
05147,CAREPA,ANTIOQUIA,centro_poblado,trunk,66.57149471306361
05147,CAREPA,ANTIOQUIA,centro_poblado,unclassified,845.8748004914205
05147,CAREPA,ANTIOQUIA,rural,bridleway,1507.215741101008
05147,CAREPA,ANTIOQUIA,rural,footway,2905.9820807645074
05147,CAREPA,ANTIOQUIA,rural,path,3069.691130366862
05147,CAREPA,ANTIOQUIA,rural,residential,15777.190299274269
05147,CAREPA,ANTIOQUIA,rural,secondary,2612.9377066981438
05147,CAREPA,ANTIOQUIA,rural,service,22138.602303266172
05147,CAREPA,ANTIOQUIA,rural,tertiary,12500.784242413078
05147,CAREPA,ANTIOQUIA,rural,track,91742.7684255731
05147,CAREPA,ANTIOQUIA,rural,trunk,13900.001113016962
05147,CAREPA,ANTIOQUIA,rural,unclassified,92523.26470534915
05148,CARMEN DE VIBORAL,ANTIOQUIA,cabecera,cycleway,3236.910317425338
05148,CARMEN DE VIBORAL,ANTIOQUIA,cabecera,footway,1954.3693372995697
05148,CARMEN DE VIBORAL,ANTIOQUIA,cabecera,path,61.01790819350854
05148,CARMEN DE VIBORAL,ANTIOQUIA,cabecera,pedestrian,1413.3011056529294
05148,CARMEN DE VIBORAL,ANTIOQUIA,cabecera,residential,37399.21868575797
05148,CARMEN DE VIBORAL,ANTIOQUIA,cabecera,secondary,7439.780188817997
05148,CARMEN DE VIBORAL,ANTIOQUIA,cabecera,service,4249.14288030998
05148,CARMEN DE VIBORAL,ANTIOQUIA,cabecera,steps,110.48729504891446
05148,CARMEN DE VIBORAL,ANTIOQUIA,cabecera,tertiary,5375.442745867932
05148,CARMEN DE VIBORAL,ANTIOQUIA,cabecera,track,282.9447612204259
05148,CARMEN DE VIBORAL,ANTIOQUIA,cabecera,unclassified,3526.1700623473535
05148,CARMEN DE VIBORAL,ANTIOQUIA,centro_poblado,primary,30.227218133902014
05148,CARMEN DE VIBORAL,ANTIOQUIA,centro_poblado,residential,1906.5089536119315
05148,CARMEN DE VIBORAL,ANTIOQUIA,centro_poblado,secondary,1451.7249877547954
05148,CARMEN DE VIBORAL,ANTIOQUIA,centro_poblado,service,941.1191028317636
05148,CARMEN DE VIBORAL,ANTIOQUIA,centro_poblado,track,434.2452346664723
05148,CARMEN DE VIBORAL,ANTIOQUIA,centro_poblado,unclassified,1339.367555937694
05148,CARMEN DE VIBORAL,ANTIOQUIA,rural,bridleway,59834.38777949359
05148,CARMEN DE VIBORAL,ANTIOQUIA,rural,footway,143.1998780513954
05148,CARMEN DE VIBORAL,ANTIOQUIA,rural,path,9920.641768494772
05148,CARMEN DE VIBORAL,ANTIOQUIA,rural,primary,7038.662508219042
05148,CARMEN DE VIBORAL,ANTIOQUIA,rural,residential,71603.99692961582
05148,CARMEN DE VIBORAL,ANTIOQUIA,rural,secondary,29203.388311182636
05148,CARMEN DE VIBORAL,ANTIOQUIA,rural,service,81849.71283688255
05148,CARMEN DE VIBORAL,ANTIOQUIA,rural,steps,6.859637615028192
05148,CARMEN DE VIBORAL,ANTIOQUIA,rural,track,135400.46390731508
05148,CARMEN DE VIBORAL,ANTIOQUIA,rural,trunk,4375.845731916165
05148,CARMEN DE VIBORAL,ANTIOQUIA,rural,unclassified,205418.2991715329
05154,CAUCASIA,ANTIOQUIA,cabecera,bridleway,752.0889868812914
05154,CAUCASIA,ANTIOQUIA,cabecera,footway,1851.5089843056917
05154,CAUCASIA,ANTIOQUIA,cabecera,path,1115.8078478822958
05154,CAUCASIA,ANTIOQUIA,cabecera,pedestrian,517.588113909534
05154,CAUCASIA,ANTIOQUIA,cabecera,primary,6059.389583300129
05154,CAUCASIA,ANTIOQUIA,cabecera,residential,135176.60433352855
05154,CAUCASIA,ANTIOQUIA,cabecera,service,14354.600709961462
05154,CAUCASIA,ANTIOQUIA,cabecera,tertiary,2128.9236025866053
05154,CAUCASIA,ANTIOQUIA,cabecera,track,4457.53124979384
05154,CAUCASIA,ANTIOQUIA,cabecera,trunk,9105.450602777724
05154,CAUCASIA,ANTIOQUIA,cabecera,unclassified,5864.1369977562745
05154,CAUCASIA,ANTIOQUIA,centro_poblado,path,1122.9894497348535
05154,CAUCASIA,ANTIOQUIA,centro_poblado,residential,9793.44972857684
05154,CAUCASIA,ANTIOQUIA,centro_poblado,secondary,591.8321609145148
05154,CAUCASIA,ANTIOQUIA,centro_poblado,service,1174.430020840816
05154,CAUCASIA,ANTIOQUIA,centro_poblado,tertiary,992.7548887102024
05154,CAUCASIA,ANTIOQUIA,centro_poblado,track,1994.570352980594
05154,CAUCASIA,ANTIOQUIA,centro_poblado,trunk,1047.2953176987523
05154,CAUCASIA,ANTIOQUIA,centro_poblado,unclassified,549.6515900785535
05154,CAUCASIA,ANTIOQUIA,rural,bridleway,8351.103564119923
05154,CAUCASIA,ANTIOQUIA,rural,footway,4227.17394756077
05154,CAUCASIA,ANTIOQUIA,rural,path,74054.16502624388
05154,CAUCASIA,ANTIOQUIA,rural,pedestrian,6665.151081664286
05154,CAUCASIA,ANTIOQUIA,rural,primary,1556.0213297386942
05154,CAUCASIA,ANTIOQUIA,rural,residential,22729.99332838233
05154,CAUCASIA,ANTIOQUIA,rural,secondary,22018.917522182746
05154,CAUCASIA,ANTIOQUIA,rural,service,17025.757161031266
05154,CAUCASIA,ANTIOQUIA,rural,tertiary,29467.00318027139
05154,CAUCASIA,ANTIOQUIA,rural,track,271742.1907487709
05154,CAUCASIA,ANTIOQUIA,rural,trunk,56946.46610490247
05154,CAUCASIA,ANTIOQUIA,rural,unclassified,205231.23625370234
05172,CHIGORODO,ANTIOQUIA,cabecera,footway,37.64998971177271
05172,CHIGORODO,ANTIOQUIA,cabecera,pedestrian,964.0892657505703
05172,CHIGORODO,ANTIOQUIA,cabecera,residential,83327.51789281865
05172,CHIGORODO,ANTIOQUIA,cabecera,service,818.4600710888108
05172,CHIGORODO,ANTIOQUIA,cabecera,track,273.78691555734173
05172,CHIGORODO,ANTIOQUIA,cabecera,trunk,3277.7614337083937
05172,CHIGORODO,ANTIOQUIA,cabecera,unclassified,2854.308152864628
05172,CHIGORODO,ANTIOQUIA,centro_poblado,residential,2648.9685894042236
05172,CHIGORODO,ANTIOQUIA,centro_poblado,service,35.49910863469698
05172,CHIGORODO,ANTIOQUIA,centro_poblado,track,793.2261202669572
05172,CHIGORODO,ANTIOQUIA,centro_poblado,trunk,820.9918302235664
05172,CHIGORODO,ANTIOQUIA,centro_poblado,unclassified,486.5893119094259
05172,CHIGORODO,ANTIOQUIA,rural,footway,1594.8831757113119
05172,CHIGORODO,ANTIOQUIA,rural,path,397.5644308239432
05172,CHIGORODO,ANTIOQUIA,rural,pedestrian,85.63863485213116
05172,CHIGORODO,ANTIOQUIA,rural,residential,4338.51898687003
05172,CHIGORODO,ANTIOQUIA,rural,service,6678.401416938279
05172,CHIGORODO,ANTIOQUIA,rural,tertiary,9279.624276435165
05172,CHIGORODO,ANTIOQUIA,rural,track,137612.67256197645
05172,CHIGORODO,ANTIOQUIA,rural,trunk,31601.36079891667
05172,CHIGORODO,ANTIOQUIA,rural,unclassified,174781.61516749224
05190,CISNEROS,ANTIOQUIA,cabecera,bridleway,470.934483700742
05190,CISNEROS,ANTIOQUIA,cabecera,footway,557.7641483983017
05190,CISNEROS,ANTIOQUIA,cabecera,path,845.2318128472488
05190,CISNEROS,ANTIOQUIA,cabecera,pedestrian,513.2399039811277
05190,CISNEROS,ANTIOQUIA,cabecera,primary,2599.774993798832
05190,CISNEROS,ANTIOQUIA,cabecera,residential,11527.419171810638
05190,CISNEROS,ANTIOQUIA,cabecera,service,348.9609790762649
05190,CISNEROS,ANTIOQUIA,cabecera,steps,192.3330304620325
05190,CISNEROS,ANTIOQUIA,cabecera,track,37.010685137181426
05190,CISNEROS,ANTIOQUIA,cabecera,trunk,2726.2530123759802
05190,CISNEROS,ANTIOQUIA,cabecera,unclassified,81.50433704453393
05190,CISNEROS,ANTIOQUIA,rural,bridleway,5052.327311778667
05190,CISNEROS,ANTIOQUIA,rural,footway,4.383559172123869
05190,CISNEROS,ANTIOQUIA,rural,path,3249.2569377609348
05190,CISNEROS,ANTIOQUIA,rural,primary,4497.085662116575
05190,CISNEROS,ANTIOQUIA,rural,residential,1575.982629731833
05190,CISNEROS,ANTIOQUIA,rural,service,4033.1778352782735
05190,CISNEROS,ANTIOQUIA,rural,track,1443.8484387952424
05190,CISNEROS,ANTIOQUIA,rural,trunk,2850.7926849383903
05190,CISNEROS,ANTIOQUIA,rural,unclassified,24168.56413865451
05197,COCORNA,ANTIOQUIA,cabecera,bridleway,373.2320994230537
05197,COCORNA,ANTIOQUIA,cabecera,footway,1376.1123032236155
05197,COCORNA,ANTIOQUIA,cabecera,path,821.8778650452685
05197,COCORNA,ANTIOQUIA,cabecera,pedestrian,102.13338412966266
05197,COCORNA,ANTIOQUIA,cabecera,residential,6586.970314906259
05197,COCORNA,ANTIOQUIA,cabecera,secondary,459.8869434562757
05197,COCORNA,ANTIOQUIA,cabecera,service,171.39077973906313
05197,COCORNA,ANTIOQUIA,cabecera,tertiary,1647.6167548292792
05197,COCORNA,ANTIOQUIA,cabecera,track,69.97345219842474
05197,COCORNA,ANTIOQUIA,cabecera,unclassified,131.20995226232827
05197,COCORNA,ANTIOQUIA,centro_poblado,bridleway,41.21779171329639
05197,COCORNA,ANTIOQUIA,centro_poblado,path,147.5209516106394
05197,COCORNA,ANTIOQUIA,centro_poblado,residential,860.7138005191081
05197,COCORNA,ANTIOQUIA,centro_poblado,tertiary,490.28811969664184
05197,COCORNA,ANTIOQUIA,centro_poblado,unclassified,646.3059145727723
05197,COCORNA,ANTIOQUIA,rural,bridleway,11497.831556100899
05197,COCORNA,ANTIOQUIA,rural,footway,955.5924946484394
05197,COCORNA,ANTIOQUIA,rural,path,13217.83868912037
05197,COCORNA,ANTIOQUIA,rural,residential,23427.92154911571
05197,COCORNA,ANTIOQUIA,rural,secondary,6606.58175230649
05197,COCORNA,ANTIOQUIA,rural,service,21694.020491110507
05197,COCORNA,ANTIOQUIA,rural,tertiary,32387.03719952212
05197,COCORNA,ANTIOQUIA,rural,track,11650.027945438618
05197,COCORNA,ANTIOQUIA,rural,trunk,34670.64003689265
05197,COCORNA,ANTIOQUIA,rural,unclassified,98521.59674801535
05209,CONCORDIA,ANTIOQUIA,cabecera,pedestrian,1019.304379002568
05209,CONCORDIA,ANTIOQUIA,cabecera,residential,7632.41981957824
05209,CONCORDIA,ANTIOQUIA,cabecera,secondary,2703.113076736456
05209,CONCORDIA,ANTIOQUIA,cabecera,service,358.8484755967814
05209,CONCORDIA,ANTIOQUIA,cabecera,steps,270.1117913143568
05209,CONCORDIA,ANTIOQUIA,cabecera,tertiary,665.6696849897206
05209,CONCORDIA,ANTIOQUIA,cabecera,track,835.4288707269268
05209,CONCORDIA,ANTIOQUIA,cabecera,unclassified,334.3048509286533
05209,CONCORDIA,ANTIOQUIA,centro_poblado,pedestrian,470.8200504129387
05209,CONCORDIA,ANTIOQUIA,centro_poblado,primary,187.82858053600543
05209,CONCORDIA,ANTIOQUIA,centro_poblado,residential,657.5592671634889
05209,CONCORDIA,ANTIOQUIA,centro_poblado,tertiary,361.0367806496738
05209,CONCORDIA,ANTIOQUIA,centro_poblado,track,146.8959640065074
05209,CONCORDIA,ANTIOQUIA,centro_poblado,unclassified,203.19943686063593
05209,CONCORDIA,ANTIOQUIA,rural,bridleway,2720.134448134989
05209,CONCORDIA,ANTIOQUIA,rural,path,62495.61035076809
05209,CONCORDIA,ANTIOQUIA,rural,pedestrian,258.13507354175476
05209,CONCORDIA,ANTIOQUIA,rural,primary,27192.109979480905
05209,CONCORDIA,ANTIOQUIA,rural,residential,3381.31612809242
05209,CONCORDIA,ANTIOQUIA,rural,secondary,39777.0038047898
05209,CONCORDIA,ANTIOQUIA,rural,service,9474.52181393084
05209,CONCORDIA,ANTIOQUIA,rural,tertiary,42671.93945783519
05209,CONCORDIA,ANTIOQUIA,rural,track,147566.7417502663
05209,CONCORDIA,ANTIOQUIA,rural,unclassified,27975.03786971887
05212,COPACABANA,ANTIOQUIA,cabecera,cycleway,4068.600976945735
05212,COPACABANA,ANTIOQUIA,cabecera,footway,3593.242674040837
05212,COPACABANA,ANTIOQUIA,cabecera,path,154.12435557117195
05212,COPACABANA,ANTIOQUIA,cabecera,pedestrian,266.88353105329077
05212,COPACABANA,ANTIOQUIA,cabecera,residential,56456.67828343002
05212,COPACABANA,ANTIOQUIA,cabecera,secondary,5525.279147418233
05212,COPACABANA,ANTIOQUIA,cabecera,service,15574.195487207144
05212,COPACABANA,ANTIOQUIA,cabecera,steps,492.98100842495876
05212,COPACABANA,ANTIOQUIA,cabecera,tertiary,3417.038389299417
05212,COPACABANA,ANTIOQUIA,cabecera,track,411.6672989537036
05212,COPACABANA,ANTIOQUIA,cabecera,trunk,6905.117287524299
05212,COPACABANA,ANTIOQUIA,cabecera,unclassified,9885.890802155787
05212,COPACABANA,ANTIOQUIA,centro_poblado,path,128.17280532054315
05212,COPACABANA,ANTIOQUIA,centro_poblado,residential,1061.5477781811928
05212,COPACABANA,ANTIOQUIA,centro_poblado,service,280.972221817632
05212,COPACABANA,ANTIOQUIA,centro_poblado,unclassified,1490.8416709366481
05212,COPACABANA,ANTIOQUIA,rural,bridleway,3012.7058737300863
05212,COPACABANA,ANTIOQUIA,rural,cycleway,3513.069980369018
05212,COPACABANA,ANTIOQUIA,rural,footway,469.4660228469228
05212,COPACABANA,ANTIOQUIA,rural,path,17774.910829122295
05212,COPACABANA,ANTIOQUIA,rural,residential,54098.11416618062
05212,COPACABANA,ANTIOQUIA,rural,service,45628.272915679925
05212,COPACABANA,ANTIOQUIA,rural,steps,32.79607870849128
05212,COPACABANA,ANTIOQUIA,rural,tertiary,8798.495380281945
05212,COPACABANA,ANTIOQUIA,rural,track,12616.271138120013
05212,COPACABANA,ANTIOQUIA,rural,trunk,30981.648258614397
05212,COPACABANA,ANTIOQUIA,rural,unclassified,117740.04972757948
05234,DABEIBA,ANTIOQUIA,cabecera,footway,24.446525005585503
05234,DABEIBA,ANTIOQUIA,cabecera,path,228.84832433978988
05234,DABEIBA,ANTIOQUIA,cabecera,pedestrian,119.69488047614516
05234,DABEIBA,ANTIOQUIA,cabecera,residential,15410.594438743408
05234,DABEIBA,ANTIOQUIA,cabecera,secondary,3497.642209620407
05234,DABEIBA,ANTIOQUIA,cabecera,service,928.9586943481693
05234,DABEIBA,ANTIOQUIA,cabecera,tertiary,864.1742042110029
05234,DABEIBA,ANTIOQUIA,cabecera,track,855.3837346006795
05234,DABEIBA,ANTIOQUIA,cabecera,trunk,2621.0774772663763
05234,DABEIBA,ANTIOQUIA,cabecera,unclassified,2541.7277039135897
05234,DABEIBA,ANTIOQUIA,centro_poblado,residential,1444.7667651905901
05234,DABEIBA,ANTIOQUIA,centro_poblado,secondary,70.13899428116514
05234,DABEIBA,ANTIOQUIA,centro_poblado,unclassified,754.0938413535378
05234,DABEIBA,ANTIOQUIA,rural,bridleway,22160.19299088994
05234,DABEIBA,ANTIOQUIA,rural,footway,2355.508801131007
05234,DABEIBA,ANTIOQUIA,rural,path,12429.749768717049
05234,DABEIBA,ANTIOQUIA,rural,pedestrian,40.1579111848048
05234,DABEIBA,ANTIOQUIA,rural,residential,5316.749866347469
05234,DABEIBA,ANTIOQUIA,rural,secondary,18210.475869133552
05234,DABEIBA,ANTIOQUIA,rural,service,2490.491309721441
05234,DABEIBA,ANTIOQUIA,rural,tertiary,1894.7802315511703
05234,DABEIBA,ANTIOQUIA,rural,track,93028.16348674413
05234,DABEIBA,ANTIOQUIA,rural,trunk,50328.85081200508
05234,DABEIBA,ANTIOQUIA,rural,unclassified,155344.27522129423
05237,DON MATIAS,ANTIOQUIA,cabecera,pedestrian,1215.103316937231
05237,DON MATIAS,ANTIOQUIA,cabecera,residential,14517.444077218142
05237,DON MATIAS,ANTIOQUIA,cabecera,secondary,659.0338613206256
05237,DON MATIAS,ANTIOQUIA,cabecera,service,796.4192381341245
05237,DON MATIAS,ANTIOQUIA,cabecera,steps,24.657255881909496
05237,DON MATIAS,ANTIOQUIA,cabecera,trunk,917.4236450433027
05237,DON MATIAS,ANTIOQUIA,cabecera,unclassified,597.8193478830142
05237,DON MATIAS,ANTIOQUIA,centro_poblado,path,24.2090378492058
05237,DON MATIAS,ANTIOQUIA,centro_poblado,pedestrian,83.48988023209414
05237,DON MATIAS,ANTIOQUIA,centro_poblado,residential,35.876680503691965
05237,DON MATIAS,ANTIOQUIA,centro_poblado,service,256.244048875205
05237,DON MATIAS,ANTIOQUIA,centro_poblado,tertiary,430.750091509899
05237,DON MATIAS,ANTIOQUIA,centro_poblado,track,149.77274108026705
05237,DON MATIAS,ANTIOQUIA,centro_poblado,unclassified,1149.5092513022787
05237,DON MATIAS,ANTIOQUIA,rural,bridleway,2681.4229994896464
05237,DON MATIAS,ANTIOQUIA,rural,path,9236.46487030763
05237,DON MATIAS,ANTIOQUIA,rural,pedestrian,60.224416653977855
05237,DON MATIAS,ANTIOQUIA,rural,residential,20229.908617058103
05237,DON MATIAS,ANTIOQUIA,rural,secondary,12441.999867288807
05237,DON MATIAS,ANTIOQUIA,rural,service,67486.62660540822
05237,DON MATIAS,ANTIOQUIA,rural,tertiary,67205.63991437183
05237,DON MATIAS,ANTIOQUIA,rural,track,82836.44545360605
05237,DON MATIAS,ANTIOQUIA,rural,trunk,17495.14131453465
05237,DON MATIAS,ANTIOQUIA,rural,unclassified,183074.78665513056
05240,EBEJICO,ANTIOQUIA,cabecera,pedestrian,62.47862531966105
05240,EBEJICO,ANTIOQUIA,cabecera,residential,3016.897295199768
05240,EBEJICO,ANTIOQUIA,cabecera,secondary,674.1300404389116
05240,EBEJICO,ANTIOQUIA,cabecera,tertiary,1073.2672316142753
05240,EBEJICO,ANTIOQUIA,cabecera,track,143.70471523100557
05240,EBEJICO,ANTIOQUIA,cabecera,unclassified,764.8669035558131
05240,EBEJICO,ANTIOQUIA,centro_poblado,path,184.88228591813868
05240,EBEJICO,ANTIOQUIA,centro_poblado,pedestrian,143.71693169551475
05240,EBEJICO,ANTIOQUIA,centro_poblado,residential,1985.195054258388
05240,EBEJICO,ANTIOQUIA,centro_poblado,secondary,2008.0982030331636
05240,EBEJICO,ANTIOQUIA,centro_poblado,service,39.32218296652833
05240,EBEJICO,ANTIOQUIA,centro_poblado,tertiary,699.4664193282977
05240,EBEJICO,ANTIOQUIA,centro_poblado,track,58.55334194339114
05240,EBEJICO,ANTIOQUIA,centro_poblado,unclassified,693.2557515864274
05240,EBEJICO,ANTIOQUIA,rural,bridleway,15216.786652555398
05240,EBEJICO,ANTIOQUIA,rural,footway,109.93768890205762
05240,EBEJICO,ANTIOQUIA,rural,path,3781.621700403481
05240,EBEJICO,ANTIOQUIA,rural,residential,4377.272522602916
05240,EBEJICO,ANTIOQUIA,rural,secondary,19161.102155462147
05240,EBEJICO,ANTIOQUIA,rural,service,5988.035300286676
05240,EBEJICO,ANTIOQUIA,rural,tertiary,33635.372845462014
05240,EBEJICO,ANTIOQUIA,rural,track,72472.75562012936
05240,EBEJICO,ANTIOQUIA,rural,unclassified,105191.16409954055
05250,EL BAGRE,ANTIOQUIA,cabecera,footway,11.8974909198206
05250,EL BAGRE,ANTIOQUIA,cabecera,path,1630.2986366250773
05250,EL BAGRE,ANTIOQUIA,cabecera,residential,40926.66911031769
05250,EL BAGRE,ANTIOQUIA,cabecera,service,17641.272358056453
05250,EL BAGRE,ANTIOQUIA,cabecera,tertiary,6051.14859148196
05250,EL BAGRE,ANTIOQUIA,cabecera,track,7251.768090982126
05250,EL BAGRE,ANTIOQUIA,cabecera,unclassified,6158.034832593156
05250,EL BAGRE,ANTIOQUIA,centro_poblado,bridleway,2.2959423527955907
05250,EL BAGRE,ANTIOQUIA,centro_poblado,path,128.58673800780193
05250,EL BAGRE,ANTIOQUIA,centro_poblado,pedestrian,554.889119434411
05250,EL BAGRE,ANTIOQUIA,centro_poblado,residential,16212.291543771766
05250,EL BAGRE,ANTIOQUIA,centro_poblado,service,0.5769697151684282
05250,EL BAGRE,ANTIOQUIA,centro_poblado,track,1882.6989283599632
05250,EL BAGRE,ANTIOQUIA,centro_poblado,unclassified,6417.364514960602
05250,EL BAGRE,ANTIOQUIA,rural,bridleway,2537.7027884458507
05250,EL BAGRE,ANTIOQUIA,rural,path,10768.988063362527
05250,EL BAGRE,ANTIOQUIA,rural,pedestrian,30.51468164696703
05250,EL BAGRE,ANTIOQUIA,rural,residential,228.8217348580009
05250,EL BAGRE,ANTIOQUIA,rural,service,3312.7992486274948
05250,EL BAGRE,ANTIOQUIA,rural,track,231549.53244274989
05250,EL BAGRE,ANTIOQUIA,rural,unclassified,93279.55067961426
05264,ENTRERRIOS,ANTIOQUIA,cabecera,footway,733.6672065558765
05264,ENTRERRIOS,ANTIOQUIA,cabecera,pedestrian,241.06599924166989
05264,ENTRERRIOS,ANTIOQUIA,cabecera,residential,8300.12003056955
05264,ENTRERRIOS,ANTIOQUIA,cabecera,secondary,2824.797011726043
05264,ENTRERRIOS,ANTIOQUIA,cabecera,service,813.8557352579842
05264,ENTRERRIOS,ANTIOQUIA,cabecera,tertiary,246.23714193125488
05264,ENTRERRIOS,ANTIOQUIA,cabecera,track,196.2059210207542
05264,ENTRERRIOS,ANTIOQUIA,cabecera,unclassified,714.2284127975266
05264,ENTRERRIOS,ANTIOQUIA,rural,footway,57.294678435812
05264,ENTRERRIOS,ANTIOQUIA,rural,path,455.41694582105345
05264,ENTRERRIOS,ANTIOQUIA,rural,residential,959.4903407887894
05264,ENTRERRIOS,ANTIOQUIA,rural,secondary,18925.521195491812
05264,ENTRERRIOS,ANTIOQUIA,rural,service,4915.394025494658
05264,ENTRERRIOS,ANTIOQUIA,rural,steps,27.466798925538733
05264,ENTRERRIOS,ANTIOQUIA,rural,tertiary,26203.44971596198
05264,ENTRERRIOS,ANTIOQUIA,rural,track,149631.43129725405
05264,ENTRERRIOS,ANTIOQUIA,rural,unclassified,189862.49061181265
05282,FREDONIA,ANTIOQUIA,cabecera,footway,392.4335421489875
05282,FREDONIA,ANTIOQUIA,cabecera,path,588.5587648649035
05282,FREDONIA,ANTIOQUIA,cabecera,residential,8602.500713561034
05282,FREDONIA,ANTIOQUIA,cabecera,secondary,3733.7944694011826
05282,FREDONIA,ANTIOQUIA,cabecera,service,1080.0308468129401
05282,FREDONIA,ANTIOQUIA,cabecera,tertiary,1257.392269502564
05282,FREDONIA,ANTIOQUIA,cabecera,unclassified,1780.3756169851558
05282,FREDONIA,ANTIOQUIA,centro_poblado,footway,76.42682047738255
05282,FREDONIA,ANTIOQUIA,centro_poblado,residential,1108.9567165154049
05282,FREDONIA,ANTIOQUIA,centro_poblado,secondary,1683.5955669456578
05282,FREDONIA,ANTIOQUIA,centro_poblado,service,21.39801597941375
05282,FREDONIA,ANTIOQUIA,centro_poblado,tertiary,372.2407728943888
05282,FREDONIA,ANTIOQUIA,centro_poblado,track,6.745482846541618
05282,FREDONIA,ANTIOQUIA,centro_poblado,unclassified,1833.1798312226779
05282,FREDONIA,ANTIOQUIA,rural,bridleway,3973.1330447912164
05282,FREDONIA,ANTIOQUIA,rural,footway,66.11352361156453
05282,FREDONIA,ANTIOQUIA,rural,path,2851.246968651435
05282,FREDONIA,ANTIOQUIA,rural,residential,20310.60831700119
05282,FREDONIA,ANTIOQUIA,rural,secondary,31920.892052767056
05282,FREDONIA,ANTIOQUIA,rural,service,34562.3319254406
05282,FREDONIA,ANTIOQUIA,rural,tertiary,50163.62028924949
05282,FREDONIA,ANTIOQUIA,rural,track,99019.30529193734
05282,FREDONIA,ANTIOQUIA,rural,unclassified,226280.31070679764
05284,FRONTINO,ANTIOQUIA,cabecera,footway,39.90980422457682
05284,FRONTINO,ANTIOQUIA,cabecera,path,103.04657312966725
05284,FRONTINO,ANTIOQUIA,cabecera,pedestrian,445.7091560743789
05284,FRONTINO,ANTIOQUIA,cabecera,residential,15569.908455551662
05284,FRONTINO,ANTIOQUIA,cabecera,service,633.9030423333712
05284,FRONTINO,ANTIOQUIA,cabecera,tertiary,6454.770914141698
05284,FRONTINO,ANTIOQUIA,cabecera,unclassified,1693.77367462032
05284,FRONTINO,ANTIOQUIA,centro_poblado,footway,262.6583595839336
05284,FRONTINO,ANTIOQUIA,centro_poblado,pedestrian,67.96048306239078
05284,FRONTINO,ANTIOQUIA,centro_poblado,residential,3647.309699196029
05284,FRONTINO,ANTIOQUIA,centro_poblado,tertiary,593.3243814841562
05284,FRONTINO,ANTIOQUIA,centro_poblado,track,155.99104810895366
05284,FRONTINO,ANTIOQUIA,centro_poblado,unclassified,749.5495104969136
05284,FRONTINO,ANTIOQUIA,rural,bridleway,7700.978560641406
05284,FRONTINO,ANTIOQUIA,rural,footway,942.0899794777848
05284,FRONTINO,ANTIOQUIA,rural,path,34407.43230482293
05284,FRONTINO,ANTIOQUIA,rural,pedestrian,153.44579777624642
05284,FRONTINO,ANTIOQUIA,rural,residential,3696.883638669954
05284,FRONTINO,ANTIOQUIA,rural,secondary,4389.059693781647
05284,FRONTINO,ANTIOQUIA,rural,service,4047.3148827425007
05284,FRONTINO,ANTIOQUIA,rural,tertiary,23691.80973337565
05284,FRONTINO,ANTIOQUIA,rural,track,66358.23778494485
05284,FRONTINO,ANTIOQUIA,rural,trunk,501.395646646743
05284,FRONTINO,ANTIOQUIA,rural,unclassified,216680.3539956651
05310,GOMEZ PLATA,ANTIOQUIA,cabecera,footway,332.1472523967987
05310,GOMEZ PLATA,ANTIOQUIA,cabecera,residential,6244.116993787009
05310,GOMEZ PLATA,ANTIOQUIA,cabecera,service,179.04494523794477
05310,GOMEZ PLATA,ANTIOQUIA,cabecera,tertiary,3713.346211543796
05310,GOMEZ PLATA,ANTIOQUIA,cabecera,track,68.17779342061505
05310,GOMEZ PLATA,ANTIOQUIA,cabecera,unclassified,1539.242881191355
05310,GOMEZ PLATA,ANTIOQUIA,centro_poblado,residential,1113.328542901088
05310,GOMEZ PLATA,ANTIOQUIA,centro_poblado,tertiary,943.0796991818893
05310,GOMEZ PLATA,ANTIOQUIA,centro_poblado,unclassified,276.0041052730825
05310,GOMEZ PLATA,ANTIOQUIA,rural,bridleway,3010.2532208357716
05310,GOMEZ PLATA,ANTIOQUIA,rural,footway,1252.9786752336151
05310,GOMEZ PLATA,ANTIOQUIA,rural,path,12617.219181147566
05310,GOMEZ PLATA,ANTIOQUIA,rural,residential,4693.162814605208
05310,GOMEZ PLATA,ANTIOQUIA,rural,service,9092.859150529253
05310,GOMEZ PLATA,ANTIOQUIA,rural,tertiary,39542.62003202142
05310,GOMEZ PLATA,ANTIOQUIA,rural,track,31646.83549917069
05310,GOMEZ PLATA,ANTIOQUIA,rural,unclassified,104299.35605455321
05313,GRANADA,ANTIOQUIA,cabecera,bridleway,106.3110607409943
05313,GRANADA,ANTIOQUIA,cabecera,pedestrian,382.09052484461927
05313,GRANADA,ANTIOQUIA,cabecera,residential,4920.017779991165
05313,GRANADA,ANTIOQUIA,cabecera,secondary,1401.7616041744247
05313,GRANADA,ANTIOQUIA,cabecera,service,155.13882052240422
05313,GRANADA,ANTIOQUIA,cabecera,steps,89.49060929613869
05313,GRANADA,ANTIOQUIA,cabecera,tertiary,540.1837945455561
05313,GRANADA,ANTIOQUIA,cabecera,track,96.41102341403702
05313,GRANADA,ANTIOQUIA,cabecera,unclassified,151.52586995570488
05313,GRANADA,ANTIOQUIA,centro_poblado,footway,118.98553062423179
05313,GRANADA,ANTIOQUIA,centro_poblado,pedestrian,110.62665589174483
05313,GRANADA,ANTIOQUIA,centro_poblado,residential,683.6030518691515
05313,GRANADA,ANTIOQUIA,centro_poblado,steps,42.5133908025552
05313,GRANADA,ANTIOQUIA,centro_poblado,tertiary,165.39310825165748
05313,GRANADA,ANTIOQUIA,centro_poblado,unclassified,457.600470207745
05313,GRANADA,ANTIOQUIA,rural,bridleway,13769.489369526824
05313,GRANADA,ANTIOQUIA,rural,footway,126.13607869800717
05313,GRANADA,ANTIOQUIA,rural,path,14423.890192938632
05313,GRANADA,ANTIOQUIA,rural,residential,421.79437361144414
05313,GRANADA,ANTIOQUIA,rural,secondary,26095.22259275019
05313,GRANADA,ANTIOQUIA,rural,service,9672.195808732806
05313,GRANADA,ANTIOQUIA,rural,tertiary,27873.808234461983
05313,GRANADA,ANTIOQUIA,rural,track,20243.032658849774
05313,GRANADA,ANTIOQUIA,rural,unclassified,82460.57827230301
05318,GUARNE,ANTIOQUIA,cabecera,cycleway,1286.2083410178832
05318,GUARNE,ANTIOQUIA,cabecera,footway,2906.5410323351734
05318,GUARNE,ANTIOQUIA,cabecera,living_street,95.44702913674148
05318,GUARNE,ANTIOQUIA,cabecera,path,340.7064899308804
05318,GUARNE,ANTIOQUIA,cabecera,pedestrian,1538.640292047038
05318,GUARNE,ANTIOQUIA,cabecera,residential,16529.71122636312
05318,GUARNE,ANTIOQUIA,cabecera,service,2371.144407505679
05318,GUARNE,ANTIOQUIA,cabecera,steps,123.99927959707145
05318,GUARNE,ANTIOQUIA,cabecera,tertiary,6920.287415002643
05318,GUARNE,ANTIOQUIA,cabecera,track,52.69107569884779
05318,GUARNE,ANTIOQUIA,cabecera,trunk,2259.0056423962023
05318,GUARNE,ANTIOQUIA,cabecera,unclassified,3256.338478898167
05318,GUARNE,ANTIOQUIA,centro_poblado,footway,25.543886650312906
05318,GUARNE,ANTIOQUIA,centro_poblado,residential,1225.3951299106807
05318,GUARNE,ANTIOQUIA,centro_poblado,service,881.5924374791141
05318,GUARNE,ANTIOQUIA,centro_poblado,steps,30.767031742900688
05318,GUARNE,ANTIOQUIA,centro_poblado,trunk,525.3504024195045
05318,GUARNE,ANTIOQUIA,centro_poblado,unclassified,3343.047394102898
05318,GUARNE,ANTIOQUIA,rural,bridleway,21952.81027076722
05318,GUARNE,ANTIOQUIA,rural,footway,4314.33629666813
05318,GUARNE,ANTIOQUIA,rural,path,18598.677659070312
05318,GUARNE,ANTIOQUIA,rural,pedestrian,93.01817230718922
05318,GUARNE,ANTIOQUIA,rural,primary,5860.875380951443
05318,GUARNE,ANTIOQUIA,rural,residential,132057.46614829163
05318,GUARNE,ANTIOQUIA,rural,secondary,4507.199368511166
05318,GUARNE,ANTIOQUIA,rural,service,170221.16218278633
05318,GUARNE,ANTIOQUIA,rural,steps,400.5445559715817
05318,GUARNE,ANTIOQUIA,rural,tertiary,37077.475492415295
05318,GUARNE,ANTIOQUIA,rural,track,35457.809373193064
05318,GUARNE,ANTIOQUIA,rural,trunk,32022.292140741974
05318,GUARNE,ANTIOQUIA,rural,unclassified,321367.88992615126
05318,GUARNE,ANTIOQUIA,rural,unknown,30.516144126467513
05361,ITUANGO,ANTIOQUIA,cabecera,footway,519.460560502748
05361,ITUANGO,ANTIOQUIA,cabecera,path,147.08350621041976
05361,ITUANGO,ANTIOQUIA,cabecera,pedestrian,438.24668882213126
05361,ITUANGO,ANTIOQUIA,cabecera,residential,10561.513993634571
05361,ITUANGO,ANTIOQUIA,cabecera,secondary,1188.2472800491762
05361,ITUANGO,ANTIOQUIA,cabecera,service,69.52967560760042
05361,ITUANGO,ANTIOQUIA,cabecera,track,122.02597889180717
05361,ITUANGO,ANTIOQUIA,cabecera,unclassified,1230.9683673419781
05361,ITUANGO,ANTIOQUIA,centro_poblado,bridleway,561.75252438458
05361,ITUANGO,ANTIOQUIA,centro_poblado,footway,116.12232130290514
05361,ITUANGO,ANTIOQUIA,centro_poblado,path,320.9816146698868
05361,ITUANGO,ANTIOQUIA,centro_poblado,pedestrian,2737.2873604232495
05361,ITUANGO,ANTIOQUIA,centro_poblado,residential,4000.1098123831816
05361,ITUANGO,ANTIOQUIA,centro_poblado,service,102.63634092604924
05361,ITUANGO,ANTIOQUIA,centro_poblado,track,145.8478204202147
05361,ITUANGO,ANTIOQUIA,centro_poblado,unclassified,456.27872256380033
05361,ITUANGO,ANTIOQUIA,rural,bridleway,55321.5141220328
05361,ITUANGO,ANTIOQUIA,rural,footway,353.9814333345572
05361,ITUANGO,ANTIOQUIA,rural,path,57408.35594004428
05361,ITUANGO,ANTIOQUIA,rural,pedestrian,587.9788416603278
05361,ITUANGO,ANTIOQUIA,rural,residential,2903.821685209733
05361,ITUANGO,ANTIOQUIA,rural,secondary,33599.49988869084
05361,ITUANGO,ANTIOQUIA,rural,service,7631.6953540313425
05361,ITUANGO,ANTIOQUIA,rural,track,37155.83551000162
05361,ITUANGO,ANTIOQUIA,rural,unclassified,185379.3339860378
05364,JARDIN,ANTIOQUIA,cabecera,path,1207.8191852426403
05364,JARDIN,ANTIOQUIA,cabecera,pedestrian,178.03827833487884
05364,JARDIN,ANTIOQUIA,cabecera,residential,11555.264141748428
05364,JARDIN,ANTIOQUIA,cabecera,secondary,2429.116174483293
05364,JARDIN,ANTIOQUIA,cabecera,service,645.245388979031
05364,JARDIN,ANTIOQUIA,cabecera,track,186.00932262182164
05364,JARDIN,ANTIOQUIA,cabecera,unclassified,2758.865174034042
05364,JARDIN,ANTIOQUIA,centro_poblado,bridleway,189.8816943912612
05364,JARDIN,ANTIOQUIA,centro_poblado,residential,516.4699451974378
05364,JARDIN,ANTIOQUIA,centro_poblado,secondary,216.36035113925362
05364,JARDIN,ANTIOQUIA,centro_poblado,service,465.2560672542898
05364,JARDIN,ANTIOQUIA,centro_poblado,unclassified,1607.0888554364333
05364,JARDIN,ANTIOQUIA,rural,bridleway,1945.4326893722518
05364,JARDIN,ANTIOQUIA,rural,footway,329.73939458878453
05364,JARDIN,ANTIOQUIA,rural,path,24150.631395071196
05364,JARDIN,ANTIOQUIA,rural,residential,21720.410876425714
05364,JARDIN,ANTIOQUIA,rural,secondary,30377.25113723265
05364,JARDIN,ANTIOQUIA,rural,service,25781.05140570904
05364,JARDIN,ANTIOQUIA,rural,track,49623.08119077939
05364,JARDIN,ANTIOQUIA,rural,unclassified,116520.37819214787
05368,JERICO,ANTIOQUIA,cabecera,footway,479.48410111386755
05368,JERICO,ANTIOQUIA,cabecera,path,1180.7848312471433
05368,JERICO,ANTIOQUIA,cabecera,residential,8769.712093324
05368,JERICO,ANTIOQUIA,cabecera,service,417.90005783829406
05368,JERICO,ANTIOQUIA,cabecera,steps,250.58905424034327
05368,JERICO,ANTIOQUIA,cabecera,tertiary,4816.055899144986
05368,JERICO,ANTIOQUIA,cabecera,unclassified,4725.867413617532
05368,JERICO,ANTIOQUIA,centro_poblado,residential,5.459016919118691
05368,JERICO,ANTIOQUIA,centro_poblado,tertiary,322.96217778754357
05368,JERICO,ANTIOQUIA,centro_poblado,unclassified,1002.0113026513561
05368,JERICO,ANTIOQUIA,rural,bridleway,307.076962475307
05368,JERICO,ANTIOQUIA,rural,footway,3362.132106904588
05368,JERICO,ANTIOQUIA,rural,path,11163.234362107489
05368,JERICO,ANTIOQUIA,rural,residential,5917.538280131536
05368,JERICO,ANTIOQUIA,rural,secondary,6059.450967852727
05368,JERICO,ANTIOQUIA,rural,service,20227.59812083313
05368,JERICO,ANTIOQUIA,rural,tertiary,56065.57954599099
05368,JERICO,ANTIOQUIA,rural,track,25006.883937953113
05368,JERICO,ANTIOQUIA,rural,trunk,30268.49690656666
05368,JERICO,ANTIOQUIA,rural,unclassified,162850.95293631172
05376,LA CEJA,ANTIOQUIA,cabecera,footway,1521.0432269520459
05376,LA CEJA,ANTIOQUIA,cabecera,path,457.6728494174152
05376,LA CEJA,ANTIOQUIA,cabecera,pedestrian,1683.1323363215852
05376,LA CEJA,ANTIOQUIA,cabecera,primary,5875.489406209962
05376,LA CEJA,ANTIOQUIA,cabecera,residential,67302.7344508496
05376,LA CEJA,ANTIOQUIA,cabecera,secondary,3959.8256437707787
05376,LA CEJA,ANTIOQUIA,cabecera,service,5016.803560408645
05376,LA CEJA,ANTIOQUIA,cabecera,tertiary,120.20777620907805
05376,LA CEJA,ANTIOQUIA,cabecera,unclassified,3418.9923122802866
05376,LA CEJA,ANTIOQUIA,centro_poblado,residential,1960.3025691688163
05376,LA CEJA,ANTIOQUIA,centro_poblado,secondary,644.5247737780816
05376,LA CEJA,ANTIOQUIA,centro_poblado,service,1032.8005487519615
05376,LA CEJA,ANTIOQUIA,centro_poblado,tertiary,747.1189355364936
05376,LA CEJA,ANTIOQUIA,centro_poblado,track,212.10420874877897
05376,LA CEJA,ANTIOQUIA,centro_poblado,unclassified,1319.7446489171066
05376,LA CEJA,ANTIOQUIA,rural,bridleway,3539.6841791588427
05376,LA CEJA,ANTIOQUIA,rural,footway,671.9434476841496
05376,LA CEJA,ANTIOQUIA,rural,path,844.0225020798703
05376,LA CEJA,ANTIOQUIA,rural,primary,16029.882371584106
05376,LA CEJA,ANTIOQUIA,rural,residential,35379.22021717341
05376,LA CEJA,ANTIOQUIA,rural,secondary,16115.430169938056
05376,LA CEJA,ANTIOQUIA,rural,service,87980.06953026816
05376,LA CEJA,ANTIOQUIA,rural,tertiary,19354.22749197574
05376,LA CEJA,ANTIOQUIA,rural,track,69308.91986934736
05376,LA CEJA,ANTIOQUIA,rural,unclassified,175061.03596117388
05380,LA ESTRELLA,ANTIOQUIA,cabecera,cycleway,1435.9381084173374
05380,LA ESTRELLA,ANTIOQUIA,cabecera,footway,5046.081399593203
05380,LA ESTRELLA,ANTIOQUIA,cabecera,path,108.75610440720767
05380,LA ESTRELLA,ANTIOQUIA,cabecera,pedestrian,166.70872417814934
05380,LA ESTRELLA,ANTIOQUIA,cabecera,residential,48210.39153196431
05380,LA ESTRELLA,ANTIOQUIA,cabecera,secondary,5176.398395345539
05380,LA ESTRELLA,ANTIOQUIA,cabecera,service,31089.935087043923
05380,LA ESTRELLA,ANTIOQUIA,cabecera,steps,238.72394278028187
05380,LA ESTRELLA,ANTIOQUIA,cabecera,tertiary,14449.934770103677
05380,LA ESTRELLA,ANTIOQUIA,cabecera,trunk,2972.7876139387654
05380,LA ESTRELLA,ANTIOQUIA,cabecera,unclassified,2696.630128121406
05380,LA ESTRELLA,ANTIOQUIA,centro_poblado,footway,284.3387118973928
05380,LA ESTRELLA,ANTIOQUIA,centro_poblado,residential,4115.469523438101
05380,LA ESTRELLA,ANTIOQUIA,centro_poblado,service,318.96813449850896
05380,LA ESTRELLA,ANTIOQUIA,centro_poblado,steps,28.569512545310413
05380,LA ESTRELLA,ANTIOQUIA,centro_poblado,tertiary,664.2085673774172
05380,LA ESTRELLA,ANTIOQUIA,centro_poblado,trunk,142.9350371728466
05380,LA ESTRELLA,ANTIOQUIA,centro_poblado,unclassified,581.0162735604015
05380,LA ESTRELLA,ANTIOQUIA,rural,bridleway,403.57129407973883
05380,LA ESTRELLA,ANTIOQUIA,rural,footway,2279.0322907396258
05380,LA ESTRELLA,ANTIOQUIA,rural,path,10313.34074771491
05380,LA ESTRELLA,ANTIOQUIA,rural,residential,49018.54475746447
05380,LA ESTRELLA,ANTIOQUIA,rural,secondary,414.6590785803188
05380,LA ESTRELLA,ANTIOQUIA,rural,service,21159.205724138046
05380,LA ESTRELLA,ANTIOQUIA,rural,steps,2.933397010152969
05380,LA ESTRELLA,ANTIOQUIA,rural,tertiary,1845.8208586814364
05380,LA ESTRELLA,ANTIOQUIA,rural,track,11150.067034424917
05380,LA ESTRELLA,ANTIOQUIA,rural,trunk,9548.706079508696
05380,LA ESTRELLA,ANTIOQUIA,rural,unclassified,10546.009841222838
05400,LA UNION,ANTIOQUIA,cabecera,footway,193.9570009178706
05400,LA UNION,ANTIOQUIA,cabecera,path,74.06806640811224
05400,LA UNION,ANTIOQUIA,cabecera,pedestrian,308.16732158705275
05400,LA UNION,ANTIOQUIA,cabecera,primary,1761.3370338811776
05400,LA UNION,ANTIOQUIA,cabecera,residential,13514.892032447384
05400,LA UNION,ANTIOQUIA,cabecera,secondary,1167.1176489726042
05400,LA UNION,ANTIOQUIA,cabecera,service,1152.9850788449237
05400,LA UNION,ANTIOQUIA,cabecera,track,164.12906925271176
05400,LA UNION,ANTIOQUIA,cabecera,unclassified,607.13338290848
05400,LA UNION,ANTIOQUIA,centro_poblado,primary,42.53325346825268
05400,LA UNION,ANTIOQUIA,centro_poblado,residential,1136.2658764369787
05400,LA UNION,ANTIOQUIA,centro_poblado,tertiary,232.39486282583863
05400,LA UNION,ANTIOQUIA,centro_poblado,unclassified,3.6672899754742394
05400,LA UNION,ANTIOQUIA,rural,bridleway,4467.290543576064
05400,LA UNION,ANTIOQUIA,rural,footway,92.33026068331637
05400,LA UNION,ANTIOQUIA,rural,path,5357.270207581139
05400,LA UNION,ANTIOQUIA,rural,pedestrian,62.05165057100989
05400,LA UNION,ANTIOQUIA,rural,primary,26054.98836668878
05400,LA UNION,ANTIOQUIA,rural,residential,18404.451851162623
05400,LA UNION,ANTIOQUIA,rural,secondary,12067.777041735459
05400,LA UNION,ANTIOQUIA,rural,service,30350.812315537823
05400,LA UNION,ANTIOQUIA,rural,tertiary,6446.428882721631
05400,LA UNION,ANTIOQUIA,rural,track,148806.05079132444
05400,LA UNION,ANTIOQUIA,rural,unclassified,166405.67295775877
05411,LIBORINA,ANTIOQUIA,cabecera,footway,17.791294403706587
05411,LIBORINA,ANTIOQUIA,cabecera,pedestrian,191.2895604554193
05411,LIBORINA,ANTIOQUIA,cabecera,residential,2732.4672899566585
05411,LIBORINA,ANTIOQUIA,cabecera,secondary,1521.1086079726751
05411,LIBORINA,ANTIOQUIA,cabecera,service,148.20943109681093
05411,LIBORINA,ANTIOQUIA,cabecera,steps,260.57753050321793
05411,LIBORINA,ANTIOQUIA,cabecera,tertiary,368.9489634339254
05411,LIBORINA,ANTIOQUIA,cabecera,unclassified,296.9284292605884
05411,LIBORINA,ANTIOQUIA,centro_poblado,bridleway,47.40859255147238
05411,LIBORINA,ANTIOQUIA,centro_poblado,footway,36.99874109245586
05411,LIBORINA,ANTIOQUIA,centro_poblado,pedestrian,180.02843584481712
05411,LIBORINA,ANTIOQUIA,centro_poblado,residential,3875.5241951481567
05411,LIBORINA,ANTIOQUIA,centro_poblado,secondary,1036.9565656780708
05411,LIBORINA,ANTIOQUIA,centro_poblado,service,69.04990907634094
05411,LIBORINA,ANTIOQUIA,centro_poblado,tertiary,685.7497311982189
05411,LIBORINA,ANTIOQUIA,centro_poblado,track,468.02244491048117
05411,LIBORINA,ANTIOQUIA,centro_poblado,unclassified,2238.30635789756
05411,LIBORINA,ANTIOQUIA,rural,bridleway,23730.072357508678
05411,LIBORINA,ANTIOQUIA,rural,path,6384.524333910287
05411,LIBORINA,ANTIOQUIA,rural,pedestrian,45.05677798532264
05411,LIBORINA,ANTIOQUIA,rural,residential,576.0966435148556
05411,LIBORINA,ANTIOQUIA,rural,secondary,25231.885865660115
05411,LIBORINA,ANTIOQUIA,rural,service,98.81863469668231
05411,LIBORINA,ANTIOQUIA,rural,steps,6.498139770354493
05411,LIBORINA,ANTIOQUIA,rural,tertiary,26184.585933472543
05411,LIBORINA,ANTIOQUIA,rural,track,67716.13275357215
05411,LIBORINA,ANTIOQUIA,rural,unclassified,43312.43091216173
05440,MARINILLA,ANTIOQUIA,cabecera,cycleway,2745.249742040217
05440,MARINILLA,ANTIOQUIA,cabecera,footway,16085.954992297486
05440,MARINILLA,ANTIOQUIA,cabecera,path,129.6149060440563
05440,MARINILLA,ANTIOQUIA,cabecera,pedestrian,1079.7360705888923
05440,MARINILLA,ANTIOQUIA,cabecera,primary,630.6562469199688
05440,MARINILLA,ANTIOQUIA,cabecera,residential,44232.93677997913
05440,MARINILLA,ANTIOQUIA,cabecera,secondary,4607.854794222312
05440,MARINILLA,ANTIOQUIA,cabecera,service,12935.025893003085
05440,MARINILLA,ANTIOQUIA,cabecera,steps,624.5798783372156
05440,MARINILLA,ANTIOQUIA,cabecera,tertiary,2124.263833513036
05440,MARINILLA,ANTIOQUIA,cabecera,track,89.56492266757093
05440,MARINILLA,ANTIOQUIA,cabecera,trunk,10489.522520853196
05440,MARINILLA,ANTIOQUIA,cabecera,unclassified,5277.001275091922
05440,MARINILLA,ANTIOQUIA,cabecera,unknown,173.9801191688793
05440,MARINILLA,ANTIOQUIA,rural,footway,1450.3487712095932
05440,MARINILLA,ANTIOQUIA,rural,path,644.624199733337
05440,MARINILLA,ANTIOQUIA,rural,primary,1669.676617374709
05440,MARINILLA,ANTIOQUIA,rural,residential,110661.58094113892
05440,MARINILLA,ANTIOQUIA,rural,secondary,15526.689821111686
05440,MARINILLA,ANTIOQUIA,rural,service,121790.92381793977
05440,MARINILLA,ANTIOQUIA,rural,steps,0.30154500824889113
05440,MARINILLA,ANTIOQUIA,rural,tertiary,226.030751359293
05440,MARINILLA,ANTIOQUIA,rural,track,13567.857926897306
05440,MARINILLA,ANTIOQUIA,rural,trunk,7780.662271850251
05440,MARINILLA,ANTIOQUIA,rural,unclassified,200316.7895740075
05480,MUTATA,ANTIOQUIA,cabecera,footway,136.6442320366779
05480,MUTATA,ANTIOQUIA,cabecera,pedestrian,351.49977839941783
05480,MUTATA,ANTIOQUIA,cabecera,residential,12314.811307678814
05480,MUTATA,ANTIOQUIA,cabecera,service,52.44970930003443
05480,MUTATA,ANTIOQUIA,cabecera,trunk,936.4747891160273
05480,MUTATA,ANTIOQUIA,cabecera,unclassified,141.5766075612997
05480,MUTATA,ANTIOQUIA,cabecera,unknown,194.77490661507497
05480,MUTATA,ANTIOQUIA,centro_poblado,footway,51.73276628428649
05480,MUTATA,ANTIOQUIA,centro_poblado,residential,7221.530414137486
05480,MUTATA,ANTIOQUIA,centro_poblado,service,207.4144494710402
05480,MUTATA,ANTIOQUIA,centro_poblado,tertiary,13.692370751333305
05480,MUTATA,ANTIOQUIA,centro_poblado,track,41.877455497246444
05480,MUTATA,ANTIOQUIA,centro_poblado,trunk,2531.3569357090432
05480,MUTATA,ANTIOQUIA,centro_poblado,unclassified,819.8584093565637
05480,MUTATA,ANTIOQUIA,rural,bridleway,6114.626651947832
05480,MUTATA,ANTIOQUIA,rural,path,5678.765540323659
05480,MUTATA,ANTIOQUIA,rural,pedestrian,379.94602742321524
05480,MUTATA,ANTIOQUIA,rural,residential,12032.930152567087
05480,MUTATA,ANTIOQUIA,rural,service,4925.421138901854
05480,MUTATA,ANTIOQUIA,rural,tertiary,18438.63726679693
05480,MUTATA,ANTIOQUIA,rural,track,43513.68516227378
05480,MUTATA,ANTIOQUIA,rural,trunk,41891.96657999497
05480,MUTATA,ANTIOQUIA,rural,unclassified,83412.20624021912
05480,MUTATA,ANTIOQUIA,rural,unknown,507.3280924601048
05483,NARIÑO,ANTIOQUIA,cabecera,bridleway,66.80319209970844
05483,NARIÑO,ANTIOQUIA,cabecera,path,302.07255144690527
05483,NARIÑO,ANTIOQUIA,cabecera,residential,3348.0259380384473
05483,NARIÑO,ANTIOQUIA,cabecera,secondary,703.5331507240886
05483,NARIÑO,ANTIOQUIA,cabecera,service,7.5624439410287785
05483,NARIÑO,ANTIOQUIA,cabecera,steps,26.240849094043895
05483,NARIÑO,ANTIOQUIA,cabecera,tertiary,1840.0208274573831
05483,NARIÑO,ANTIOQUIA,cabecera,unclassified,352.527386205908
05483,NARIÑO,ANTIOQUIA,centro_poblado,pedestrian,460.96054266900575
05483,NARIÑO,ANTIOQUIA,centro_poblado,residential,1188.2486016498315
05483,NARIÑO,ANTIOQUIA,centro_poblado,unclassified,5.974763558078571
05483,NARIÑO,ANTIOQUIA,rural,bridleway,20820.76273624625
05483,NARIÑO,ANTIOQUIA,rural,path,7377.0235584021475
05483,NARIÑO,ANTIOQUIA,rural,pedestrian,120.96843780184525
05483,NARIÑO,ANTIOQUIA,rural,residential,507.15423434793354
05483,NARIÑO,ANTIOQUIA,rural,secondary,36090.6826680043
05483,NARIÑO,ANTIOQUIA,rural,service,311.83190568515903
05483,NARIÑO,ANTIOQUIA,rural,tertiary,5061.721590361947
05483,NARIÑO,ANTIOQUIA,rural,track,8331.873269231455
05483,NARIÑO,ANTIOQUIA,rural,unclassified,47666.76072595308
05490,NECOCLI,ANTIOQUIA,cabecera,footway,111.99988293169328
05490,NECOCLI,ANTIOQUIA,cabecera,path,906.547552964406
05490,NECOCLI,ANTIOQUIA,cabecera,pedestrian,892.2317996378313
05490,NECOCLI,ANTIOQUIA,cabecera,residential,21604.214673829876
05490,NECOCLI,ANTIOQUIA,cabecera,service,817.7834813141977
05490,NECOCLI,ANTIOQUIA,cabecera,tertiary,1383.032391109551
05490,NECOCLI,ANTIOQUIA,cabecera,track,637.3554700660978
05490,NECOCLI,ANTIOQUIA,cabecera,trunk,1999.8228212852325
05490,NECOCLI,ANTIOQUIA,cabecera,unclassified,7184.956393614019
05490,NECOCLI,ANTIOQUIA,centro_poblado,footway,692.3971110859452
05490,NECOCLI,ANTIOQUIA,centro_poblado,path,706.838610258262
05490,NECOCLI,ANTIOQUIA,centro_poblado,pedestrian,104.50856685920984
05490,NECOCLI,ANTIOQUIA,centro_poblado,residential,35151.33870248586
05490,NECOCLI,ANTIOQUIA,centro_poblado,secondary,1755.73204804328
05490,NECOCLI,ANTIOQUIA,centro_poblado,service,246.57079281095426
05490,NECOCLI,ANTIOQUIA,centro_poblado,tertiary,3412.371542300068
05490,NECOCLI,ANTIOQUIA,centro_poblado,track,1375.281203277725
05490,NECOCLI,ANTIOQUIA,centro_poblado,trunk,2014.4340139034693
05490,NECOCLI,ANTIOQUIA,centro_poblado,unclassified,8995.577777795983
05490,NECOCLI,ANTIOQUIA,rural,bridleway,13117.014812823261
05490,NECOCLI,ANTIOQUIA,rural,footway,19444.08959362636
05490,NECOCLI,ANTIOQUIA,rural,path,382381.0197762622
05490,NECOCLI,ANTIOQUIA,rural,pedestrian,3.303686168630407
05490,NECOCLI,ANTIOQUIA,rural,residential,21819.726316868793
05490,NECOCLI,ANTIOQUIA,rural,secondary,24331.37760385522
05490,NECOCLI,ANTIOQUIA,rural,service,11920.78141838937
05490,NECOCLI,ANTIOQUIA,rural,tertiary,42320.02964290984
05490,NECOCLI,ANTIOQUIA,rural,track,492676.29831664276
05490,NECOCLI,ANTIOQUIA,rural,trunk,63071.05473259995
05490,NECOCLI,ANTIOQUIA,rural,unclassified,634657.5791897957
05495,NECHI,ANTIOQUIA,cabecera,bridleway,483.2082132420689
05495,NECHI,ANTIOQUIA,cabecera,path,125.98611869921181
05495,NECHI,ANTIOQUIA,cabecera,pedestrian,1471.4259031471775
05495,NECHI,ANTIOQUIA,cabecera,residential,17680.00864865409
05495,NECHI,ANTIOQUIA,cabecera,secondary,2413.71196563802
05495,NECHI,ANTIOQUIA,cabecera,service,106.83804705015177
05495,NECHI,ANTIOQUIA,cabecera,track,34.9276783166403
05495,NECHI,ANTIOQUIA,cabecera,unclassified,186.1360709301882
05495,NECHI,ANTIOQUIA,centro_poblado,path,142.16590235932992
05495,NECHI,ANTIOQUIA,centro_poblado,pedestrian,44.2289823618358
05495,NECHI,ANTIOQUIA,centro_poblado,residential,7707.083363007538
05495,NECHI,ANTIOQUIA,centro_poblado,track,939.2540986912378
05495,NECHI,ANTIOQUIA,centro_poblado,unclassified,1290.700567292797
05495,NECHI,ANTIOQUIA,rural,bridleway,8349.394783339616
05495,NECHI,ANTIOQUIA,rural,footway,3485.5040451253203
05495,NECHI,ANTIOQUIA,rural,path,48597.51806338545
05495,NECHI,ANTIOQUIA,rural,pedestrian,288.61366728117406
05495,NECHI,ANTIOQUIA,rural,residential,4728.261796854355
05495,NECHI,ANTIOQUIA,rural,secondary,24784.410498288213
05495,NECHI,ANTIOQUIA,rural,service,3520.0680749758776
05495,NECHI,ANTIOQUIA,rural,track,122779.07633419395
05495,NECHI,ANTIOQUIA,rural,unclassified,126409.1528048951
05495,NECHI,ANTIOQUIA,rural,unknown,861.0733794690369
05541,PEÑOL,ANTIOQUIA,cabecera,footway,560.6656705956332
05541,PEÑOL,ANTIOQUIA,cabecera,path,55.029930327054714
05541,PEÑOL,ANTIOQUIA,cabecera,pedestrian,640.1233715643974
05541,PEÑOL,ANTIOQUIA,cabecera,residential,18302.7774116593
05541,PEÑOL,ANTIOQUIA,cabecera,secondary,1803.9032532142908
05541,PEÑOL,ANTIOQUIA,cabecera,service,452.838507402478
05541,PEÑOL,ANTIOQUIA,cabecera,steps,27.632025864840756
05541,PEÑOL,ANTIOQUIA,cabecera,tertiary,522.0627937197963
05541,PEÑOL,ANTIOQUIA,cabecera,track,55.85840659617415
05541,PEÑOL,ANTIOQUIA,cabecera,unclassified,789.6717774110078
05541,PEÑOL,ANTIOQUIA,rural,bridleway,289.7658211686506
05541,PEÑOL,ANTIOQUIA,rural,footway,1637.9033789711605
05541,PEÑOL,ANTIOQUIA,rural,pedestrian,16.994189526863128
05541,PEÑOL,ANTIOQUIA,rural,residential,67337.99465802767
05541,PEÑOL,ANTIOQUIA,rural,secondary,10136.745015894548
05541,PEÑOL,ANTIOQUIA,rural,service,29000.995092638706
05541,PEÑOL,ANTIOQUIA,rural,tertiary,25937.6806875106
05541,PEÑOL,ANTIOQUIA,rural,track,9280.97934777768
05541,PEÑOL,ANTIOQUIA,rural,unclassified,128709.01875165201
05543,PEQUE,ANTIOQUIA,cabecera,bridleway,223.95437522637866
05543,PEQUE,ANTIOQUIA,cabecera,footway,311.0796420749986
05543,PEQUE,ANTIOQUIA,cabecera,path,249.87928626659271
05543,PEQUE,ANTIOQUIA,cabecera,residential,4171.099760878966
05543,PEQUE,ANTIOQUIA,cabecera,steps,148.19503275858693
05543,PEQUE,ANTIOQUIA,cabecera,tertiary,751.8163792458382
05543,PEQUE,ANTIOQUIA,cabecera,track,324.1939961255168
05543,PEQUE,ANTIOQUIA,cabecera,unclassified,9.054446363324885
05543,PEQUE,ANTIOQUIA,centro_poblado,residential,1523.410113759033
05543,PEQUE,ANTIOQUIA,centro_poblado,service,12.383939717759887
05543,PEQUE,ANTIOQUIA,centro_poblado,track,0.6909284910780944
05543,PEQUE,ANTIOQUIA,centro_poblado,unclassified,2.63639428621883
05543,PEQUE,ANTIOQUIA,rural,bridleway,32008.893013216606
05543,PEQUE,ANTIOQUIA,rural,footway,228.53902701953675
05543,PEQUE,ANTIOQUIA,rural,path,19115.97059338714
05543,PEQUE,ANTIOQUIA,rural,residential,647.0107972375438
05543,PEQUE,ANTIOQUIA,rural,service,52.90191764804767
05543,PEQUE,ANTIOQUIA,rural,tertiary,20571.21626419467
05543,PEQUE,ANTIOQUIA,rural,track,92764.003436349
05543,PEQUE,ANTIOQUIA,rural,unclassified,8668.795473761405
05579,PUERTO BERRIO,ANTIOQUIA,cabecera,footway,3769.10967199302
05579,PUERTO BERRIO,ANTIOQUIA,cabecera,path,239.02152508512404
05579,PUERTO BERRIO,ANTIOQUIA,cabecera,pedestrian,3134.4971483085205
05579,PUERTO BERRIO,ANTIOQUIA,cabecera,primary,4414.931382998091
05579,PUERTO BERRIO,ANTIOQUIA,cabecera,residential,48687.9244528187
05579,PUERTO BERRIO,ANTIOQUIA,cabecera,service,1351.6454295109393
05579,PUERTO BERRIO,ANTIOQUIA,cabecera,steps,2.3437873575839796
05579,PUERTO BERRIO,ANTIOQUIA,cabecera,track,1070.1701099345485
05579,PUERTO BERRIO,ANTIOQUIA,cabecera,unclassified,2347.5313845742703
05579,PUERTO BERRIO,ANTIOQUIA,centro_poblado,footway,104.45092222007742
05579,PUERTO BERRIO,ANTIOQUIA,centro_poblado,residential,2967.1124809048138
05579,PUERTO BERRIO,ANTIOQUIA,centro_poblado,secondary,251.79568929618208
05579,PUERTO BERRIO,ANTIOQUIA,centro_poblado,service,325.0364003338085
05579,PUERTO BERRIO,ANTIOQUIA,centro_poblado,tertiary,606.0434575221676
05579,PUERTO BERRIO,ANTIOQUIA,centro_poblado,track,903.193395507719
05579,PUERTO BERRIO,ANTIOQUIA,centro_poblado,trunk,2993.4407619513595
05579,PUERTO BERRIO,ANTIOQUIA,centro_poblado,unclassified,582.7326810369191
05579,PUERTO BERRIO,ANTIOQUIA,rural,bridleway,9.610188776953153
05579,PUERTO BERRIO,ANTIOQUIA,rural,footway,89.7035635559841
05579,PUERTO BERRIO,ANTIOQUIA,rural,path,2601.266357637
05579,PUERTO BERRIO,ANTIOQUIA,rural,primary,2835.7767594641673
05579,PUERTO BERRIO,ANTIOQUIA,rural,residential,12870.40150104468
05579,PUERTO BERRIO,ANTIOQUIA,rural,secondary,27206.658756206725
05579,PUERTO BERRIO,ANTIOQUIA,rural,service,48447.394280351815
05579,PUERTO BERRIO,ANTIOQUIA,rural,tertiary,54781.15578505859
05579,PUERTO BERRIO,ANTIOQUIA,rural,track,187419.3525244634
05579,PUERTO BERRIO,ANTIOQUIA,rural,trunk,36351.31774264995
05579,PUERTO BERRIO,ANTIOQUIA,rural,unclassified,201682.0598013837
05585,PUERTO NARE-LA MAGDALENA,ANTIOQUIA,cabecera,pedestrian,520.9320111354016
05585,PUERTO NARE-LA MAGDALENA,ANTIOQUIA,cabecera,residential,9897.342818955789
05585,PUERTO NARE-LA MAGDALENA,ANTIOQUIA,cabecera,tertiary,1336.7355797607147
05585,PUERTO NARE-LA MAGDALENA,ANTIOQUIA,cabecera,unclassified,538.9677912413881
05585,PUERTO NARE-LA MAGDALENA,ANTIOQUIA,centro_poblado,pedestrian,82.42005990024785
05585,PUERTO NARE-LA MAGDALENA,ANTIOQUIA,centro_poblado,residential,14683.325652118432
05585,PUERTO NARE-LA MAGDALENA,ANTIOQUIA,centro_poblado,service,2963.0975130537863
05585,PUERTO NARE-LA MAGDALENA,ANTIOQUIA,centro_poblado,tertiary,1971.6354888382716
05585,PUERTO NARE-LA MAGDALENA,ANTIOQUIA,centro_poblado,track,35.04689073662816
05585,PUERTO NARE-LA MAGDALENA,ANTIOQUIA,centro_poblado,unclassified,506.01844655261584
05585,PUERTO NARE-LA MAGDALENA,ANTIOQUIA,rural,bridleway,3879.1563154576634
05585,PUERTO NARE-LA MAGDALENA,ANTIOQUIA,rural,path,4312.843086189439
05585,PUERTO NARE-LA MAGDALENA,ANTIOQUIA,rural,residential,3007.3852541142073
05585,PUERTO NARE-LA MAGDALENA,ANTIOQUIA,rural,service,32170.316676359853
05585,PUERTO NARE-LA MAGDALENA,ANTIOQUIA,rural,tertiary,99453.4280097789
05585,PUERTO NARE-LA MAGDALENA,ANTIOQUIA,rural,track,125904.29084404383
05585,PUERTO NARE-LA MAGDALENA,ANTIOQUIA,rural,unclassified,117755.98744367581
05591,PUERTO TRIUNFO,ANTIOQUIA,cabecera,footway,208.72433105351405
05591,PUERTO TRIUNFO,ANTIOQUIA,cabecera,residential,6083.2862460213755
05591,PUERTO TRIUNFO,ANTIOQUIA,cabecera,service,25.36406207835801
05591,PUERTO TRIUNFO,ANTIOQUIA,cabecera,tertiary,560.7922527312226
05591,PUERTO TRIUNFO,ANTIOQUIA,cabecera,unclassified,332.04515812077955
05591,PUERTO TRIUNFO,ANTIOQUIA,centro_poblado,footway,738.0223129778794
05591,PUERTO TRIUNFO,ANTIOQUIA,centro_poblado,path,87.76030195158023
05591,PUERTO TRIUNFO,ANTIOQUIA,centro_poblado,pedestrian,128.61622082699932
05591,PUERTO TRIUNFO,ANTIOQUIA,centro_poblado,residential,24109.776497192717
05591,PUERTO TRIUNFO,ANTIOQUIA,centro_poblado,service,1116.4049645389002
05591,PUERTO TRIUNFO,ANTIOQUIA,centro_poblado,tertiary,935.7186580990958
05591,PUERTO TRIUNFO,ANTIOQUIA,centro_poblado,track,105.35921226765095
05591,PUERTO TRIUNFO,ANTIOQUIA,centro_poblado,trunk,2616.5029189561124
05591,PUERTO TRIUNFO,ANTIOQUIA,centro_poblado,unclassified,2461.9033053451963
05591,PUERTO TRIUNFO,ANTIOQUIA,rural,bridleway,8296.714464653222
05591,PUERTO TRIUNFO,ANTIOQUIA,rural,footway,834.6181148179553
05591,PUERTO TRIUNFO,ANTIOQUIA,rural,path,2465.956820338378
05591,PUERTO TRIUNFO,ANTIOQUIA,rural,pedestrian,352.6463767773891
05591,PUERTO TRIUNFO,ANTIOQUIA,rural,residential,8247.806753170982
05591,PUERTO TRIUNFO,ANTIOQUIA,rural,service,27769.87844868182
05591,PUERTO TRIUNFO,ANTIOQUIA,rural,tertiary,24285.440683304747
05591,PUERTO TRIUNFO,ANTIOQUIA,rural,track,56770.96321891196
05591,PUERTO TRIUNFO,ANTIOQUIA,rural,trunk,25683.836340370537
05591,PUERTO TRIUNFO,ANTIOQUIA,rural,unclassified,127949.78244192792
05604,REMEDIOS,ANTIOQUIA,cabecera,path,2656.1829022303864
05604,REMEDIOS,ANTIOQUIA,cabecera,pedestrian,266.71429491531546
05604,REMEDIOS,ANTIOQUIA,cabecera,residential,9204.47988029851
05604,REMEDIOS,ANTIOQUIA,cabecera,service,4853.840290872773
05604,REMEDIOS,ANTIOQUIA,cabecera,tertiary,1631.3097018378314
05604,REMEDIOS,ANTIOQUIA,cabecera,track,699.0774995353943
05604,REMEDIOS,ANTIOQUIA,cabecera,trunk,4376.55017621004
05604,REMEDIOS,ANTIOQUIA,cabecera,unclassified,1065.6091875534848
05604,REMEDIOS,ANTIOQUIA,centro_poblado,path,197.57376165453917
05604,REMEDIOS,ANTIOQUIA,centro_poblado,residential,5919.345273810181
05604,REMEDIOS,ANTIOQUIA,centro_poblado,secondary,821.614551808316
05604,REMEDIOS,ANTIOQUIA,centro_poblado,service,283.5052799048468
05604,REMEDIOS,ANTIOQUIA,centro_poblado,tertiary,1359.999574503989
05604,REMEDIOS,ANTIOQUIA,centro_poblado,track,154.77394280787811
05604,REMEDIOS,ANTIOQUIA,centro_poblado,trunk,1183.2538602680452
05604,REMEDIOS,ANTIOQUIA,centro_poblado,unclassified,1395.7763664406414
05604,REMEDIOS,ANTIOQUIA,centro_poblado,unknown,92.99056967823202
05604,REMEDIOS,ANTIOQUIA,rural,bridleway,25263.90861800561
05604,REMEDIOS,ANTIOQUIA,rural,footway,274.93602072329236
05604,REMEDIOS,ANTIOQUIA,rural,path,24402.867582601117
05604,REMEDIOS,ANTIOQUIA,rural,pedestrian,202.71621464064754
05604,REMEDIOS,ANTIOQUIA,rural,residential,6844.893462982332
05604,REMEDIOS,ANTIOQUIA,rural,secondary,173.61343404962264
05604,REMEDIOS,ANTIOQUIA,rural,service,5062.513208851745
05604,REMEDIOS,ANTIOQUIA,rural,tertiary,65133.5139356255
05604,REMEDIOS,ANTIOQUIA,rural,track,237037.8065166605
05604,REMEDIOS,ANTIOQUIA,rural,trunk,42506.46146196517
05604,REMEDIOS,ANTIOQUIA,rural,unclassified,332732.4323596109
05604,REMEDIOS,ANTIOQUIA,rural,unknown,24928.755060766904
05607,RETIRO,ANTIOQUIA,cabecera,footway,568.519169204609
05607,RETIRO,ANTIOQUIA,cabecera,path,75.52575066072872
05607,RETIRO,ANTIOQUIA,cabecera,pedestrian,356.2800842190443
05607,RETIRO,ANTIOQUIA,cabecera,residential,19851.67093629045
05607,RETIRO,ANTIOQUIA,cabecera,secondary,5743.657668194918
05607,RETIRO,ANTIOQUIA,cabecera,service,8651.543355322596
05607,RETIRO,ANTIOQUIA,cabecera,tertiary,3112.7892623844577
05607,RETIRO,ANTIOQUIA,cabecera,track,67.92728706857412
05607,RETIRO,ANTIOQUIA,cabecera,unclassified,1008.8298310876562
05607,RETIRO,ANTIOQUIA,centro_poblado,primary,1389.4043245187474
05607,RETIRO,ANTIOQUIA,centro_poblado,residential,1048.11368490783
05607,RETIRO,ANTIOQUIA,centro_poblado,service,470.47758628538145
05607,RETIRO,ANTIOQUIA,centro_poblado,unclassified,1530.923941412901
05607,RETIRO,ANTIOQUIA,rural,bridleway,32078.250472319152
05607,RETIRO,ANTIOQUIA,rural,footway,745.0563498829146
05607,RETIRO,ANTIOQUIA,rural,path,41674.62577676683
05607,RETIRO,ANTIOQUIA,rural,primary,20248.380328766394
05607,RETIRO,ANTIOQUIA,rural,residential,104389.06260978011
05607,RETIRO,ANTIOQUIA,rural,secondary,37796.59168608138
05607,RETIRO,ANTIOQUIA,rural,service,159091.02092769145
05607,RETIRO,ANTIOQUIA,rural,steps,5.917490098470463
05607,RETIRO,ANTIOQUIA,rural,tertiary,9207.65207498213
05607,RETIRO,ANTIOQUIA,rural,track,213083.02542037715
05607,RETIRO,ANTIOQUIA,rural,unclassified,248894.4195731925
05615,RIONEGRO,ANTIOQUIA,cabecera,cycleway,13836.813691219426
05615,RIONEGRO,ANTIOQUIA,cabecera,footway,18916.41658542949
05615,RIONEGRO,ANTIOQUIA,cabecera,path,1371.2179734721553
05615,RIONEGRO,ANTIOQUIA,cabecera,pedestrian,8253.82365759709
05615,RIONEGRO,ANTIOQUIA,cabecera,primary,12220.666000771706
05615,RIONEGRO,ANTIOQUIA,cabecera,residential,105541.7035598489
05615,RIONEGRO,ANTIOQUIA,cabecera,secondary,9008.752227212868
05615,RIONEGRO,ANTIOQUIA,cabecera,service,31910.967039876083
05615,RIONEGRO,ANTIOQUIA,cabecera,steps,429.87162596714927
05615,RIONEGRO,ANTIOQUIA,cabecera,tertiary,21293.33692941519
05615,RIONEGRO,ANTIOQUIA,cabecera,track,391.83493256932456
05615,RIONEGRO,ANTIOQUIA,cabecera,unclassified,2741.0548298653353
05615,RIONEGRO,ANTIOQUIA,centro_poblado,bridleway,34.879642399095374
05615,RIONEGRO,ANTIOQUIA,centro_poblado,cycleway,478.66684119058453
05615,RIONEGRO,ANTIOQUIA,centro_poblado,footway,38.66873082051207
05615,RIONEGRO,ANTIOQUIA,centro_poblado,path,112.6604395540746
05615,RIONEGRO,ANTIOQUIA,centro_poblado,pedestrian,300.6776142708956
05615,RIONEGRO,ANTIOQUIA,centro_poblado,primary,2147.7933054514465
05615,RIONEGRO,ANTIOQUIA,centro_poblado,residential,39232.05728762885
05615,RIONEGRO,ANTIOQUIA,centro_poblado,secondary,81.15192511471236
05615,RIONEGRO,ANTIOQUIA,centro_poblado,service,25897.724169006007
05615,RIONEGRO,ANTIOQUIA,centro_poblado,steps,46.043399047974205
05615,RIONEGRO,ANTIOQUIA,centro_poblado,tertiary,5841.031738922886
05615,RIONEGRO,ANTIOQUIA,centro_poblado,track,707.9308340906314
05615,RIONEGRO,ANTIOQUIA,centro_poblado,trunk,2015.7955418327012
05615,RIONEGRO,ANTIOQUIA,centro_poblado,unclassified,17019.286503357725
05615,RIONEGRO,ANTIOQUIA,centro_poblado,unknown,187.77117003053837
05615,RIONEGRO,ANTIOQUIA,rural,bridleway,10180.184450645722
05615,RIONEGRO,ANTIOQUIA,rural,cycleway,14723.524018629781
05615,RIONEGRO,ANTIOQUIA,rural,footway,2944.3861521258345
05615,RIONEGRO,ANTIOQUIA,rural,path,1525.7058609300257
05615,RIONEGRO,ANTIOQUIA,rural,pedestrian,4.895870469591447
05615,RIONEGRO,ANTIOQUIA,rural,primary,43554.58162305424
05615,RIONEGRO,ANTIOQUIA,rural,residential,133363.7411202347
05615,RIONEGRO,ANTIOQUIA,rural,secondary,21008.1769449132
05615,RIONEGRO,ANTIOQUIA,rural,service,369323.178983708
05615,RIONEGRO,ANTIOQUIA,rural,steps,62.08136704232814
05615,RIONEGRO,ANTIOQUIA,rural,tertiary,30688.510476237763
05615,RIONEGRO,ANTIOQUIA,rural,track,37435.547284483946
05615,RIONEGRO,ANTIOQUIA,rural,trunk,10238.157615331947
05615,RIONEGRO,ANTIOQUIA,rural,unclassified,348294.1509679209
05615,RIONEGRO,ANTIOQUIA,rural,unknown,3990.1945162153984
05631,SABANETA,ANTIOQUIA,cabecera,cycleway,4711.156095526014
05631,SABANETA,ANTIOQUIA,cabecera,footway,18913.4488048067
05631,SABANETA,ANTIOQUIA,cabecera,pedestrian,605.7601017613581
05631,SABANETA,ANTIOQUIA,cabecera,primary,7538.412235987229
05631,SABANETA,ANTIOQUIA,cabecera,residential,51499.90507938758
05631,SABANETA,ANTIOQUIA,cabecera,secondary,1684.5001709711703
05631,SABANETA,ANTIOQUIA,cabecera,service,19984.67092859632
05631,SABANETA,ANTIOQUIA,cabecera,steps,182.52307127928646
05631,SABANETA,ANTIOQUIA,cabecera,tertiary,7710.389215465138
05631,SABANETA,ANTIOQUIA,cabecera,trunk,5229.461315999492
05631,SABANETA,ANTIOQUIA,cabecera,unclassified,1013.3825017830172
05631,SABANETA,ANTIOQUIA,cabecera,unknown,630.7402029993098
05631,SABANETA,ANTIOQUIA,centro_poblado,footway,93.18293882208675
05631,SABANETA,ANTIOQUIA,centro_poblado,residential,8968.667940123723
05631,SABANETA,ANTIOQUIA,centro_poblado,service,1858.5327955035311
05631,SABANETA,ANTIOQUIA,centro_poblado,steps,18.193743539408462
05631,SABANETA,ANTIOQUIA,centro_poblado,tertiary,33.10209737122641
05631,SABANETA,ANTIOQUIA,centro_poblado,trunk,555.0288673411083
05631,SABANETA,ANTIOQUIA,centro_poblado,unclassified,33.362931912626514
05631,SABANETA,ANTIOQUIA,rural,bridleway,149.81569511225794
05631,SABANETA,ANTIOQUIA,rural,path,11858.35617609348
05631,SABANETA,ANTIOQUIA,rural,residential,20476.381136941018
05631,SABANETA,ANTIOQUIA,rural,service,7246.14407642389
05631,SABANETA,ANTIOQUIA,rural,tertiary,1099.527274656706
05631,SABANETA,ANTIOQUIA,rural,track,2601.6579865014955
05631,SABANETA,ANTIOQUIA,rural,trunk,133.8104451192723
05631,SABANETA,ANTIOQUIA,rural,unclassified,5323.01583810629
05642,SALGAR,ANTIOQUIA,cabecera,bridleway,440.348624268004
05642,SALGAR,ANTIOQUIA,cabecera,path,467.038668102766
05642,SALGAR,ANTIOQUIA,cabecera,pedestrian,668.1433617353974
05642,SALGAR,ANTIOQUIA,cabecera,residential,4241.494057508226
05642,SALGAR,ANTIOQUIA,cabecera,secondary,2877.7704765924054
05642,SALGAR,ANTIOQUIA,cabecera,service,1389.1458961375583
05642,SALGAR,ANTIOQUIA,cabecera,tertiary,1500.033962197258
05642,SALGAR,ANTIOQUIA,cabecera,track,1716.156649462105
05642,SALGAR,ANTIOQUIA,cabecera,unclassified,22.931393427114347
05642,SALGAR,ANTIOQUIA,centro_poblado,bridleway,25.229554436044268
05642,SALGAR,ANTIOQUIA,centro_poblado,path,0.8504699211050692
05642,SALGAR,ANTIOQUIA,centro_poblado,primary,135.44222710915568
05642,SALGAR,ANTIOQUIA,centro_poblado,residential,1061.4311505978933
05642,SALGAR,ANTIOQUIA,centro_poblado,service,228.84143978181135
05642,SALGAR,ANTIOQUIA,centro_poblado,tertiary,475.37910565797307
05642,SALGAR,ANTIOQUIA,centro_poblado,track,71.70532589763927
05642,SALGAR,ANTIOQUIA,centro_poblado,unclassified,136.0454235560908
05642,SALGAR,ANTIOQUIA,rural,bridleway,23624.062633214908
05642,SALGAR,ANTIOQUIA,rural,footway,1284.046003391789
05642,SALGAR,ANTIOQUIA,rural,path,650713.2465793067
05642,SALGAR,ANTIOQUIA,rural,pedestrian,35.429415394836234
05642,SALGAR,ANTIOQUIA,rural,primary,14723.068007246871
05642,SALGAR,ANTIOQUIA,rural,residential,14396.16695756737
05642,SALGAR,ANTIOQUIA,rural,secondary,13207.117078691987
05642,SALGAR,ANTIOQUIA,rural,service,8895.904379192103
05642,SALGAR,ANTIOQUIA,rural,tertiary,49405.83425616767
05642,SALGAR,ANTIOQUIA,rural,track,263372.5468684816
05642,SALGAR,ANTIOQUIA,rural,unclassified,87075.3614705994
05649,SAN CARLOS,ANTIOQUIA,cabecera,bridleway,43.0859270203678
05649,SAN CARLOS,ANTIOQUIA,cabecera,footway,608.5266899619112
05649,SAN CARLOS,ANTIOQUIA,cabecera,path,968.3487872429266
05649,SAN CARLOS,ANTIOQUIA,cabecera,pedestrian,266.5671553934378
05649,SAN CARLOS,ANTIOQUIA,cabecera,residential,11672.747143439674
05649,SAN CARLOS,ANTIOQUIA,cabecera,secondary,3262.103861697147
05649,SAN CARLOS,ANTIOQUIA,cabecera,service,461.2120453864652
05649,SAN CARLOS,ANTIOQUIA,cabecera,steps,104.36843488477126
05649,SAN CARLOS,ANTIOQUIA,cabecera,tertiary,508.8602217408963
05649,SAN CARLOS,ANTIOQUIA,cabecera,track,361.78133667861607
05649,SAN CARLOS,ANTIOQUIA,cabecera,unclassified,729.7871823673183
05649,SAN CARLOS,ANTIOQUIA,centro_poblado,path,200.0514340561424
05649,SAN CARLOS,ANTIOQUIA,centro_poblado,pedestrian,139.71790871057385
05649,SAN CARLOS,ANTIOQUIA,centro_poblado,residential,3325.222561176458
05649,SAN CARLOS,ANTIOQUIA,centro_poblado,tertiary,1707.689893350411
05649,SAN CARLOS,ANTIOQUIA,centro_poblado,track,4.715428934874061
05649,SAN CARLOS,ANTIOQUIA,centro_poblado,unclassified,530.9079341957006
05649,SAN CARLOS,ANTIOQUIA,rural,bridleway,46953.4663650775
05649,SAN CARLOS,ANTIOQUIA,rural,footway,11990.794899762264
05649,SAN CARLOS,ANTIOQUIA,rural,path,30725.04218397956
05649,SAN CARLOS,ANTIOQUIA,rural,pedestrian,185.9557326314782
05649,SAN CARLOS,ANTIOQUIA,rural,residential,3830.0554330448995
05649,SAN CARLOS,ANTIOQUIA,rural,secondary,42415.05808734514
05649,SAN CARLOS,ANTIOQUIA,rural,service,10648.455882228796
05649,SAN CARLOS,ANTIOQUIA,rural,tertiary,61746.5392333946
05649,SAN CARLOS,ANTIOQUIA,rural,track,56551.23708312594
05649,SAN CARLOS,ANTIOQUIA,rural,unclassified,180619.84469509192
05656,SAN JERONIMO,ANTIOQUIA,cabecera,footway,895.3676003602033
05656,SAN JERONIMO,ANTIOQUIA,cabecera,path,1020.0981037620759
05656,SAN JERONIMO,ANTIOQUIA,cabecera,pedestrian,176.08102426738537
05656,SAN JERONIMO,ANTIOQUIA,cabecera,residential,18740.596741314857
05656,SAN JERONIMO,ANTIOQUIA,cabecera,secondary,6239.53721247643
05656,SAN JERONIMO,ANTIOQUIA,cabecera,service,15920.588430020069
05656,SAN JERONIMO,ANTIOQUIA,cabecera,tertiary,79.21321774487349
05656,SAN JERONIMO,ANTIOQUIA,cabecera,track,72.25702004494559
05656,SAN JERONIMO,ANTIOQUIA,cabecera,trunk,4009.646610206093
05656,SAN JERONIMO,ANTIOQUIA,cabecera,unclassified,5181.559436768692
05656,SAN JERONIMO,ANTIOQUIA,rural,bridleway,41392.965482930296
05656,SAN JERONIMO,ANTIOQUIA,rural,footway,135.99498287359302
05656,SAN JERONIMO,ANTIOQUIA,rural,path,8698.653524635532
05656,SAN JERONIMO,ANTIOQUIA,rural,residential,22593.00125176844
05656,SAN JERONIMO,ANTIOQUIA,rural,secondary,48991.34152601494
05656,SAN JERONIMO,ANTIOQUIA,rural,service,15907.081580224847
05656,SAN JERONIMO,ANTIOQUIA,rural,tertiary,6236.030585938402
05656,SAN JERONIMO,ANTIOQUIA,rural,track,26305.026833639567
05656,SAN JERONIMO,ANTIOQUIA,rural,trunk,27791.115645423404
05656,SAN JERONIMO,ANTIOQUIA,rural,unclassified,135847.48362633176
05659,SAN JUAN DE URABA,ANTIOQUIA,cabecera,bridleway,8.313241666795266
05659,SAN JUAN DE URABA,ANTIOQUIA,cabecera,footway,22.056096305122242
05659,SAN JUAN DE URABA,ANTIOQUIA,cabecera,path,3.4799915978099576
05659,SAN JUAN DE URABA,ANTIOQUIA,cabecera,residential,16876.82552301427
05659,SAN JUAN DE URABA,ANTIOQUIA,cabecera,service,173.19029170189765
05659,SAN JUAN DE URABA,ANTIOQUIA,cabecera,tertiary,1259.1943638701127
05659,SAN JUAN DE URABA,ANTIOQUIA,cabecera,trunk,1555.222129068826
05659,SAN JUAN DE URABA,ANTIOQUIA,cabecera,unclassified,107.69838203469217
05659,SAN JUAN DE URABA,ANTIOQUIA,centro_poblado,residential,8955.05294329908
05659,SAN JUAN DE URABA,ANTIOQUIA,centro_poblado,service,246.64053936889252
05659,SAN JUAN DE URABA,ANTIOQUIA,centro_poblado,tertiary,1257.546658930419
05659,SAN JUAN DE URABA,ANTIOQUIA,centro_poblado,track,54.88849116660574
05659,SAN JUAN DE URABA,ANTIOQUIA,centro_poblado,unclassified,110.42000284284347
05659,SAN JUAN DE URABA,ANTIOQUIA,rural,bridleway,5839.938522698805
05659,SAN JUAN DE URABA,ANTIOQUIA,rural,footway,537.6496298891894
05659,SAN JUAN DE URABA,ANTIOQUIA,rural,path,4852.795347913768
05659,SAN JUAN DE URABA,ANTIOQUIA,rural,pedestrian,58.2122067904976
05659,SAN JUAN DE URABA,ANTIOQUIA,rural,residential,17659.98498419394
05659,SAN JUAN DE URABA,ANTIOQUIA,rural,service,5938.599235439059
05659,SAN JUAN DE URABA,ANTIOQUIA,rural,tertiary,4081.2333857166923
05659,SAN JUAN DE URABA,ANTIOQUIA,rural,track,51798.8910533805
05659,SAN JUAN DE URABA,ANTIOQUIA,rural,trunk,20387.110600498643
05659,SAN JUAN DE URABA,ANTIOQUIA,rural,unclassified,122871.93230415188
05660,SAN LUIS,ANTIOQUIA,cabecera,bridleway,107.3827776685571
05660,SAN LUIS,ANTIOQUIA,cabecera,pedestrian,255.4522489031401
05660,SAN LUIS,ANTIOQUIA,cabecera,residential,6165.8522172956955
05660,SAN LUIS,ANTIOQUIA,cabecera,secondary,1419.4765634079624
05660,SAN LUIS,ANTIOQUIA,cabecera,service,190.26085297271442
05660,SAN LUIS,ANTIOQUIA,cabecera,steps,42.216871582053834
05660,SAN LUIS,ANTIOQUIA,cabecera,unclassified,84.76899796533222
05660,SAN LUIS,ANTIOQUIA,centro_poblado,bridleway,111.96826686969112
05660,SAN LUIS,ANTIOQUIA,centro_poblado,footway,24.1176418060398
05660,SAN LUIS,ANTIOQUIA,centro_poblado,path,93.81028478471379
05660,SAN LUIS,ANTIOQUIA,centro_poblado,pedestrian,83.91450050291456
05660,SAN LUIS,ANTIOQUIA,centro_poblado,trunk,2245.8589583127155
05660,SAN LUIS,ANTIOQUIA,centro_poblado,unclassified,353.0570197754342
05660,SAN LUIS,ANTIOQUIA,rural,bridleway,35213.92469396784
05660,SAN LUIS,ANTIOQUIA,rural,footway,3.522965086541967
05660,SAN LUIS,ANTIOQUIA,rural,path,22104.602786500738
05660,SAN LUIS,ANTIOQUIA,rural,residential,4697.804374576837
05660,SAN LUIS,ANTIOQUIA,rural,secondary,20235.273722878752
05660,SAN LUIS,ANTIOQUIA,rural,service,9355.042388898486
05660,SAN LUIS,ANTIOQUIA,rural,tertiary,13638.504733112964
05660,SAN LUIS,ANTIOQUIA,rural,track,25374.88680195969
05660,SAN LUIS,ANTIOQUIA,rural,trunk,45070.61528905273
05660,SAN LUIS,ANTIOQUIA,rural,unclassified,61708.066739048445
05664,SAN PEDRO,ANTIOQUIA,cabecera,footway,172.8252555159314
05664,SAN PEDRO,ANTIOQUIA,cabecera,pedestrian,999.9035961146918
05664,SAN PEDRO,ANTIOQUIA,cabecera,residential,13734.74439171713
05664,SAN PEDRO,ANTIOQUIA,cabecera,secondary,2423.597933534478
05664,SAN PEDRO,ANTIOQUIA,cabecera,service,2758.893909968293
05664,SAN PEDRO,ANTIOQUIA,cabecera,tertiary,2881.164807381232
05664,SAN PEDRO,ANTIOQUIA,cabecera,track,46.19603799850941
05664,SAN PEDRO,ANTIOQUIA,cabecera,unclassified,2592.5594211364837
05664,SAN PEDRO,ANTIOQUIA,centro_poblado,residential,69.43713072804887
05664,SAN PEDRO,ANTIOQUIA,centro_poblado,unclassified,523.1076792405386
05664,SAN PEDRO,ANTIOQUIA,rural,bridleway,588.1008853879246
05664,SAN PEDRO,ANTIOQUIA,rural,path,2884.4251260719734
05664,SAN PEDRO,ANTIOQUIA,rural,residential,43099.46213929665
05664,SAN PEDRO,ANTIOQUIA,rural,secondary,21083.63521461531
05664,SAN PEDRO,ANTIOQUIA,rural,service,40691.89029894395
05664,SAN PEDRO,ANTIOQUIA,rural,tertiary,20061.987004455284
05664,SAN PEDRO,ANTIOQUIA,rural,track,104657.48177537494
05664,SAN PEDRO,ANTIOQUIA,rural,unclassified,276848.4156431192
05665,SAN PEDRO DE URABA,ANTIOQUIA,cabecera,bridleway,154.6447721913378
05665,SAN PEDRO DE URABA,ANTIOQUIA,cabecera,footway,361.9187846056681
05665,SAN PEDRO DE URABA,ANTIOQUIA,cabecera,pedestrian,676.7619505424274
05665,SAN PEDRO DE URABA,ANTIOQUIA,cabecera,residential,33338.71830948768
05665,SAN PEDRO DE URABA,ANTIOQUIA,cabecera,secondary,4045.1786657574817
05665,SAN PEDRO DE URABA,ANTIOQUIA,cabecera,service,431.15921601728616
05665,SAN PEDRO DE URABA,ANTIOQUIA,cabecera,tertiary,3421.8737456903345
05665,SAN PEDRO DE URABA,ANTIOQUIA,cabecera,track,189.29914809217468
05665,SAN PEDRO DE URABA,ANTIOQUIA,cabecera,unclassified,1800.6497250273496
05665,SAN PEDRO DE URABA,ANTIOQUIA,centro_poblado,residential,2535.429368543115
05665,SAN PEDRO DE URABA,ANTIOQUIA,centro_poblado,service,44.89437691754073
05665,SAN PEDRO DE URABA,ANTIOQUIA,centro_poblado,tertiary,221.33619126297143
05665,SAN PEDRO DE URABA,ANTIOQUIA,centro_poblado,track,1077.1155175907443
05665,SAN PEDRO DE URABA,ANTIOQUIA,centro_poblado,unclassified,1176.2886871000012
05665,SAN PEDRO DE URABA,ANTIOQUIA,rural,bridleway,12657.994606632543
05665,SAN PEDRO DE URABA,ANTIOQUIA,rural,path,61364.64643622497
05665,SAN PEDRO DE URABA,ANTIOQUIA,rural,pedestrian,43.56879864120621
05665,SAN PEDRO DE URABA,ANTIOQUIA,rural,residential,4268.399904522405
05665,SAN PEDRO DE URABA,ANTIOQUIA,rural,secondary,7269.495638723454
05665,SAN PEDRO DE URABA,ANTIOQUIA,rural,service,6853.79427342132
05665,SAN PEDRO DE URABA,ANTIOQUIA,rural,tertiary,41698.80363420957
05665,SAN PEDRO DE URABA,ANTIOQUIA,rural,track,85352.24552754608
05665,SAN PEDRO DE URABA,ANTIOQUIA,rural,unclassified,234422.66215981965
05667,SAN RAFAEL,ANTIOQUIA,cabecera,footway,278.88504921745465
05667,SAN RAFAEL,ANTIOQUIA,cabecera,path,7.35841140207157
05667,SAN RAFAEL,ANTIOQUIA,cabecera,pedestrian,343.58736187572435
05667,SAN RAFAEL,ANTIOQUIA,cabecera,residential,10272.172175736137
05667,SAN RAFAEL,ANTIOQUIA,cabecera,secondary,2304.8884314123798
05667,SAN RAFAEL,ANTIOQUIA,cabecera,steps,142.37528352423547
05667,SAN RAFAEL,ANTIOQUIA,cabecera,track,49.95314494837815
05667,SAN RAFAEL,ANTIOQUIA,cabecera,unclassified,1338.0278220542914
05667,SAN RAFAEL,ANTIOQUIA,centro_poblado,path,63.840022165871716
05667,SAN RAFAEL,ANTIOQUIA,centro_poblado,track,61.975888316902115
05667,SAN RAFAEL,ANTIOQUIA,centro_poblado,unclassified,113.05981751656662
05667,SAN RAFAEL,ANTIOQUIA,rural,bridleway,35860.746286939844
05667,SAN RAFAEL,ANTIOQUIA,rural,footway,73.24522228628416
05667,SAN RAFAEL,ANTIOQUIA,rural,path,33970.79363122051
05667,SAN RAFAEL,ANTIOQUIA,rural,residential,5697.368147342762
05667,SAN RAFAEL,ANTIOQUIA,rural,secondary,54815.77067494582
05667,SAN RAFAEL,ANTIOQUIA,rural,service,9703.234508508798
05667,SAN RAFAEL,ANTIOQUIA,rural,tertiary,2617.9470391577
05667,SAN RAFAEL,ANTIOQUIA,rural,track,23432.769107231812
05667,SAN RAFAEL,ANTIOQUIA,rural,unclassified,133155.30313841844
05670,SAN ROQUE,ANTIOQUIA,cabecera,bridleway,128.0150583992918
05670,SAN ROQUE,ANTIOQUIA,cabecera,footway,543.1706892801315
05670,SAN ROQUE,ANTIOQUIA,cabecera,path,88.1758995726903
05670,SAN ROQUE,ANTIOQUIA,cabecera,pedestrian,247.97388853671697
05670,SAN ROQUE,ANTIOQUIA,cabecera,residential,7942.7426221334335
05670,SAN ROQUE,ANTIOQUIA,cabecera,secondary,2752.6302329299215
05670,SAN ROQUE,ANTIOQUIA,cabecera,service,396.0165016792852
05670,SAN ROQUE,ANTIOQUIA,cabecera,steps,140.29111472621483
05670,SAN ROQUE,ANTIOQUIA,cabecera,tertiary,932.720500205065
05670,SAN ROQUE,ANTIOQUIA,cabecera,track,289.4096227915737
05670,SAN ROQUE,ANTIOQUIA,cabecera,unclassified,279.9423082349242
05670,SAN ROQUE,ANTIOQUIA,centro_poblado,bridleway,5.599091033383095
05670,SAN ROQUE,ANTIOQUIA,centro_poblado,footway,279.11949017705774
05670,SAN ROQUE,ANTIOQUIA,centro_poblado,pedestrian,157.9453783113883
05670,SAN ROQUE,ANTIOQUIA,centro_poblado,residential,5894.573554053355
05670,SAN ROQUE,ANTIOQUIA,centro_poblado,service,29.192417719804443
05670,SAN ROQUE,ANTIOQUIA,centro_poblado,tertiary,2050.66211375912
05670,SAN ROQUE,ANTIOQUIA,centro_poblado,track,53.793919914090345
05670,SAN ROQUE,ANTIOQUIA,centro_poblado,trunk,436.6851899131401
05670,SAN ROQUE,ANTIOQUIA,rural,bridleway,53220.363450628836
05670,SAN ROQUE,ANTIOQUIA,rural,footway,214.93769988954557
05670,SAN ROQUE,ANTIOQUIA,rural,path,10741.83300837979
05670,SAN ROQUE,ANTIOQUIA,rural,pedestrian,0.3865394805269199
05670,SAN ROQUE,ANTIOQUIA,rural,residential,4630.691744566401
05670,SAN ROQUE,ANTIOQUIA,rural,secondary,41815.80528513016
05670,SAN ROQUE,ANTIOQUIA,rural,service,12456.885911443673
05670,SAN ROQUE,ANTIOQUIA,rural,tertiary,40383.87223082462
05670,SAN ROQUE,ANTIOQUIA,rural,track,82149.11428444464
05670,SAN ROQUE,ANTIOQUIA,rural,trunk,26406.324690220208
05670,SAN ROQUE,ANTIOQUIA,rural,unclassified,115548.83839285946
05674,SAN VICENTE,ANTIOQUIA,cabecera,footway,561.6329007463904
05674,SAN VICENTE,ANTIOQUIA,cabecera,path,20.891502666534336
05674,SAN VICENTE,ANTIOQUIA,cabecera,pedestrian,33.533568696144144
05674,SAN VICENTE,ANTIOQUIA,cabecera,residential,4965.2766838662965
05674,SAN VICENTE,ANTIOQUIA,cabecera,secondary,2192.5309621473752
05674,SAN VICENTE,ANTIOQUIA,cabecera,service,929.4345477101467
05674,SAN VICENTE,ANTIOQUIA,cabecera,steps,219.64683889566675
05674,SAN VICENTE,ANTIOQUIA,cabecera,tertiary,2714.1889435849707
05674,SAN VICENTE,ANTIOQUIA,cabecera,unclassified,778.677181013829
05674,SAN VICENTE,ANTIOQUIA,centro_poblado,residential,247.1871699296256
05674,SAN VICENTE,ANTIOQUIA,rural,bridleway,16315.415727576728
05674,SAN VICENTE,ANTIOQUIA,rural,path,8797.600186228454
05674,SAN VICENTE,ANTIOQUIA,rural,residential,29598.098529317947
05674,SAN VICENTE,ANTIOQUIA,rural,secondary,23795.874203393632
05674,SAN VICENTE,ANTIOQUIA,rural,service,66258.398579982
05674,SAN VICENTE,ANTIOQUIA,rural,tertiary,74977.30141004929
05674,SAN VICENTE,ANTIOQUIA,rural,track,104010.64051265032
05674,SAN VICENTE,ANTIOQUIA,rural,unclassified,203998.85003786616
05679,SANTA BARBARA,ANTIOQUIA,cabecera,footway,11.385229319444253
05679,SANTA BARBARA,ANTIOQUIA,cabecera,pedestrian,1387.9382802668986
05679,SANTA BARBARA,ANTIOQUIA,cabecera,primary,2895.223618044705
05679,SANTA BARBARA,ANTIOQUIA,cabecera,residential,9994.366408945969
05679,SANTA BARBARA,ANTIOQUIA,cabecera,service,467.2573226053002
05679,SANTA BARBARA,ANTIOQUIA,cabecera,steps,91.37279078570509
05679,SANTA BARBARA,ANTIOQUIA,cabecera,unclassified,1369.007425623737
05679,SANTA BARBARA,ANTIOQUIA,centro_poblado,bridleway,177.94976297419504
05679,SANTA BARBARA,ANTIOQUIA,centro_poblado,footway,238.0691515276079
05679,SANTA BARBARA,ANTIOQUIA,centro_poblado,primary,2816.9658108319463
05679,SANTA BARBARA,ANTIOQUIA,centro_poblado,residential,1789.4367102828746
05679,SANTA BARBARA,ANTIOQUIA,centro_poblado,secondary,303.7630041422385
05679,SANTA BARBARA,ANTIOQUIA,centro_poblado,service,213.7440890912184
05679,SANTA BARBARA,ANTIOQUIA,centro_poblado,steps,10.97504624576002
05679,SANTA BARBARA,ANTIOQUIA,centro_poblado,track,565.2106950241835
05679,SANTA BARBARA,ANTIOQUIA,centro_poblado,unclassified,4307.969047768837
05679,SANTA BARBARA,ANTIOQUIA,rural,bridleway,9770.920873353794
05679,SANTA BARBARA,ANTIOQUIA,rural,footway,0.7758966452632574
05679,SANTA BARBARA,ANTIOQUIA,rural,path,1006.1375406299078
05679,SANTA BARBARA,ANTIOQUIA,rural,pedestrian,8.075381537725466
05679,SANTA BARBARA,ANTIOQUIA,rural,primary,26928.897810243463
05679,SANTA BARBARA,ANTIOQUIA,rural,residential,19217.566163909232
05679,SANTA BARBARA,ANTIOQUIA,rural,secondary,11109.987207819198
05679,SANTA BARBARA,ANTIOQUIA,rural,service,24881.055903271237
05679,SANTA BARBARA,ANTIOQUIA,rural,tertiary,17115.653566567136
05679,SANTA BARBARA,ANTIOQUIA,rural,track,45153.0544496561
05679,SANTA BARBARA,ANTIOQUIA,rural,unclassified,139692.1658584819
05686,SANTA ROSA DE OSOS,ANTIOQUIA,cabecera,bridleway,751.1461159847607
05686,SANTA ROSA DE OSOS,ANTIOQUIA,cabecera,footway,4731.4260789463015
05686,SANTA ROSA DE OSOS,ANTIOQUIA,cabecera,path,3890.934602631968
05686,SANTA ROSA DE OSOS,ANTIOQUIA,cabecera,pedestrian,1671.075851229607
05686,SANTA ROSA DE OSOS,ANTIOQUIA,cabecera,residential,20697.280825605307
05686,SANTA ROSA DE OSOS,ANTIOQUIA,cabecera,secondary,5437.861522221765
05686,SANTA ROSA DE OSOS,ANTIOQUIA,cabecera,service,6218.599270414109
05686,SANTA ROSA DE OSOS,ANTIOQUIA,cabecera,steps,228.8441799949159
05686,SANTA ROSA DE OSOS,ANTIOQUIA,cabecera,tertiary,62.93747100568273
05686,SANTA ROSA DE OSOS,ANTIOQUIA,cabecera,track,276.9342956386617
05686,SANTA ROSA DE OSOS,ANTIOQUIA,cabecera,trunk,2743.764390775178
05686,SANTA ROSA DE OSOS,ANTIOQUIA,cabecera,unclassified,4978.482814490628
05686,SANTA ROSA DE OSOS,ANTIOQUIA,cabecera,unknown,771.5447419251888
05686,SANTA ROSA DE OSOS,ANTIOQUIA,centro_poblado,bridleway,90.9204225028196
05686,SANTA ROSA DE OSOS,ANTIOQUIA,centro_poblado,path,178.72284765628075
05686,SANTA ROSA DE OSOS,ANTIOQUIA,centro_poblado,residential,5283.970695324466
05686,SANTA ROSA DE OSOS,ANTIOQUIA,centro_poblado,service,441.61797093536086
05686,SANTA ROSA DE OSOS,ANTIOQUIA,centro_poblado,steps,15.014871090786324
05686,SANTA ROSA DE OSOS,ANTIOQUIA,centro_poblado,tertiary,706.0250981242027
05686,SANTA ROSA DE OSOS,ANTIOQUIA,centro_poblado,track,73.61928021955222
05686,SANTA ROSA DE OSOS,ANTIOQUIA,centro_poblado,trunk,870.2512139834745
05686,SANTA ROSA DE OSOS,ANTIOQUIA,centro_poblado,unclassified,357.0372403847529
05686,SANTA ROSA DE OSOS,ANTIOQUIA,rural,bridleway,53605.10629574494
05686,SANTA ROSA DE OSOS,ANTIOQUIA,rural,footway,5092.338428516856
05686,SANTA ROSA DE OSOS,ANTIOQUIA,rural,path,380405.341820552
05686,SANTA ROSA DE OSOS,ANTIOQUIA,rural,pedestrian,1.0747008430038634
05686,SANTA ROSA DE OSOS,ANTIOQUIA,rural,residential,30758.673177614335
05686,SANTA ROSA DE OSOS,ANTIOQUIA,rural,secondary,22639.257976217887
05686,SANTA ROSA DE OSOS,ANTIOQUIA,rural,service,270815.4199914104
05686,SANTA ROSA DE OSOS,ANTIOQUIA,rural,steps,162.01708325145236
05686,SANTA ROSA DE OSOS,ANTIOQUIA,rural,tertiary,155919.71340958963
05686,SANTA ROSA DE OSOS,ANTIOQUIA,rural,track,261629.94515100788
05686,SANTA ROSA DE OSOS,ANTIOQUIA,rural,trunk,33759.44973354184
05686,SANTA ROSA DE OSOS,ANTIOQUIA,rural,unclassified,592544.5235990931
05686,SANTA ROSA DE OSOS,ANTIOQUIA,rural,unknown,487.4559769779892
05690,SANTO DOMINGO,ANTIOQUIA,cabecera,residential,3680.720089023744
05690,SANTO DOMINGO,ANTIOQUIA,cabecera,secondary,1965.5620213331915
05690,SANTO DOMINGO,ANTIOQUIA,cabecera,service,326.01774181645095
05690,SANTO DOMINGO,ANTIOQUIA,cabecera,steps,78.5177888238744
05690,SANTO DOMINGO,ANTIOQUIA,cabecera,unclassified,576.1773830110892
05690,SANTO DOMINGO,ANTIOQUIA,centro_poblado,pedestrian,70.6595032508579
05690,SANTO DOMINGO,ANTIOQUIA,centro_poblado,primary,1294.760988231714
05690,SANTO DOMINGO,ANTIOQUIA,centro_poblado,residential,3697.2821728673084
05690,SANTO DOMINGO,ANTIOQUIA,centro_poblado,service,34.87226828212415
05690,SANTO DOMINGO,ANTIOQUIA,centro_poblado,track,62.03404742699086
05690,SANTO DOMINGO,ANTIOQUIA,centro_poblado,trunk,502.3062995135007
05690,SANTO DOMINGO,ANTIOQUIA,centro_poblado,unclassified,436.66986237600634
05690,SANTO DOMINGO,ANTIOQUIA,rural,bridleway,21404.38896432492
05690,SANTO DOMINGO,ANTIOQUIA,rural,path,35796.247522602054
05690,SANTO DOMINGO,ANTIOQUIA,rural,primary,21807.071686298183
05690,SANTO DOMINGO,ANTIOQUIA,rural,residential,8016.123967274179
05690,SANTO DOMINGO,ANTIOQUIA,rural,secondary,28590.25997108671
05690,SANTO DOMINGO,ANTIOQUIA,rural,service,15359.161610924762
05690,SANTO DOMINGO,ANTIOQUIA,rural,tertiary,9993.574202450645
05690,SANTO DOMINGO,ANTIOQUIA,rural,track,34491.75009669982
05690,SANTO DOMINGO,ANTIOQUIA,rural,trunk,40302.900553407555
05690,SANTO DOMINGO,ANTIOQUIA,rural,unclassified,103494.35280086558
05697,SANTUARIO,ANTIOQUIA,cabecera,footway,867.5768806210671
05697,SANTUARIO,ANTIOQUIA,cabecera,path,103.61372435499999
05697,SANTUARIO,ANTIOQUIA,cabecera,pedestrian,1205.9450867639748
05697,SANTUARIO,ANTIOQUIA,cabecera,residential,19518.68004373184
05697,SANTUARIO,ANTIOQUIA,cabecera,secondary,452.1803460976622
05697,SANTUARIO,ANTIOQUIA,cabecera,service,1452.2527650737925
05697,SANTUARIO,ANTIOQUIA,cabecera,steps,281.5935590609303
05697,SANTUARIO,ANTIOQUIA,cabecera,tertiary,2261.7685998349502
05697,SANTUARIO,ANTIOQUIA,cabecera,track,8.209034745862368
05697,SANTUARIO,ANTIOQUIA,cabecera,trunk,2789.560967724903
05697,SANTUARIO,ANTIOQUIA,cabecera,unclassified,1792.3943927209539
05697,SANTUARIO,ANTIOQUIA,cabecera,unknown,227.0127107786568
05697,SANTUARIO,ANTIOQUIA,rural,bridleway,2505.2605349979603
05697,SANTUARIO,ANTIOQUIA,rural,footway,31.67904970259118
05697,SANTUARIO,ANTIOQUIA,rural,path,2101.9986760661022
05697,SANTUARIO,ANTIOQUIA,rural,pedestrian,4.448551536354256
05697,SANTUARIO,ANTIOQUIA,rural,residential,31622.569444476692
05697,SANTUARIO,ANTIOQUIA,rural,secondary,14048.493736025273
05697,SANTUARIO,ANTIOQUIA,rural,service,47313.72243791747
05697,SANTUARIO,ANTIOQUIA,rural,tertiary,14709.674466800294
05697,SANTUARIO,ANTIOQUIA,rural,track,12413.431690769123
05697,SANTUARIO,ANTIOQUIA,rural,trunk,11138.50275477126
05697,SANTUARIO,ANTIOQUIA,rural,unclassified,123540.87818318236
05697,SANTUARIO,ANTIOQUIA,rural,unknown,0.44934275099136345
05736,SEGOVIA,ANTIOQUIA,cabecera,footway,4000.940184144536
05736,SEGOVIA,ANTIOQUIA,cabecera,path,1595.186981141894
05736,SEGOVIA,ANTIOQUIA,cabecera,pedestrian,2491.0685076855175
05736,SEGOVIA,ANTIOQUIA,cabecera,residential,34014.769505238146
05736,SEGOVIA,ANTIOQUIA,cabecera,service,770.5600750203369
05736,SEGOVIA,ANTIOQUIA,cabecera,steps,302.92442761533624
05736,SEGOVIA,ANTIOQUIA,cabecera,tertiary,1740.01104020282
05736,SEGOVIA,ANTIOQUIA,cabecera,track,639.2370802299582
05736,SEGOVIA,ANTIOQUIA,cabecera,unclassified,2236.4592562699145
05736,SEGOVIA,ANTIOQUIA,centro_poblado,footway,156.7127770456553
05736,SEGOVIA,ANTIOQUIA,centro_poblado,path,83.00500175321177
05736,SEGOVIA,ANTIOQUIA,centro_poblado,pedestrian,223.9298724742071
05736,SEGOVIA,ANTIOQUIA,centro_poblado,residential,3149.5327224144025
05736,SEGOVIA,ANTIOQUIA,centro_poblado,service,60.077984003709545
05736,SEGOVIA,ANTIOQUIA,centro_poblado,tertiary,2157.683436215304
05736,SEGOVIA,ANTIOQUIA,centro_poblado,trunk,143.58629960734712
05736,SEGOVIA,ANTIOQUIA,centro_poblado,unclassified,523.2185143929385
05736,SEGOVIA,ANTIOQUIA,rural,bridleway,15294.967584227785
05736,SEGOVIA,ANTIOQUIA,rural,footway,74.22331060732854
05736,SEGOVIA,ANTIOQUIA,rural,path,5043.634878540517
05736,SEGOVIA,ANTIOQUIA,rural,pedestrian,2.8325463545685805
05736,SEGOVIA,ANTIOQUIA,rural,residential,12560.185482525832
05736,SEGOVIA,ANTIOQUIA,rural,service,6110.966356929751
05736,SEGOVIA,ANTIOQUIA,rural,tertiary,5777.31340706795
05736,SEGOVIA,ANTIOQUIA,rural,track,98079.50094884215
05736,SEGOVIA,ANTIOQUIA,rural,trunk,19193.892934075422
05736,SEGOVIA,ANTIOQUIA,rural,unclassified,120889.07325815379
05756,SONSON,ANTIOQUIA,cabecera,footway,351.95599803995805
05756,SONSON,ANTIOQUIA,cabecera,pedestrian,761.2021769572411
05756,SONSON,ANTIOQUIA,cabecera,primary,3760.988880829373
05756,SONSON,ANTIOQUIA,cabecera,residential,28881.138823887573
05756,SONSON,ANTIOQUIA,cabecera,secondary,3223.461209101634
05756,SONSON,ANTIOQUIA,cabecera,service,345.08114005488636
05756,SONSON,ANTIOQUIA,cabecera,track,352.2582756927802
05756,SONSON,ANTIOQUIA,cabecera,unclassified,632.690898014485
05756,SONSON,ANTIOQUIA,centro_poblado,footway,47.31926856767674
05756,SONSON,ANTIOQUIA,centro_poblado,path,11.421969071669563
05756,SONSON,ANTIOQUIA,centro_poblado,pedestrian,90.89478196613706
05756,SONSON,ANTIOQUIA,centro_poblado,residential,8441.318276914104
05756,SONSON,ANTIOQUIA,centro_poblado,tertiary,2064.4214146758964
05756,SONSON,ANTIOQUIA,centro_poblado,track,60.862400041253
05756,SONSON,ANTIOQUIA,centro_poblado,unclassified,1722.4346819907462
05756,SONSON,ANTIOQUIA,rural,bridleway,52075.58174938737
05756,SONSON,ANTIOQUIA,rural,footway,701.2716793395073
05756,SONSON,ANTIOQUIA,rural,path,41419.68796750995
05756,SONSON,ANTIOQUIA,rural,pedestrian,725.6015783417151
05756,SONSON,ANTIOQUIA,rural,primary,19124.69300108185
05756,SONSON,ANTIOQUIA,rural,residential,8086.708694480166
05756,SONSON,ANTIOQUIA,rural,secondary,45856.957945690694
05756,SONSON,ANTIOQUIA,rural,service,40998.95673730805
05756,SONSON,ANTIOQUIA,rural,tertiary,31628.935092924243
05756,SONSON,ANTIOQUIA,rural,track,188544.6018827772
05756,SONSON,ANTIOQUIA,rural,trunk,5001.491014655976
05756,SONSON,ANTIOQUIA,rural,unclassified,412071.34355460666
05756,SONSON,ANTIOQUIA,rural,unknown,9.191394417980462
05761,SOPETRAN,ANTIOQUIA,cabecera,pedestrian,107.84630312188396
05761,SOPETRAN,ANTIOQUIA,cabecera,residential,18607.72427539201
05761,SOPETRAN,ANTIOQUIA,cabecera,secondary,3798.6389653203155
05761,SOPETRAN,ANTIOQUIA,cabecera,service,4113.0844840417085
05761,SOPETRAN,ANTIOQUIA,cabecera,tertiary,1985.204509776992
05761,SOPETRAN,ANTIOQUIA,cabecera,track,642.5811920583673
05761,SOPETRAN,ANTIOQUIA,cabecera,unclassified,8032.295299929473
05761,SOPETRAN,ANTIOQUIA,centro_poblado,bridleway,134.85618740801334
05761,SOPETRAN,ANTIOQUIA,centro_poblado,pedestrian,142.28271317464305
05761,SOPETRAN,ANTIOQUIA,centro_poblado,residential,2308.1862766141935
05761,SOPETRAN,ANTIOQUIA,centro_poblado,secondary,654.7583272100854
05761,SOPETRAN,ANTIOQUIA,centro_poblado,service,27.75445394556098
05761,SOPETRAN,ANTIOQUIA,centro_poblado,tertiary,1304.711059930843
05761,SOPETRAN,ANTIOQUIA,centro_poblado,unclassified,263.0880927378644
05761,SOPETRAN,ANTIOQUIA,rural,bridleway,7633.414759731179
05761,SOPETRAN,ANTIOQUIA,rural,path,64.03142131097664
05761,SOPETRAN,ANTIOQUIA,rural,pedestrian,0.9976567716648689
05761,SOPETRAN,ANTIOQUIA,rural,primary,279.9815418491585
05761,SOPETRAN,ANTIOQUIA,rural,residential,39496.89447832433
05761,SOPETRAN,ANTIOQUIA,rural,secondary,8776.747828168624
05761,SOPETRAN,ANTIOQUIA,rural,service,33652.33901258845
05761,SOPETRAN,ANTIOQUIA,rural,tertiary,38736.83609631565
05761,SOPETRAN,ANTIOQUIA,rural,track,22359.82699410289
05761,SOPETRAN,ANTIOQUIA,rural,trunk,17887.410879929965
05761,SOPETRAN,ANTIOQUIA,rural,unclassified,155045.7371535595
05761,SOPETRAN,ANTIOQUIA,rural,unknown,51.58545229830786
05789,TAMESIS,ANTIOQUIA,cabecera,path,524.5412490383599
05789,TAMESIS,ANTIOQUIA,cabecera,pedestrian,242.5818195625412
05789,TAMESIS,ANTIOQUIA,cabecera,residential,11716.526681523766
05789,TAMESIS,ANTIOQUIA,cabecera,service,65.61101095153009
05789,TAMESIS,ANTIOQUIA,cabecera,steps,334.6810967959144
05789,TAMESIS,ANTIOQUIA,cabecera,tertiary,2569.5385941732366
05789,TAMESIS,ANTIOQUIA,cabecera,unclassified,1303.556507692108
05789,TAMESIS,ANTIOQUIA,centro_poblado,residential,3866.9876917138226
05789,TAMESIS,ANTIOQUIA,centro_poblado,tertiary,808.4248819808188
05789,TAMESIS,ANTIOQUIA,centro_poblado,unclassified,188.55282196282866
05789,TAMESIS,ANTIOQUIA,rural,bridleway,2193.3543796713275
05789,TAMESIS,ANTIOQUIA,rural,path,15237.443666596077
05789,TAMESIS,ANTIOQUIA,rural,residential,4476.110753685039
05789,TAMESIS,ANTIOQUIA,rural,service,2694.9500606407355
05789,TAMESIS,ANTIOQUIA,rural,tertiary,58441.03443439069
05789,TAMESIS,ANTIOQUIA,rural,track,10097.630279373656
05789,TAMESIS,ANTIOQUIA,rural,trunk,11993.461389603563
05789,TAMESIS,ANTIOQUIA,rural,unclassified,110863.644239096
05790,TARAZA,ANTIOQUIA,cabecera,footway,386.25670324162604
05790,TARAZA,ANTIOQUIA,cabecera,path,347.2232717936474
05790,TARAZA,ANTIOQUIA,cabecera,pedestrian,376.4049228059788
05790,TARAZA,ANTIOQUIA,cabecera,residential,37637.99463877459
05790,TARAZA,ANTIOQUIA,cabecera,service,1251.1716140576366
05790,TARAZA,ANTIOQUIA,cabecera,steps,6.207035100338202
05790,TARAZA,ANTIOQUIA,cabecera,tertiary,1429.5533963726139
05790,TARAZA,ANTIOQUIA,cabecera,track,753.5661075832977
05790,TARAZA,ANTIOQUIA,cabecera,trunk,1513.4849700200484
05790,TARAZA,ANTIOQUIA,cabecera,unclassified,17.795641201941116
05790,TARAZA,ANTIOQUIA,centro_poblado,bridleway,342.97883912468785
05790,TARAZA,ANTIOQUIA,centro_poblado,footway,74.95473311269731
05790,TARAZA,ANTIOQUIA,centro_poblado,path,449.89126753191886
05790,TARAZA,ANTIOQUIA,centro_poblado,pedestrian,459.99345794540284
05790,TARAZA,ANTIOQUIA,centro_poblado,residential,12447.866949157611
05790,TARAZA,ANTIOQUIA,centro_poblado,service,559.3149593332266
05790,TARAZA,ANTIOQUIA,centro_poblado,steps,15.008559764008526
05790,TARAZA,ANTIOQUIA,centro_poblado,tertiary,851.7073103609787
05790,TARAZA,ANTIOQUIA,centro_poblado,track,562.1558330068885
05790,TARAZA,ANTIOQUIA,centro_poblado,trunk,2687.2355909853536
05790,TARAZA,ANTIOQUIA,centro_poblado,unclassified,1469.5619630268268
05790,TARAZA,ANTIOQUIA,rural,bridleway,39219.364577699314
05790,TARAZA,ANTIOQUIA,rural,footway,659.0954729321419
05790,TARAZA,ANTIOQUIA,rural,path,27338.431459152966
05790,TARAZA,ANTIOQUIA,rural,pedestrian,206.65004882580547
05790,TARAZA,ANTIOQUIA,rural,residential,7105.5541389042855
05790,TARAZA,ANTIOQUIA,rural,service,10428.416629212323
05790,TARAZA,ANTIOQUIA,rural,tertiary,26306.630200746426
05790,TARAZA,ANTIOQUIA,rural,track,180745.14313108876
05790,TARAZA,ANTIOQUIA,rural,trunk,22563.353963913538
05790,TARAZA,ANTIOQUIA,rural,unclassified,98224.55010451938
05792,TARSO,ANTIOQUIA,cabecera,path,222.9364106006981
05792,TARSO,ANTIOQUIA,cabecera,pedestrian,792.9928324063835
05792,TARSO,ANTIOQUIA,cabecera,residential,3872.7784123467763
05792,TARSO,ANTIOQUIA,cabecera,service,23.59997217362216
05792,TARSO,ANTIOQUIA,cabecera,steps,94.65908009815777
05792,TARSO,ANTIOQUIA,cabecera,tertiary,2135.3437439982076
05792,TARSO,ANTIOQUIA,cabecera,unclassified,893.9037347275003
05792,TARSO,ANTIOQUIA,centro_poblado,tertiary,855.5988791941015
05792,TARSO,ANTIOQUIA,centro_poblado,track,220.16205197812954
05792,TARSO,ANTIOQUIA,centro_poblado,unclassified,362.0005246727834
05792,TARSO,ANTIOQUIA,rural,bridleway,1225.7063778427337
05792,TARSO,ANTIOQUIA,rural,footway,290.29054885434334
05792,TARSO,ANTIOQUIA,rural,path,194.60379339874305
05792,TARSO,ANTIOQUIA,rural,pedestrian,8.608765735511621
05792,TARSO,ANTIOQUIA,rural,primary,5887.888001481447
05792,TARSO,ANTIOQUIA,rural,residential,1967.8332710982902
05792,TARSO,ANTIOQUIA,rural,secondary,193.2097598278104
05792,TARSO,ANTIOQUIA,rural,service,15280.370273765528
05792,TARSO,ANTIOQUIA,rural,tertiary,48138.43085300353
05792,TARSO,ANTIOQUIA,rural,track,37588.15760441239
05792,TARSO,ANTIOQUIA,rural,trunk,28091.53932751815
05792,TARSO,ANTIOQUIA,rural,unclassified,72682.49587664504
05809,TITIRIBI,ANTIOQUIA,cabecera,footway,380.3829226254434
05809,TITIRIBI,ANTIOQUIA,cabecera,path,88.67945845314743
05809,TITIRIBI,ANTIOQUIA,cabecera,residential,4600.212494069903
05809,TITIRIBI,ANTIOQUIA,cabecera,secondary,1729.444617586788
05809,TITIRIBI,ANTIOQUIA,cabecera,service,25.015816204617202
05809,TITIRIBI,ANTIOQUIA,cabecera,tertiary,207.40886561078273
05809,TITIRIBI,ANTIOQUIA,cabecera,unclassified,179.51663268876473
05809,TITIRIBI,ANTIOQUIA,centro_poblado,primary,1603.7563235344073
05809,TITIRIBI,ANTIOQUIA,centro_poblado,residential,874.2371281791809
05809,TITIRIBI,ANTIOQUIA,centro_poblado,secondary,353.09614957758004
05809,TITIRIBI,ANTIOQUIA,centro_poblado,service,211.19561008831354
05809,TITIRIBI,ANTIOQUIA,centro_poblado,tertiary,1170.8379330282778
05809,TITIRIBI,ANTIOQUIA,centro_poblado,track,257.43796983064726
05809,TITIRIBI,ANTIOQUIA,centro_poblado,trunk,606.0213177246467
05809,TITIRIBI,ANTIOQUIA,centro_poblado,unclassified,1694.7179511098334
05809,TITIRIBI,ANTIOQUIA,rural,bridleway,7826.82468761535
05809,TITIRIBI,ANTIOQUIA,rural,footway,33.50319633463784
05809,TITIRIBI,ANTIOQUIA,rural,path,2951.8482112211404
05809,TITIRIBI,ANTIOQUIA,rural,primary,7327.781916514904
05809,TITIRIBI,ANTIOQUIA,rural,residential,5416.776434217912
05809,TITIRIBI,ANTIOQUIA,rural,secondary,8879.040790864572
05809,TITIRIBI,ANTIOQUIA,rural,service,10565.092960701148
05809,TITIRIBI,ANTIOQUIA,rural,tertiary,37995.0791443566
05809,TITIRIBI,ANTIOQUIA,rural,track,32791.44636113666
05809,TITIRIBI,ANTIOQUIA,rural,trunk,28291.780817499628
05809,TITIRIBI,ANTIOQUIA,rural,unclassified,66222.1947480347
05809,TITIRIBI,ANTIOQUIA,rural,unknown,6945.621821722028
05842,URAMITA,ANTIOQUIA,cabecera,footway,32.909399287940204
05842,URAMITA,ANTIOQUIA,cabecera,pedestrian,177.77489555423153
05842,URAMITA,ANTIOQUIA,cabecera,residential,1671.8340299683673
05842,URAMITA,ANTIOQUIA,cabecera,secondary,1497.0642481392206
05842,URAMITA,ANTIOQUIA,cabecera,service,59.272193674694776
05842,URAMITA,ANTIOQUIA,cabecera,tertiary,656.4805464803909
05842,URAMITA,ANTIOQUIA,cabecera,trunk,321.6907728252485
05842,URAMITA,ANTIOQUIA,centro_poblado,bridleway,77.05514679013999
05842,URAMITA,ANTIOQUIA,centro_poblado,residential,485.78113864543775
05842,URAMITA,ANTIOQUIA,centro_poblado,unclassified,720.5354222476407
05842,URAMITA,ANTIOQUIA,rural,bridleway,3186.986004094734
05842,URAMITA,ANTIOQUIA,rural,path,9449.085823736938
05842,URAMITA,ANTIOQUIA,rural,pedestrian,404.51870903189496
05842,URAMITA,ANTIOQUIA,rural,residential,1775.7855906596196
05842,URAMITA,ANTIOQUIA,rural,secondary,5920.247686743493
05842,URAMITA,ANTIOQUIA,rural,service,2812.3061598150975
05842,URAMITA,ANTIOQUIA,rural,tertiary,46025.70234002955
05842,URAMITA,ANTIOQUIA,rural,track,31243.445831093082
05842,URAMITA,ANTIOQUIA,rural,trunk,14650.933878396565
05842,URAMITA,ANTIOQUIA,rural,unclassified,116947.0902818944
05847,URRAO,ANTIOQUIA,cabecera,bridleway,103.89462510414535
05847,URRAO,ANTIOQUIA,cabecera,footway,110.72523716082331
05847,URRAO,ANTIOQUIA,cabecera,path,150.73073959771978
05847,URRAO,ANTIOQUIA,cabecera,pedestrian,460.1694047057549
05847,URRAO,ANTIOQUIA,cabecera,residential,28759.57934182041
05847,URRAO,ANTIOQUIA,cabecera,secondary,4758.531278964747
05847,URRAO,ANTIOQUIA,cabecera,service,535.1895959794459
05847,URRAO,ANTIOQUIA,cabecera,steps,20.046392976288928
05847,URRAO,ANTIOQUIA,cabecera,track,1008.9041308141436
05847,URRAO,ANTIOQUIA,cabecera,unclassified,1432.5202167230168
05847,URRAO,ANTIOQUIA,centro_poblado,path,4.378712006073061
05847,URRAO,ANTIOQUIA,centro_poblado,pedestrian,117.08600045641091
05847,URRAO,ANTIOQUIA,centro_poblado,residential,580.5024908477634
05847,URRAO,ANTIOQUIA,centro_poblado,secondary,727.1553123751123
05847,URRAO,ANTIOQUIA,centro_poblado,service,418.41266163429293
05847,URRAO,ANTIOQUIA,centro_poblado,tertiary,235.69629330705402
05847,URRAO,ANTIOQUIA,centro_poblado,unclassified,534.6336052747132
05847,URRAO,ANTIOQUIA,rural,bridleway,48984.855637288034
05847,URRAO,ANTIOQUIA,rural,path,86839.55227982976
05847,URRAO,ANTIOQUIA,rural,pedestrian,19.492182549662864
05847,URRAO,ANTIOQUIA,rural,residential,7330.534016309381
05847,URRAO,ANTIOQUIA,rural,secondary,46154.913397821416
05847,URRAO,ANTIOQUIA,rural,service,16186.874201942968
05847,URRAO,ANTIOQUIA,rural,tertiary,52481.725281782754
05847,URRAO,ANTIOQUIA,rural,track,146373.55543174196
05847,URRAO,ANTIOQUIA,rural,unclassified,241981.45412112746
05854,VALDIVIA,ANTIOQUIA,cabecera,bridleway,336.2038182361059
05854,VALDIVIA,ANTIOQUIA,cabecera,footway,533.6123089349774
05854,VALDIVIA,ANTIOQUIA,cabecera,path,464.4025782733045
05854,VALDIVIA,ANTIOQUIA,cabecera,pedestrian,302.53479319682646
05854,VALDIVIA,ANTIOQUIA,cabecera,residential,2506.759284251199
05854,VALDIVIA,ANTIOQUIA,cabecera,secondary,1212.6741778523963
05854,VALDIVIA,ANTIOQUIA,cabecera,service,685.3334304441216
05854,VALDIVIA,ANTIOQUIA,cabecera,steps,16.295156506757884
05854,VALDIVIA,ANTIOQUIA,cabecera,trunk,1889.386838930855
05854,VALDIVIA,ANTIOQUIA,centro_poblado,path,359.64971871130786
05854,VALDIVIA,ANTIOQUIA,centro_poblado,pedestrian,279.303712269284
05854,VALDIVIA,ANTIOQUIA,centro_poblado,residential,1274.9505265653354
05854,VALDIVIA,ANTIOQUIA,centro_poblado,service,246.15763934388087
05854,VALDIVIA,ANTIOQUIA,centro_poblado,track,154.09958025601415
05854,VALDIVIA,ANTIOQUIA,centro_poblado,trunk,1774.0550999868697
05854,VALDIVIA,ANTIOQUIA,centro_poblado,unclassified,819.434860347921
05854,VALDIVIA,ANTIOQUIA,rural,bridleway,42013.750164060206
05854,VALDIVIA,ANTIOQUIA,rural,footway,186.34771300772138
05854,VALDIVIA,ANTIOQUIA,rural,path,50115.991400326486
05854,VALDIVIA,ANTIOQUIA,rural,pedestrian,58.86423420202616
05854,VALDIVIA,ANTIOQUIA,rural,residential,3121.186202867565
05854,VALDIVIA,ANTIOQUIA,rural,secondary,1693.4796763595762
05854,VALDIVIA,ANTIOQUIA,rural,service,6280.910339035464
05854,VALDIVIA,ANTIOQUIA,rural,tertiary,4451.166326903006
05854,VALDIVIA,ANTIOQUIA,rural,track,73358.17893517371
05854,VALDIVIA,ANTIOQUIA,rural,trunk,50828.97154640234
05854,VALDIVIA,ANTIOQUIA,rural,unclassified,65619.32556580787
05858,VEGACHI,ANTIOQUIA,cabecera,footway,515.7041526215223
05858,VEGACHI,ANTIOQUIA,cabecera,path,370.21265519213176
05858,VEGACHI,ANTIOQUIA,cabecera,pedestrian,181.7672261065287
05858,VEGACHI,ANTIOQUIA,cabecera,residential,12240.159416330695
05858,VEGACHI,ANTIOQUIA,cabecera,secondary,1240.7212192683774
05858,VEGACHI,ANTIOQUIA,cabecera,service,589.7503463927835
05858,VEGACHI,ANTIOQUIA,cabecera,tertiary,2355.748090963712
05858,VEGACHI,ANTIOQUIA,cabecera,track,734.410614467284
05858,VEGACHI,ANTIOQUIA,cabecera,unclassified,1481.7966889530364
05858,VEGACHI,ANTIOQUIA,centro_poblado,residential,745.2187357226751
05858,VEGACHI,ANTIOQUIA,centro_poblado,trunk,1157.569493869632
05858,VEGACHI,ANTIOQUIA,centro_poblado,unclassified,303.54279409782964
05858,VEGACHI,ANTIOQUIA,centro_poblado,unknown,604.6863972043915
05858,VEGACHI,ANTIOQUIA,rural,bridleway,36479.94037437187
05858,VEGACHI,ANTIOQUIA,rural,path,10916.257558216152
05858,VEGACHI,ANTIOQUIA,rural,residential,944.9338190652696
05858,VEGACHI,ANTIOQUIA,rural,secondary,4032.2898749267206
05858,VEGACHI,ANTIOQUIA,rural,service,899.5493549587407
05858,VEGACHI,ANTIOQUIA,rural,tertiary,14291.122666730302
05858,VEGACHI,ANTIOQUIA,rural,track,57826.732843392776
05858,VEGACHI,ANTIOQUIA,rural,trunk,14998.862796466281
05858,VEGACHI,ANTIOQUIA,rural,unclassified,122392.09258312453
05858,VEGACHI,ANTIOQUIA,rural,unknown,11782.24627408548
05861,VENECIA,ANTIOQUIA,cabecera,path,40.77151150660889
05861,VENECIA,ANTIOQUIA,cabecera,pedestrian,85.90572631349846
05861,VENECIA,ANTIOQUIA,cabecera,residential,10316.905659927617
05861,VENECIA,ANTIOQUIA,cabecera,secondary,2841.7046909318146
05861,VENECIA,ANTIOQUIA,cabecera,service,1259.1880027024868
05861,VENECIA,ANTIOQUIA,cabecera,tertiary,725.4667543854991
05861,VENECIA,ANTIOQUIA,cabecera,track,14.602110039952876
05861,VENECIA,ANTIOQUIA,cabecera,unclassified,136.94902238433394
05861,VENECIA,ANTIOQUIA,centro_poblado,footway,121.42966444349784
05861,VENECIA,ANTIOQUIA,centro_poblado,path,32.07498868493212
05861,VENECIA,ANTIOQUIA,centro_poblado,pedestrian,53.32232416768549
05861,VENECIA,ANTIOQUIA,centro_poblado,primary,951.8033824049763
05861,VENECIA,ANTIOQUIA,centro_poblado,residential,3509.6219079084944
05861,VENECIA,ANTIOQUIA,centro_poblado,secondary,86.23356840545576
05861,VENECIA,ANTIOQUIA,centro_poblado,service,891.2034665192207
05861,VENECIA,ANTIOQUIA,centro_poblado,tertiary,1008.970375281705
05861,VENECIA,ANTIOQUIA,centro_poblado,track,169.69501396732815
05861,VENECIA,ANTIOQUIA,centro_poblado,unclassified,1217.8291565743216
05861,VENECIA,ANTIOQUIA,rural,footway,1916.6751020693673
05861,VENECIA,ANTIOQUIA,rural,path,5213.963875248729
05861,VENECIA,ANTIOQUIA,rural,primary,4613.534315901445
05861,VENECIA,ANTIOQUIA,rural,residential,16932.15875882241
05861,VENECIA,ANTIOQUIA,rural,secondary,22653.71720916251
05861,VENECIA,ANTIOQUIA,rural,service,30574.923990193773
05861,VENECIA,ANTIOQUIA,rural,tertiary,12346.489483332762
05861,VENECIA,ANTIOQUIA,rural,track,25728.34495750457
05861,VENECIA,ANTIOQUIA,rural,trunk,18573.53295030525
05861,VENECIA,ANTIOQUIA,rural,unclassified,76761.78981426303
05861,VENECIA,ANTIOQUIA,rural,unknown,4131.661295644997
05885,YALI,ANTIOQUIA,cabecera,bridleway,239.90139915668567
05885,YALI,ANTIOQUIA,cabecera,pedestrian,114.54144250283383
05885,YALI,ANTIOQUIA,cabecera,residential,5669.288739121029
05885,YALI,ANTIOQUIA,cabecera,secondary,157.22424532357635
05885,YALI,ANTIOQUIA,cabecera,track,78.00565232609277
05885,YALI,ANTIOQUIA,cabecera,unclassified,1490.639151658818
05885,YALI,ANTIOQUIA,centro_poblado,unclassified,277.65164904625095
05885,YALI,ANTIOQUIA,rural,bridleway,21361.597681491166
05885,YALI,ANTIOQUIA,rural,path,837.1514279979735
05885,YALI,ANTIOQUIA,rural,residential,1070.0033938972672
05885,YALI,ANTIOQUIA,rural,secondary,31691.71873236386
05885,YALI,ANTIOQUIA,rural,service,2311.1623277379276
05885,YALI,ANTIOQUIA,rural,tertiary,8936.870249472331
05885,YALI,ANTIOQUIA,rural,track,53478.379569818884
05885,YALI,ANTIOQUIA,rural,trunk,15812.506271842152
05885,YALI,ANTIOQUIA,rural,unclassified,160153.32696836328
05887,YARUMAL,ANTIOQUIA,cabecera,footway,204.47434984157877
05887,YARUMAL,ANTIOQUIA,cabecera,path,213.50767414851475
05887,YARUMAL,ANTIOQUIA,cabecera,pedestrian,280.2753914057337
05887,YARUMAL,ANTIOQUIA,cabecera,residential,32906.90021493838
05887,YARUMAL,ANTIOQUIA,cabecera,secondary,2651.9909493149753
05887,YARUMAL,ANTIOQUIA,cabecera,service,1993.4227916873906
05887,YARUMAL,ANTIOQUIA,cabecera,steps,148.12552229117583
05887,YARUMAL,ANTIOQUIA,cabecera,tertiary,849.2700777506898
05887,YARUMAL,ANTIOQUIA,cabecera,trunk,2404.293246614291
05887,YARUMAL,ANTIOQUIA,cabecera,unclassified,348.189335893321
05887,YARUMAL,ANTIOQUIA,centro_poblado,pedestrian,384.77347276989815
05887,YARUMAL,ANTIOQUIA,centro_poblado,residential,5107.425008368862
05887,YARUMAL,ANTIOQUIA,centro_poblado,secondary,352.4939749684286
05887,YARUMAL,ANTIOQUIA,centro_poblado,service,49.5491844487324
05887,YARUMAL,ANTIOQUIA,centro_poblado,tertiary,952.4534283843824
05887,YARUMAL,ANTIOQUIA,centro_poblado,track,132.43488047949631
05887,YARUMAL,ANTIOQUIA,centro_poblado,trunk,1062.8447694949905
05887,YARUMAL,ANTIOQUIA,centro_poblado,unclassified,800.2886559478329
05887,YARUMAL,ANTIOQUIA,rural,bridleway,13972.716773210836
05887,YARUMAL,ANTIOQUIA,rural,path,21474.1478210887
05887,YARUMAL,ANTIOQUIA,rural,pedestrian,502.93531636429657
05887,YARUMAL,ANTIOQUIA,rural,residential,7744.679984218767
05887,YARUMAL,ANTIOQUIA,rural,secondary,10604.108930193088
05887,YARUMAL,ANTIOQUIA,rural,service,41985.28566505868
05887,YARUMAL,ANTIOQUIA,rural,steps,63.17490793643412
05887,YARUMAL,ANTIOQUIA,rural,tertiary,94096.14311703145
05887,YARUMAL,ANTIOQUIA,rural,track,141204.7926223091
05887,YARUMAL,ANTIOQUIA,rural,trunk,37074.58630438452
05887,YARUMAL,ANTIOQUIA,rural,unclassified,291226.0314269764
05890,YOLOMBO,ANTIOQUIA,cabecera,footway,205.56943833176416
05890,YOLOMBO,ANTIOQUIA,cabecera,pedestrian,248.8618928256839
05890,YOLOMBO,ANTIOQUIA,cabecera,residential,8758.86146019661
05890,YOLOMBO,ANTIOQUIA,cabecera,secondary,2645.8665650032253
05890,YOLOMBO,ANTIOQUIA,cabecera,service,1089.3905578809213
05890,YOLOMBO,ANTIOQUIA,cabecera,steps,33.00994772166699
05890,YOLOMBO,ANTIOQUIA,cabecera,track,638.7503592458355
05890,YOLOMBO,ANTIOQUIA,cabecera,unclassified,4497.289725406677
05890,YOLOMBO,ANTIOQUIA,centro_poblado,bridleway,3.092437733536029
05890,YOLOMBO,ANTIOQUIA,centro_poblado,residential,4135.768816380829
05890,YOLOMBO,ANTIOQUIA,centro_poblado,secondary,929.7927368394455
05890,YOLOMBO,ANTIOQUIA,centro_poblado,track,541.0994058666226
05890,YOLOMBO,ANTIOQUIA,centro_poblado,unclassified,1485.51491455082
05890,YOLOMBO,ANTIOQUIA,rural,bridleway,10059.881275668225
05890,YOLOMBO,ANTIOQUIA,rural,path,5100.050228517189
05890,YOLOMBO,ANTIOQUIA,rural,pedestrian,46.272942322231096
05890,YOLOMBO,ANTIOQUIA,rural,primary,2690.0579262665706
05890,YOLOMBO,ANTIOQUIA,rural,residential,16746.30769361656
05890,YOLOMBO,ANTIOQUIA,rural,secondary,92662.85397129171
05890,YOLOMBO,ANTIOQUIA,rural,service,17979.882199964257
05890,YOLOMBO,ANTIOQUIA,rural,tertiary,11399.818079490287
05890,YOLOMBO,ANTIOQUIA,rural,track,96045.30766336361
05890,YOLOMBO,ANTIOQUIA,rural,trunk,11095.229559365107
05890,YOLOMBO,ANTIOQUIA,rural,unclassified,355050.586563992
05893,YONDO-CASABE,ANTIOQUIA,cabecera,footway,376.30801853434883
05893,YONDO-CASABE,ANTIOQUIA,cabecera,path,338.75057796541466
05893,YONDO-CASABE,ANTIOQUIA,cabecera,pedestrian,314.7757942401325
05893,YONDO-CASABE,ANTIOQUIA,cabecera,residential,28643.72143102254
05893,YONDO-CASABE,ANTIOQUIA,cabecera,secondary,1707.2171328299498
05893,YONDO-CASABE,ANTIOQUIA,cabecera,service,4020.174309134684
05893,YONDO-CASABE,ANTIOQUIA,cabecera,tertiary,1752.808610072498
05893,YONDO-CASABE,ANTIOQUIA,cabecera,unclassified,1525.1448431663957
05893,YONDO-CASABE,ANTIOQUIA,centro_poblado,path,355.65044117024246
05893,YONDO-CASABE,ANTIOQUIA,centro_poblado,residential,5357.933264299164
05893,YONDO-CASABE,ANTIOQUIA,centro_poblado,secondary,236.2515378825749
05893,YONDO-CASABE,ANTIOQUIA,centro_poblado,tertiary,1049.5961163470072
05893,YONDO-CASABE,ANTIOQUIA,centro_poblado,track,426.5656197727342
05893,YONDO-CASABE,ANTIOQUIA,centro_poblado,unclassified,1431.638421762116
05893,YONDO-CASABE,ANTIOQUIA,rural,bridleway,2819.5973548522434
05893,YONDO-CASABE,ANTIOQUIA,rural,path,16092.735466625943
05893,YONDO-CASABE,ANTIOQUIA,rural,residential,5573.915070949036
05893,YONDO-CASABE,ANTIOQUIA,rural,secondary,107511.12268523082
05893,YONDO-CASABE,ANTIOQUIA,rural,service,19843.58044920821
05893,YONDO-CASABE,ANTIOQUIA,rural,tertiary,26294.881537041292
05893,YONDO-CASABE,ANTIOQUIA,rural,track,163277.40372947205
05893,YONDO-CASABE,ANTIOQUIA,rural,unclassified,334452.32670467766
05895,ZARAGOZA,ANTIOQUIA,cabecera,footway,466.8543976307633
05895,ZARAGOZA,ANTIOQUIA,cabecera,path,968.6405551506298
05895,ZARAGOZA,ANTIOQUIA,cabecera,pedestrian,93.9827484468921
05895,ZARAGOZA,ANTIOQUIA,cabecera,residential,12477.387042127253
05895,ZARAGOZA,ANTIOQUIA,cabecera,secondary,1486.836562743659
05895,ZARAGOZA,ANTIOQUIA,cabecera,service,3004.67736935319
05895,ZARAGOZA,ANTIOQUIA,cabecera,tertiary,3070.677225958299
05895,ZARAGOZA,ANTIOQUIA,cabecera,track,100.68841204446832
05895,ZARAGOZA,ANTIOQUIA,cabecera,unclassified,184.05864321224047
05895,ZARAGOZA,ANTIOQUIA,centro_poblado,bridleway,191.38064989921764
05895,ZARAGOZA,ANTIOQUIA,centro_poblado,path,105.10050782305464
05895,ZARAGOZA,ANTIOQUIA,centro_poblado,pedestrian,36.78987319744535
05895,ZARAGOZA,ANTIOQUIA,centro_poblado,residential,5488.1002475223695
05895,ZARAGOZA,ANTIOQUIA,centro_poblado,service,1208.6961455122237
05895,ZARAGOZA,ANTIOQUIA,centro_poblado,tertiary,1849.4746661844538
05895,ZARAGOZA,ANTIOQUIA,centro_poblado,track,1088.7702825715805
05895,ZARAGOZA,ANTIOQUIA,centro_poblado,unclassified,617.4161601358882
05895,ZARAGOZA,ANTIOQUIA,rural,bridleway,9578.292066479806
05895,ZARAGOZA,ANTIOQUIA,rural,footway,228.7750671389733
05895,ZARAGOZA,ANTIOQUIA,rural,path,10787.067039919333
05895,ZARAGOZA,ANTIOQUIA,rural,residential,2030.6349174530499
05895,ZARAGOZA,ANTIOQUIA,rural,secondary,1365.5004623698696
05895,ZARAGOZA,ANTIOQUIA,rural,service,4227.239328573295
05895,ZARAGOZA,ANTIOQUIA,rural,tertiary,64259.58564134874
05895,ZARAGOZA,ANTIOQUIA,rural,track,201766.72692396358
05895,ZARAGOZA,ANTIOQUIA,rural,trunk,51085.91904205249
05895,ZARAGOZA,ANTIOQUIA,rural,unclassified,82657.14692534543
08078,BARANOA,ATLANTICO,cabecera,footway,24873.76535168411
08078,BARANOA,ATLANTICO,cabecera,path,572.558672181582
08078,BARANOA,ATLANTICO,cabecera,residential,95510.6476217954
08078,BARANOA,ATLANTICO,cabecera,secondary,5013.257919142272
08078,BARANOA,ATLANTICO,cabecera,service,2722.239329233438
08078,BARANOA,ATLANTICO,cabecera,tertiary,5325.656673279724
08078,BARANOA,ATLANTICO,cabecera,track,184.62722877981486
08078,BARANOA,ATLANTICO,cabecera,trunk,1727.325061709883
08078,BARANOA,ATLANTICO,cabecera,unclassified,147.19764016289912
08078,BARANOA,ATLANTICO,centro_poblado,path,30.98028721514452
08078,BARANOA,ATLANTICO,centro_poblado,residential,18328.44431722399
08078,BARANOA,ATLANTICO,centro_poblado,service,225.97732222695817
08078,BARANOA,ATLANTICO,centro_poblado,tertiary,2072.4404679339336
08078,BARANOA,ATLANTICO,centro_poblado,track,22.407763752023016
08078,BARANOA,ATLANTICO,centro_poblado,trunk,1593.2642395569817
08078,BARANOA,ATLANTICO,centro_poblado,unclassified,655.9217199898613
08078,BARANOA,ATLANTICO,rural,footway,516.2373049802069
08078,BARANOA,ATLANTICO,rural,path,2347.3737230575043
08078,BARANOA,ATLANTICO,rural,residential,15576.805383312498
08078,BARANOA,ATLANTICO,rural,secondary,5559.075403046997
08078,BARANOA,ATLANTICO,rural,service,36447.576027373805
08078,BARANOA,ATLANTICO,rural,tertiary,18826.502894637604
08078,BARANOA,ATLANTICO,rural,track,29111.11645109167
08078,BARANOA,ATLANTICO,rural,trunk,14079.3535107165
08078,BARANOA,ATLANTICO,rural,unclassified,90956.16812592771
08137,CAMPO DE LA CRUZ,ATLANTICO,cabecera,footway,1148.7892379537986
08137,CAMPO DE LA CRUZ,ATLANTICO,cabecera,path,481.09697811828937
08137,CAMPO DE LA CRUZ,ATLANTICO,cabecera,residential,45615.802347964964
08137,CAMPO DE LA CRUZ,ATLANTICO,cabecera,service,2444.8942189747713
08137,CAMPO DE LA CRUZ,ATLANTICO,cabecera,tertiary,5309.565373860199
08137,CAMPO DE LA CRUZ,ATLANTICO,cabecera,track,123.97001785261135
08137,CAMPO DE LA CRUZ,ATLANTICO,cabecera,trunk,204.02055108852642
08137,CAMPO DE LA CRUZ,ATLANTICO,cabecera,unclassified,6152.17945833392
08137,CAMPO DE LA CRUZ,ATLANTICO,centro_poblado,residential,6149.106108640345
08137,CAMPO DE LA CRUZ,ATLANTICO,centro_poblado,service,62.222239502322225
08137,CAMPO DE LA CRUZ,ATLANTICO,centro_poblado,trunk,658.6606728123936
08137,CAMPO DE LA CRUZ,ATLANTICO,rural,residential,2757.172581500339
08137,CAMPO DE LA CRUZ,ATLANTICO,rural,service,4751.536947454234
08137,CAMPO DE LA CRUZ,ATLANTICO,rural,tertiary,4460.405642223555
08137,CAMPO DE LA CRUZ,ATLANTICO,rural,track,42589.978943632384
08137,CAMPO DE LA CRUZ,ATLANTICO,rural,trunk,16997.52025046849
08137,CAMPO DE LA CRUZ,ATLANTICO,rural,unclassified,37273.65176665653
08141,CANDELARIA,ATLANTICO,cabecera,residential,24536.161866941628
08141,CANDELARIA,ATLANTICO,cabecera,service,103.67193670811858
08141,CANDELARIA,ATLANTICO,cabecera,tertiary,2629.6035565470897
08141,CANDELARIA,ATLANTICO,cabecera,track,990.4588274234043
08141,CANDELARIA,ATLANTICO,centro_poblado,residential,10593.99541781782
08141,CANDELARIA,ATLANTICO,centro_poblado,tertiary,1589.4179747381422
08141,CANDELARIA,ATLANTICO,centro_poblado,track,150.4383664676797
08141,CANDELARIA,ATLANTICO,centro_poblado,unclassified,34.198414817140126
08141,CANDELARIA,ATLANTICO,rural,residential,4004.1312204230962
08141,CANDELARIA,ATLANTICO,rural,service,1786.83693038768
08141,CANDELARIA,ATLANTICO,rural,tertiary,21919.640339326244
08141,CANDELARIA,ATLANTICO,rural,track,23689.01185871387
08141,CANDELARIA,ATLANTICO,rural,trunk,2217.1315901810513
08141,CANDELARIA,ATLANTICO,rural,unclassified,47377.84906357742
08296,GALAPA,ATLANTICO,cabecera,footway,3060.352009274413
08296,GALAPA,ATLANTICO,cabecera,path,707.9370368130466
08296,GALAPA,ATLANTICO,cabecera,residential,91166.75357737066
08296,GALAPA,ATLANTICO,cabecera,service,21544.370854919514
08296,GALAPA,ATLANTICO,cabecera,tertiary,7137.8145237120825
08296,GALAPA,ATLANTICO,cabecera,track,1290.733123796401
08296,GALAPA,ATLANTICO,cabecera,trunk,15296.465979204295
08296,GALAPA,ATLANTICO,cabecera,unclassified,18581.721177919844
08296,GALAPA,ATLANTICO,centro_poblado,residential,1125.765073256187
08296,GALAPA,ATLANTICO,centro_poblado,service,69.37628769810595
08296,GALAPA,ATLANTICO,centro_poblado,tertiary,412.4127590394587
08296,GALAPA,ATLANTICO,rural,footway,1174.0699298810357
08296,GALAPA,ATLANTICO,rural,path,1850.3576316274844
08296,GALAPA,ATLANTICO,rural,residential,19737.589096436583
08296,GALAPA,ATLANTICO,rural,secondary,3070.152727342031
08296,GALAPA,ATLANTICO,rural,service,39631.316479640394
08296,GALAPA,ATLANTICO,rural,tertiary,8054.132124208123
08296,GALAPA,ATLANTICO,rural,track,16674.79788689803
08296,GALAPA,ATLANTICO,rural,trunk,32513.293192037934
08296,GALAPA,ATLANTICO,rural,unclassified,68710.71381911488
08372,JUAN DE ACOSTA,ATLANTICO,cabecera,residential,27222.695771034156
08372,JUAN DE ACOSTA,ATLANTICO,cabecera,service,86.28094493789288
08372,JUAN DE ACOSTA,ATLANTICO,cabecera,tertiary,3761.1019011552326
08372,JUAN DE ACOSTA,ATLANTICO,cabecera,track,1238.9204388682745
08372,JUAN DE ACOSTA,ATLANTICO,cabecera,unclassified,582.5550125747538
08372,JUAN DE ACOSTA,ATLANTICO,centro_poblado,footway,151.2593886936301
08372,JUAN DE ACOSTA,ATLANTICO,centro_poblado,path,134.01897505267948
08372,JUAN DE ACOSTA,ATLANTICO,centro_poblado,residential,24177.395877168587
08372,JUAN DE ACOSTA,ATLANTICO,centro_poblado,service,15765.70291119798
08372,JUAN DE ACOSTA,ATLANTICO,centro_poblado,tertiary,2400.51074980425
08372,JUAN DE ACOSTA,ATLANTICO,centro_poblado,track,313.93863949328045
08372,JUAN DE ACOSTA,ATLANTICO,centro_poblado,trunk,3249.978810178769
08372,JUAN DE ACOSTA,ATLANTICO,centro_poblado,unclassified,624.0587832560379
08372,JUAN DE ACOSTA,ATLANTICO,rural,footway,904.0382672886008
08372,JUAN DE ACOSTA,ATLANTICO,rural,path,9212.7210236959
08372,JUAN DE ACOSTA,ATLANTICO,rural,residential,19367.192193150106
08372,JUAN DE ACOSTA,ATLANTICO,rural,service,21528.87113087903
08372,JUAN DE ACOSTA,ATLANTICO,rural,tertiary,32554.189972920154
08372,JUAN DE ACOSTA,ATLANTICO,rural,track,49693.32938963116
08372,JUAN DE ACOSTA,ATLANTICO,rural,trunk,12670.792366252701
08372,JUAN DE ACOSTA,ATLANTICO,rural,unclassified,31776.501611297506
08421,LURUACO,ATLANTICO,cabecera,footway,22.49277870439357
08421,LURUACO,ATLANTICO,cabecera,residential,29064.43781238356
08421,LURUACO,ATLANTICO,cabecera,service,133.06357693112545
08421,LURUACO,ATLANTICO,cabecera,track,530.4647666982945
08421,LURUACO,ATLANTICO,cabecera,trunk,1367.581488144046
08421,LURUACO,ATLANTICO,cabecera,unclassified,172.26710651435138
08421,LURUACO,ATLANTICO,centro_poblado,residential,28560.079084737412
08421,LURUACO,ATLANTICO,centro_poblado,service,613.2887230424852
08421,LURUACO,ATLANTICO,centro_poblado,tertiary,4066.3435448970317
08421,LURUACO,ATLANTICO,centro_poblado,track,725.3048507600992
08421,LURUACO,ATLANTICO,centro_poblado,trunk,3431.023532435759
08421,LURUACO,ATLANTICO,centro_poblado,unclassified,900.6357534560428
08421,LURUACO,ATLANTICO,rural,path,9154.778739196141
08421,LURUACO,ATLANTICO,rural,residential,3596.6562404660435
08421,LURUACO,ATLANTICO,rural,service,7086.6433132937545
08421,LURUACO,ATLANTICO,rural,tertiary,19789.802125875398
08421,LURUACO,ATLANTICO,rural,track,45994.909033331314
08421,LURUACO,ATLANTICO,rural,trunk,17896.276351376837
08421,LURUACO,ATLANTICO,rural,unclassified,53654.806202248416
08433,MALAMBO,ATLANTICO,cabecera,footway,10250.336761960849
08433,MALAMBO,ATLANTICO,cabecera,path,4856.169819732742
08433,MALAMBO,ATLANTICO,cabecera,pedestrian,1187.2466075738503
08433,MALAMBO,ATLANTICO,cabecera,primary,114.44803541414302
08433,MALAMBO,ATLANTICO,cabecera,residential,135229.57650073225
08433,MALAMBO,ATLANTICO,cabecera,secondary,4199.464189325016
08433,MALAMBO,ATLANTICO,cabecera,service,42374.869341645266
08433,MALAMBO,ATLANTICO,cabecera,steps,398.61678657324876
08433,MALAMBO,ATLANTICO,cabecera,tertiary,6510.478827465606
08433,MALAMBO,ATLANTICO,cabecera,track,3167.1014935047733
08433,MALAMBO,ATLANTICO,cabecera,trunk,10677.765999326948
08433,MALAMBO,ATLANTICO,cabecera,unclassified,16547.961484206633
08433,MALAMBO,ATLANTICO,cabecera,unknown,190.86926113042338
08433,MALAMBO,ATLANTICO,centro_poblado,footway,84.98127970352851
08433,MALAMBO,ATLANTICO,centro_poblado,path,178.63407618106504
08433,MALAMBO,ATLANTICO,centro_poblado,residential,12715.755270885833
08433,MALAMBO,ATLANTICO,centro_poblado,secondary,1926.5800517328685
08433,MALAMBO,ATLANTICO,centro_poblado,service,9113.75135233153
08433,MALAMBO,ATLANTICO,centro_poblado,track,244.77619631808707
08433,MALAMBO,ATLANTICO,centro_poblado,trunk,698.0447151836499
08433,MALAMBO,ATLANTICO,centro_poblado,unclassified,2275.785740544903
08433,MALAMBO,ATLANTICO,rural,footway,3454.5540890127672
08433,MALAMBO,ATLANTICO,rural,path,10109.537546045338
08433,MALAMBO,ATLANTICO,rural,primary,281.7387364520706
08433,MALAMBO,ATLANTICO,rural,residential,25690.433505921028
08433,MALAMBO,ATLANTICO,rural,secondary,10192.327535782035
08433,MALAMBO,ATLANTICO,rural,service,38963.063938954845
08433,MALAMBO,ATLANTICO,rural,tertiary,164.51864291830591
08433,MALAMBO,ATLANTICO,rural,track,30623.13817251139
08433,MALAMBO,ATLANTICO,rural,trunk,28479.585176715
08433,MALAMBO,ATLANTICO,rural,unclassified,63541.687488551994
08436,MANATI,ATLANTICO,cabecera,path,82.19881318780426
08436,MANATI,ATLANTICO,cabecera,residential,39569.97636054842
08436,MANATI,ATLANTICO,cabecera,secondary,169.1634334133443
08436,MANATI,ATLANTICO,cabecera,service,395.75527066953765
08436,MANATI,ATLANTICO,cabecera,tertiary,4231.243619206182
08436,MANATI,ATLANTICO,cabecera,track,1113.1617923368806
08436,MANATI,ATLANTICO,cabecera,unclassified,3576.1996839846206
08436,MANATI,ATLANTICO,centro_poblado,residential,155.5792753005821
08436,MANATI,ATLANTICO,centro_poblado,service,170.62620394225726
08436,MANATI,ATLANTICO,centro_poblado,tertiary,516.1067570187871
08436,MANATI,ATLANTICO,rural,residential,2953.3584753735495
08436,MANATI,ATLANTICO,rural,secondary,11232.595006815587
08436,MANATI,ATLANTICO,rural,service,5128.220702704113
08436,MANATI,ATLANTICO,rural,tertiary,26278.242048539825
08436,MANATI,ATLANTICO,rural,track,15914.695763182946
08436,MANATI,ATLANTICO,rural,unclassified,99947.29033122503
08520,PALMAR DE VARELA,ATLANTICO,cabecera,footway,39.79282405979932
08520,PALMAR DE VARELA,ATLANTICO,cabecera,primary,1985.1567430900657
08520,PALMAR DE VARELA,ATLANTICO,cabecera,residential,57363.171047173244
08520,PALMAR DE VARELA,ATLANTICO,cabecera,service,70.44356266079792
08520,PALMAR DE VARELA,ATLANTICO,cabecera,track,195.3995251226425
08520,PALMAR DE VARELA,ATLANTICO,cabecera,unclassified,1167.8836337390317
08520,PALMAR DE VARELA,ATLANTICO,centro_poblado,unclassified,595.7594938247689
08520,PALMAR DE VARELA,ATLANTICO,rural,path,151.51685241845817
08520,PALMAR DE VARELA,ATLANTICO,rural,primary,699.8133302029048
08520,PALMAR DE VARELA,ATLANTICO,rural,residential,767.7418686496803
08520,PALMAR DE VARELA,ATLANTICO,rural,service,31230.388824752685
08520,PALMAR DE VARELA,ATLANTICO,rural,track,41689.79791436963
08520,PALMAR DE VARELA,ATLANTICO,rural,trunk,35841.196516059994
08520,PALMAR DE VARELA,ATLANTICO,rural,unclassified,24821.806122996797
08558,POLONUEVO,ATLANTICO,cabecera,pedestrian,659.9565576692451
08558,POLONUEVO,ATLANTICO,cabecera,residential,26430.311437027965
08558,POLONUEVO,ATLANTICO,cabecera,secondary,1231.7474380354486
08558,POLONUEVO,ATLANTICO,cabecera,service,203.42311147031518
08558,POLONUEVO,ATLANTICO,cabecera,tertiary,516.5156789594686
08558,POLONUEVO,ATLANTICO,cabecera,track,47.314080994309975
08558,POLONUEVO,ATLANTICO,cabecera,unclassified,119.8090028265986
08558,POLONUEVO,ATLANTICO,centro_poblado,residential,1368.7278548029713
08558,POLONUEVO,ATLANTICO,rural,footway,67.99479027374703
08558,POLONUEVO,ATLANTICO,rural,path,118.64346830119442
08558,POLONUEVO,ATLANTICO,rural,pedestrian,95.10555114129176
08558,POLONUEVO,ATLANTICO,rural,residential,18245.560086357502
08558,POLONUEVO,ATLANTICO,rural,secondary,7083.7158424930685
08558,POLONUEVO,ATLANTICO,rural,service,15583.549565845811
08558,POLONUEVO,ATLANTICO,rural,tertiary,4624.249903970796
08558,POLONUEVO,ATLANTICO,rural,track,12103.543140955317
08558,POLONUEVO,ATLANTICO,rural,unclassified,44404.030851081596
08560,PONEDERA,ATLANTICO,cabecera,residential,32500.988023305526
08560,PONEDERA,ATLANTICO,cabecera,service,119.30707325929772
08560,PONEDERA,ATLANTICO,cabecera,tertiary,1582.6260047200306
08560,PONEDERA,ATLANTICO,cabecera,track,613.6854651965208
08560,PONEDERA,ATLANTICO,cabecera,trunk,1475.3524110639446
08560,PONEDERA,ATLANTICO,cabecera,unclassified,382.6628783911728
08560,PONEDERA,ATLANTICO,centro_poblado,residential,25698.064032606148
08560,PONEDERA,ATLANTICO,centro_poblado,tertiary,1548.8704108872482
08560,PONEDERA,ATLANTICO,centro_poblado,track,5.000331175561504
08560,PONEDERA,ATLANTICO,centro_poblado,trunk,305.23268794453537
08560,PONEDERA,ATLANTICO,centro_poblado,unclassified,3071.974303696361
08560,PONEDERA,ATLANTICO,rural,residential,14495.03558465171
08560,PONEDERA,ATLANTICO,rural,service,54292.52832282668
08560,PONEDERA,ATLANTICO,rural,tertiary,16162.241168927163
08560,PONEDERA,ATLANTICO,rural,track,29557.716635896915
08560,PONEDERA,ATLANTICO,rural,trunk,21946.41853752323
08560,PONEDERA,ATLANTICO,rural,unclassified,95699.81641510026
08573,PUERTO COLOMBIA,ATLANTICO,cabecera,cycleway,1398.5118094509469
08573,PUERTO COLOMBIA,ATLANTICO,cabecera,footway,25579.39073997206
08573,PUERTO COLOMBIA,ATLANTICO,cabecera,path,1269.2589819461089
08573,PUERTO COLOMBIA,ATLANTICO,cabecera,pedestrian,121.7163822882179
08573,PUERTO COLOMBIA,ATLANTICO,cabecera,residential,89598.29602651372
08573,PUERTO COLOMBIA,ATLANTICO,cabecera,secondary,11403.560471475515
08573,PUERTO COLOMBIA,ATLANTICO,cabecera,service,55171.30348159372
08573,PUERTO COLOMBIA,ATLANTICO,cabecera,steps,322.8645175618906
08573,PUERTO COLOMBIA,ATLANTICO,cabecera,tertiary,14081.913852908838
08573,PUERTO COLOMBIA,ATLANTICO,cabecera,track,1702.2662084624994
08573,PUERTO COLOMBIA,ATLANTICO,cabecera,trunk,22107.591151128963
08573,PUERTO COLOMBIA,ATLANTICO,cabecera,unclassified,7446.968112587341
08573,PUERTO COLOMBIA,ATLANTICO,cabecera,unknown,4846.950130789069
08573,PUERTO COLOMBIA,ATLANTICO,centro_poblado,footway,1981.1654904434622
08573,PUERTO COLOMBIA,ATLANTICO,centro_poblado,path,140.04800694872304
08573,PUERTO COLOMBIA,ATLANTICO,centro_poblado,residential,20284.07923349778
08573,PUERTO COLOMBIA,ATLANTICO,centro_poblado,service,3355.4707948521923
08573,PUERTO COLOMBIA,ATLANTICO,centro_poblado,tertiary,7753.773336685829
08573,PUERTO COLOMBIA,ATLANTICO,centro_poblado,track,519.6954787105021
08573,PUERTO COLOMBIA,ATLANTICO,centro_poblado,trunk,1107.6790504452158
08573,PUERTO COLOMBIA,ATLANTICO,centro_poblado,unclassified,165.13197378683333
08573,PUERTO COLOMBIA,ATLANTICO,rural,cycleway,350.73903014741046
08573,PUERTO COLOMBIA,ATLANTICO,rural,footway,2198.931924679609
08573,PUERTO COLOMBIA,ATLANTICO,rural,path,3014.028326809609
08573,PUERTO COLOMBIA,ATLANTICO,rural,pedestrian,0.698385565114401
08573,PUERTO COLOMBIA,ATLANTICO,rural,residential,14258.445946920123
08573,PUERTO COLOMBIA,ATLANTICO,rural,secondary,2735.529825186012
08573,PUERTO COLOMBIA,ATLANTICO,rural,service,33139.751117945525
08573,PUERTO COLOMBIA,ATLANTICO,rural,steps,160.28228551345387
08573,PUERTO COLOMBIA,ATLANTICO,rural,tertiary,11271.739747553858
08573,PUERTO COLOMBIA,ATLANTICO,rural,track,16886.389924928015
08573,PUERTO COLOMBIA,ATLANTICO,rural,trunk,31329.64668840333
08573,PUERTO COLOMBIA,ATLANTICO,rural,unclassified,29212.03058288701
08606,REPELON,ATLANTICO,cabecera,residential,43808.44693440495
08606,REPELON,ATLANTICO,cabecera,tertiary,2513.6042795915305
08606,REPELON,ATLANTICO,cabecera,track,743.2046724907134
08606,REPELON,ATLANTICO,cabecera,unclassified,3231.964534956469
08606,REPELON,ATLANTICO,centro_poblado,bridleway,104.68097823737293
08606,REPELON,ATLANTICO,centro_poblado,residential,21431.194482917515
08606,REPELON,ATLANTICO,centro_poblado,service,99.69847193711281
08606,REPELON,ATLANTICO,centro_poblado,tertiary,2726.4110291554366
08606,REPELON,ATLANTICO,centro_poblado,track,791.5203097876077
08606,REPELON,ATLANTICO,centro_poblado,unclassified,186.25031872314582
08606,REPELON,ATLANTICO,rural,bridleway,916.2167323037954
08606,REPELON,ATLANTICO,rural,residential,7795.044596854763
08606,REPELON,ATLANTICO,rural,service,7357.117496120602
08606,REPELON,ATLANTICO,rural,tertiary,58788.759616255054
08606,REPELON,ATLANTICO,rural,track,48715.66992573017
08606,REPELON,ATLANTICO,rural,trunk,69.01352042675919
08606,REPELON,ATLANTICO,rural,unclassified,47634.54853188284
08634,SABANAGRANDE,ATLANTICO,cabecera,footway,207.29776118469755
08634,SABANAGRANDE,ATLANTICO,cabecera,primary,1719.8442685356188
08634,SABANAGRANDE,ATLANTICO,cabecera,residential,46403.630254868825
08634,SABANAGRANDE,ATLANTICO,cabecera,service,182.05068246738008
08634,SABANAGRANDE,ATLANTICO,cabecera,tertiary,3172.919385940168
08634,SABANAGRANDE,ATLANTICO,cabecera,track,277.6747496461069
08634,SABANAGRANDE,ATLANTICO,cabecera,trunk,4065.5225176093477
08634,SABANAGRANDE,ATLANTICO,cabecera,unclassified,2320.859704008287
08634,SABANAGRANDE,ATLANTICO,rural,path,229.9095172754744
08634,SABANAGRANDE,ATLANTICO,rural,primary,682.5560146490167
08634,SABANAGRANDE,ATLANTICO,rural,residential,24381.616968420116
08634,SABANAGRANDE,ATLANTICO,rural,service,15528.717628901277
08634,SABANAGRANDE,ATLANTICO,rural,tertiary,7102.040968876079
08634,SABANAGRANDE,ATLANTICO,rural,track,10303.604856890584
08634,SABANAGRANDE,ATLANTICO,rural,trunk,9659.170162311706
08634,SABANAGRANDE,ATLANTICO,rural,unclassified,34325.30933052796
08638,SABANALARGA,ATLANTICO,cabecera,footway,475.09199351675346
08638,SABANALARGA,ATLANTICO,cabecera,path,69.4056238903453
08638,SABANALARGA,ATLANTICO,cabecera,pedestrian,68.27875956749172
08638,SABANALARGA,ATLANTICO,cabecera,residential,136648.69024461045
08638,SABANALARGA,ATLANTICO,cabecera,secondary,5939.211461667296
08638,SABANALARGA,ATLANTICO,cabecera,service,5444.226862858364
08638,SABANALARGA,ATLANTICO,cabecera,tertiary,9949.20230013317
08638,SABANALARGA,ATLANTICO,cabecera,track,1670.8480063755283
08638,SABANALARGA,ATLANTICO,cabecera,trunk,3175.1143122257968
08638,SABANALARGA,ATLANTICO,cabecera,unclassified,2772.256641954097
08638,SABANALARGA,ATLANTICO,centro_poblado,footway,82.45187891967754
08638,SABANALARGA,ATLANTICO,centro_poblado,residential,45132.2032225364
08638,SABANALARGA,ATLANTICO,centro_poblado,secondary,1258.249571963414
08638,SABANALARGA,ATLANTICO,centro_poblado,service,2111.224098223705
08638,SABANALARGA,ATLANTICO,centro_poblado,tertiary,3442.39254744025
08638,SABANALARGA,ATLANTICO,centro_poblado,track,30.04135388432394
08638,SABANALARGA,ATLANTICO,centro_poblado,trunk,581.8680109241986
08638,SABANALARGA,ATLANTICO,centro_poblado,unclassified,1198.7034673316994
08638,SABANALARGA,ATLANTICO,rural,footway,59.96236274419992
08638,SABANALARGA,ATLANTICO,rural,residential,24779.458966989605
08638,SABANALARGA,ATLANTICO,rural,secondary,14430.869648879592
08638,SABANALARGA,ATLANTICO,rural,service,33704.88036497318
08638,SABANALARGA,ATLANTICO,rural,tertiary,33933.45086451894
08638,SABANALARGA,ATLANTICO,rural,track,39546.89080684716
08638,SABANALARGA,ATLANTICO,rural,trunk,34114.67779316201
08638,SABANALARGA,ATLANTICO,rural,unclassified,222328.54165359543
08675,SANTA LUCIA,ATLANTICO,cabecera,residential,28217.76058140594
08675,SANTA LUCIA,ATLANTICO,cabecera,tertiary,2116.2030438379393
08675,SANTA LUCIA,ATLANTICO,cabecera,unclassified,371.8196156248555
08675,SANTA LUCIA,ATLANTICO,centro_poblado,residential,2785.863576174221
08675,SANTA LUCIA,ATLANTICO,centro_poblado,tertiary,593.6449015604921
08675,SANTA LUCIA,ATLANTICO,centro_poblado,track,7.450383225243383
08675,SANTA LUCIA,ATLANTICO,centro_poblado,unclassified,23.07389971216517
08675,SANTA LUCIA,ATLANTICO,rural,residential,1411.8719905941084
08675,SANTA LUCIA,ATLANTICO,rural,service,3187.1438468641945
08675,SANTA LUCIA,ATLANTICO,rural,tertiary,17513.582315295866
08675,SANTA LUCIA,ATLANTICO,rural,track,13107.038537727352
08675,SANTA LUCIA,ATLANTICO,rural,unclassified,33063.46427390957
08685,SANTO TOMAS,ATLANTICO,cabecera,footway,793.4330160151553
08685,SANTO TOMAS,ATLANTICO,cabecera,primary,2958.3421588864194
08685,SANTO TOMAS,ATLANTICO,cabecera,residential,56240.39698725494
08685,SANTO TOMAS,ATLANTICO,cabecera,secondary,1924.2317174361656
08685,SANTO TOMAS,ATLANTICO,cabecera,service,1854.7532879456755
08685,SANTO TOMAS,ATLANTICO,cabecera,track,467.391972474442
08685,SANTO TOMAS,ATLANTICO,cabecera,trunk,1172.112820650922
08685,SANTO TOMAS,ATLANTICO,cabecera,unclassified,50.970398347891965
08685,SANTO TOMAS,ATLANTICO,rural,footway,153.16941424870663
08685,SANTO TOMAS,ATLANTICO,rural,primary,623.1511775608099
08685,SANTO TOMAS,ATLANTICO,rural,residential,15146.00091751412
08685,SANTO TOMAS,ATLANTICO,rural,secondary,7341.605483328837
08685,SANTO TOMAS,ATLANTICO,rural,service,7111.948211372314
08685,SANTO TOMAS,ATLANTICO,rural,tertiary,11132.102578326227
08685,SANTO TOMAS,ATLANTICO,rural,track,6845.305939849569
08685,SANTO TOMAS,ATLANTICO,rural,trunk,7416.349046474803
08685,SANTO TOMAS,ATLANTICO,rural,unclassified,38614.334918828514
08770,SUAN,ATLANTICO,cabecera,residential,21414.569626798268
08770,SUAN,ATLANTICO,cabecera,service,870.4191561810437
08770,SUAN,ATLANTICO,cabecera,track,7.871649694813877
08770,SUAN,ATLANTICO,cabecera,trunk,2578.477224708524
08770,SUAN,ATLANTICO,cabecera,unclassified,3820.935378845364
08770,SUAN,ATLANTICO,rural,residential,425.83534017222206
08770,SUAN,ATLANTICO,rural,service,1166.2536942261656
08770,SUAN,ATLANTICO,rural,tertiary,3950.4743682273165
08770,SUAN,ATLANTICO,rural,track,34766.73530694212
08770,SUAN,ATLANTICO,rural,trunk,7722.9447676514565
08770,SUAN,ATLANTICO,rural,unclassified,14228.94767321109
08832,TUBARA,ATLANTICO,cabecera,residential,13600.76351289942
08832,TUBARA,ATLANTICO,cabecera,secondary,1128.8599642856543
08832,TUBARA,ATLANTICO,cabecera,service,194.78659824003938
08832,TUBARA,ATLANTICO,cabecera,tertiary,2102.8965967319045
08832,TUBARA,ATLANTICO,cabecera,track,242.26616785154414
08832,TUBARA,ATLANTICO,cabecera,unclassified,365.5294581607101
08832,TUBARA,ATLANTICO,centro_poblado,footway,105.49313564597269
08832,TUBARA,ATLANTICO,centro_poblado,path,39.05471995569027
08832,TUBARA,ATLANTICO,centro_poblado,residential,32134.799017635112
08832,TUBARA,ATLANTICO,centro_poblado,secondary,222.5671995777256
08832,TUBARA,ATLANTICO,centro_poblado,service,1687.6631461620427
08832,TUBARA,ATLANTICO,centro_poblado,tertiary,2000.4299886871895
08832,TUBARA,ATLANTICO,centro_poblado,track,1345.2627435781078
08832,TUBARA,ATLANTICO,centro_poblado,trunk,4117.169400749002
08832,TUBARA,ATLANTICO,centro_poblado,unclassified,2439.337970820353
08832,TUBARA,ATLANTICO,centro_poblado,unknown,6.675082589314471
08832,TUBARA,ATLANTICO,rural,footway,2373.2790296788667
08832,TUBARA,ATLANTICO,rural,path,13493.30254484425
08832,TUBARA,ATLANTICO,rural,residential,32197.409246373147
08832,TUBARA,ATLANTICO,rural,secondary,19586.151068624415
08832,TUBARA,ATLANTICO,rural,service,33461.94526126905
08832,TUBARA,ATLANTICO,rural,tertiary,29606.728549039704
08832,TUBARA,ATLANTICO,rural,track,46230.842036721406
08832,TUBARA,ATLANTICO,rural,trunk,35417.32183744553
08832,TUBARA,ATLANTICO,rural,unclassified,66086.48292172761
08849,USIACURI,ATLANTICO,cabecera,footway,24.76185660264646
08849,USIACURI,ATLANTICO,cabecera,path,405.35187751917914
08849,USIACURI,ATLANTICO,cabecera,pedestrian,81.95529151506788
08849,USIACURI,ATLANTICO,cabecera,residential,24250.326130370293
08849,USIACURI,ATLANTICO,cabecera,secondary,6.506487642027817
08849,USIACURI,ATLANTICO,cabecera,service,187.40670517671566
08849,USIACURI,ATLANTICO,cabecera,steps,15.798037662460663
08849,USIACURI,ATLANTICO,cabecera,tertiary,1118.610400756853
08849,USIACURI,ATLANTICO,cabecera,track,991.734424310777
08849,USIACURI,ATLANTICO,cabecera,unclassified,375.86309098308413
08849,USIACURI,ATLANTICO,rural,path,1748.022338402799
08849,USIACURI,ATLANTICO,rural,residential,2417.1533322572827
08849,USIACURI,ATLANTICO,rural,secondary,10580.161494057294
08849,USIACURI,ATLANTICO,rural,service,1196.3570778935807
08849,USIACURI,ATLANTICO,rural,tertiary,7321.220130981422
08849,USIACURI,ATLANTICO,rural,track,13038.298638420285
08849,USIACURI,ATLANTICO,rural,unclassified,45333.57977996707
13006,ACHI,BOLIVAR,cabecera,path,180.25684482344099
13006,ACHI,BOLIVAR,cabecera,residential,9150.426959691864
13006,ACHI,BOLIVAR,cabecera,tertiary,1321.019885867515
13006,ACHI,BOLIVAR,cabecera,unclassified,378.15405714127365
13006,ACHI,BOLIVAR,centro_poblado,path,113.81832031213634
13006,ACHI,BOLIVAR,centro_poblado,pedestrian,3802.1138915503934
13006,ACHI,BOLIVAR,centro_poblado,residential,14916.471554414686
13006,ACHI,BOLIVAR,centro_poblado,secondary,1228.3892177715384
13006,ACHI,BOLIVAR,centro_poblado,service,108.24815325203696
13006,ACHI,BOLIVAR,centro_poblado,track,134.55972775489366
13006,ACHI,BOLIVAR,centro_poblado,unclassified,3839.8277298552084
13006,ACHI,BOLIVAR,rural,footway,92.15217967383832
13006,ACHI,BOLIVAR,rural,path,5305.429457708317
13006,ACHI,BOLIVAR,rural,pedestrian,643.2103412073284
13006,ACHI,BOLIVAR,rural,residential,27242.41257101989
13006,ACHI,BOLIVAR,rural,secondary,25047.340398303488
13006,ACHI,BOLIVAR,rural,service,1615.751132568253
13006,ACHI,BOLIVAR,rural,tertiary,7685.897124050632
13006,ACHI,BOLIVAR,rural,track,34600.62447863956
13006,ACHI,BOLIVAR,rural,unclassified,207269.4739451574
13030,ALTOS DEL ROSARIO,BOLIVAR,cabecera,residential,15816.363304296156
13030,ALTOS DEL ROSARIO,BOLIVAR,cabecera,unclassified,198.78700979012982
13030,ALTOS DEL ROSARIO,BOLIVAR,centro_poblado,residential,2165.6463426349146
13030,ALTOS DEL ROSARIO,BOLIVAR,centro_poblado,tertiary,4.79101013055319
13030,ALTOS DEL ROSARIO,BOLIVAR,centro_poblado,unclassified,152.309984028036
13030,ALTOS DEL ROSARIO,BOLIVAR,rural,path,137.98580945581625
13030,ALTOS DEL ROSARIO,BOLIVAR,rural,residential,5940.256421904018
13030,ALTOS DEL ROSARIO,BOLIVAR,rural,service,27.833588562339195
13030,ALTOS DEL ROSARIO,BOLIVAR,rural,tertiary,15296.210316379591
13030,ALTOS DEL ROSARIO,BOLIVAR,rural,track,924.4131816441547
13030,ALTOS DEL ROSARIO,BOLIVAR,rural,unclassified,44472.73056765676
13042,ARENAL,BOLIVAR,cabecera,pedestrian,60.13098295654359
13042,ARENAL,BOLIVAR,cabecera,residential,12398.538831091306
13042,ARENAL,BOLIVAR,cabecera,secondary,1764.6145146568022
13042,ARENAL,BOLIVAR,cabecera,service,770.6863454555577
13042,ARENAL,BOLIVAR,cabecera,unclassified,234.79730832588996
13042,ARENAL,BOLIVAR,centro_poblado,pedestrian,125.94653929364152
13042,ARENAL,BOLIVAR,centro_poblado,residential,3253.4331593214883
13042,ARENAL,BOLIVAR,centro_poblado,secondary,907.5854695885196
13042,ARENAL,BOLIVAR,centro_poblado,service,2131.7204876389715
13042,ARENAL,BOLIVAR,rural,path,2853.683964517501
13042,ARENAL,BOLIVAR,rural,pedestrian,201.37456868086005
13042,ARENAL,BOLIVAR,rural,residential,7045.698530955603
13042,ARENAL,BOLIVAR,rural,secondary,10693.113048298846
13042,ARENAL,BOLIVAR,rural,service,65.47490715738786
13042,ARENAL,BOLIVAR,rural,tertiary,20829.735388558798
13042,ARENAL,BOLIVAR,rural,track,17402.91978075088
13042,ARENAL,BOLIVAR,rural,unclassified,62862.29730240948
13052,ARJONA,BOLIVAR,cabecera,bridleway,4.630175153573072
13052,ARJONA,BOLIVAR,cabecera,footway,1108.94855317361
13052,ARJONA,BOLIVAR,cabecera,path,148.30626672101954
13052,ARJONA,BOLIVAR,cabecera,pedestrian,14.921596211077011
13052,ARJONA,BOLIVAR,cabecera,residential,111367.1423925504
13052,ARJONA,BOLIVAR,cabecera,service,2457.876188212724
13052,ARJONA,BOLIVAR,cabecera,steps,14.425061179549926
13052,ARJONA,BOLIVAR,cabecera,tertiary,3822.311861416736
13052,ARJONA,BOLIVAR,cabecera,track,405.2112932214733
13052,ARJONA,BOLIVAR,cabecera,trunk,6454.553510871225
13052,ARJONA,BOLIVAR,cabecera,unclassified,2761.721947219105
13052,ARJONA,BOLIVAR,centro_poblado,footway,7.4065332959688925
13052,ARJONA,BOLIVAR,centro_poblado,residential,29616.830244553006
13052,ARJONA,BOLIVAR,centro_poblado,service,90.20628275087344
13052,ARJONA,BOLIVAR,centro_poblado,tertiary,1001.5148971394696
13052,ARJONA,BOLIVAR,centro_poblado,trunk,471.51857728575953
13052,ARJONA,BOLIVAR,centro_poblado,unclassified,2137.2999379199377
13052,ARJONA,BOLIVAR,rural,footway,229.80651074973363
13052,ARJONA,BOLIVAR,rural,path,389.70010173291894
13052,ARJONA,BOLIVAR,rural,residential,66726.99396932674
13052,ARJONA,BOLIVAR,rural,service,38108.30997726352
13052,ARJONA,BOLIVAR,rural,tertiary,24107.971100574774
13052,ARJONA,BOLIVAR,rural,track,42550.61195234152
13052,ARJONA,BOLIVAR,rural,trunk,51041.230373282626
13052,ARJONA,BOLIVAR,rural,unclassified,182604.56270179854
13062,ARROYO HONDO,BOLIVAR,cabecera,residential,12963.719240511287
13062,ARROYO HONDO,BOLIVAR,cabecera,tertiary,285.3829790269425
13062,ARROYO HONDO,BOLIVAR,cabecera,track,45.890581551934275
13062,ARROYO HONDO,BOLIVAR,cabecera,unclassified,287.56137945456726
13062,ARROYO HONDO,BOLIVAR,centro_poblado,residential,9024.509095342195
13062,ARROYO HONDO,BOLIVAR,centro_poblado,track,71.31096152843321
13062,ARROYO HONDO,BOLIVAR,centro_poblado,unclassified,1077.8336358246263
13062,ARROYO HONDO,BOLIVAR,rural,residential,5206.754344000968
13062,ARROYO HONDO,BOLIVAR,rural,service,1930.5656603459922
13062,ARROYO HONDO,BOLIVAR,rural,tertiary,25147.12519370238
13062,ARROYO HONDO,BOLIVAR,rural,track,36529.41080387189
13062,ARROYO HONDO,BOLIVAR,rural,unclassified,30650.860629873354
13074,BARRANCO DE LOBA,BOLIVAR,cabecera,residential,27522.534212333143
13074,BARRANCO DE LOBA,BOLIVAR,cabecera,tertiary,2187.9080056277
13074,BARRANCO DE LOBA,BOLIVAR,centro_poblado,footway,1048.2628045155213
13074,BARRANCO DE LOBA,BOLIVAR,centro_poblado,path,88.47566778758821
13074,BARRANCO DE LOBA,BOLIVAR,centro_poblado,residential,6196.402136766746
13074,BARRANCO DE LOBA,BOLIVAR,centro_poblado,service,76.76834372395773
13074,BARRANCO DE LOBA,BOLIVAR,rural,footway,791.6196354813927
13074,BARRANCO DE LOBA,BOLIVAR,rural,path,10170.708416769578
13074,BARRANCO DE LOBA,BOLIVAR,rural,residential,30167.72566717669
13074,BARRANCO DE LOBA,BOLIVAR,rural,service,45.19071199435546
13074,BARRANCO DE LOBA,BOLIVAR,rural,tertiary,36270.52837442591
13074,BARRANCO DE LOBA,BOLIVAR,rural,track,5237.691254648772
13074,BARRANCO DE LOBA,BOLIVAR,rural,unclassified,59879.36774821812
13140,CALAMAR,BOLIVAR,cabecera,footway,196.15983424998657
13140,CALAMAR,BOLIVAR,cabecera,residential,26557.462619500628
13140,CALAMAR,BOLIVAR,cabecera,service,878.9660807964098
13140,CALAMAR,BOLIVAR,cabecera,tertiary,564.6553296583355
13140,CALAMAR,BOLIVAR,cabecera,track,159.14706933975964
13140,CALAMAR,BOLIVAR,cabecera,trunk,1202.8162851250122
13140,CALAMAR,BOLIVAR,cabecera,unclassified,2931.340069692068
13140,CALAMAR,BOLIVAR,centro_poblado,residential,29954.89297789435
13140,CALAMAR,BOLIVAR,centro_poblado,tertiary,1652.7211196915332
13140,CALAMAR,BOLIVAR,centro_poblado,unclassified,1192.5618015130906
13140,CALAMAR,BOLIVAR,rural,footway,55.67109611135253
13140,CALAMAR,BOLIVAR,rural,residential,4151.936849662074
13140,CALAMAR,BOLIVAR,rural,service,4295.787136644543
13140,CALAMAR,BOLIVAR,rural,tertiary,13436.69609881723
13140,CALAMAR,BOLIVAR,rural,track,28742.271328339815
13140,CALAMAR,BOLIVAR,rural,trunk,22452.656085210725
13140,CALAMAR,BOLIVAR,rural,unclassified,56218.96763122722
13160,CANTAGALLO,BOLIVAR,cabecera,residential,9353.08112407553
13160,CANTAGALLO,BOLIVAR,cabecera,tertiary,1521.8811151957102
13160,CANTAGALLO,BOLIVAR,cabecera,unclassified,2964.727884209239
13160,CANTAGALLO,BOLIVAR,centro_poblado,residential,2378.721349401803
13160,CANTAGALLO,BOLIVAR,centro_poblado,tertiary,395.4049597583397
13160,CANTAGALLO,BOLIVAR,centro_poblado,track,1189.969394788296
13160,CANTAGALLO,BOLIVAR,centro_poblado,unclassified,345.1691336620853
13160,CANTAGALLO,BOLIVAR,rural,bridleway,4020.9240281770262
13160,CANTAGALLO,BOLIVAR,rural,path,11704.542281335265
13160,CANTAGALLO,BOLIVAR,rural,residential,1353.8010681554827
13160,CANTAGALLO,BOLIVAR,rural,service,3056.9877170731834
13160,CANTAGALLO,BOLIVAR,rural,tertiary,8636.001421507832
13160,CANTAGALLO,BOLIVAR,rural,track,36044.70827238079
13160,CANTAGALLO,BOLIVAR,rural,unclassified,14759.75858893577
13188,CICUCO,BOLIVAR,cabecera,path,44.00464234365625
13188,CICUCO,BOLIVAR,cabecera,residential,28207.290509632203
13188,CICUCO,BOLIVAR,cabecera,service,2003.8044452003094
13188,CICUCO,BOLIVAR,cabecera,track,503.4330096411214
13188,CICUCO,BOLIVAR,cabecera,trunk,2488.3492985836097
13188,CICUCO,BOLIVAR,cabecera,unclassified,356.1382543984556
13188,CICUCO,BOLIVAR,centro_poblado,residential,8031.78184398703
13188,CICUCO,BOLIVAR,centro_poblado,unclassified,1923.281545384419
13188,CICUCO,BOLIVAR,rural,path,1767.9496401706992
13188,CICUCO,BOLIVAR,rural,residential,8289.518963746577
13188,CICUCO,BOLIVAR,rural,service,1935.7660953380616
13188,CICUCO,BOLIVAR,rural,track,2129.3916900215245
13188,CICUCO,BOLIVAR,rural,trunk,5123.892275762173
13188,CICUCO,BOLIVAR,rural,unclassified,9364.30814058136
13212,CORDOBA,BOLIVAR,cabecera,residential,15660.850462194123
13212,CORDOBA,BOLIVAR,cabecera,secondary,1782.7483225863011
13212,CORDOBA,BOLIVAR,cabecera,tertiary,1274.5159193716543
13212,CORDOBA,BOLIVAR,cabecera,track,21.700360275463805
13212,CORDOBA,BOLIVAR,cabecera,unclassified,1908.5415703001636
13212,CORDOBA,BOLIVAR,centro_poblado,residential,22814.92033976767
13212,CORDOBA,BOLIVAR,centro_poblado,secondary,111.61337415286825
13212,CORDOBA,BOLIVAR,centro_poblado,service,99.97285388063872
13212,CORDOBA,BOLIVAR,centro_poblado,tertiary,7811.312227272365
13212,CORDOBA,BOLIVAR,centro_poblado,track,303.08576337822683
13212,CORDOBA,BOLIVAR,centro_poblado,unclassified,301.3110931631873
13212,CORDOBA,BOLIVAR,rural,residential,9299.039328927363
13212,CORDOBA,BOLIVAR,rural,secondary,20614.282519346838
13212,CORDOBA,BOLIVAR,rural,service,342.4517105147206
13212,CORDOBA,BOLIVAR,rural,tertiary,64689.415284480725
13212,CORDOBA,BOLIVAR,rural,track,79031.86067461804
13212,CORDOBA,BOLIVAR,rural,unclassified,95178.9526100358
13222,CLEMENCIA,BOLIVAR,cabecera,residential,25067.55763662421
13222,CLEMENCIA,BOLIVAR,cabecera,service,830.6550683814454
13222,CLEMENCIA,BOLIVAR,cabecera,trunk,2147.689113689194
13222,CLEMENCIA,BOLIVAR,cabecera,unclassified,2637.0658911682044
13222,CLEMENCIA,BOLIVAR,centro_poblado,residential,2179.7519697792322
13222,CLEMENCIA,BOLIVAR,centro_poblado,tertiary,427.5222239912406
13222,CLEMENCIA,BOLIVAR,centro_poblado,unclassified,703.9771617289833
13222,CLEMENCIA,BOLIVAR,rural,bridleway,1292.598467695268
13222,CLEMENCIA,BOLIVAR,rural,path,153.28370006997562
13222,CLEMENCIA,BOLIVAR,rural,residential,1529.7192814770415
13222,CLEMENCIA,BOLIVAR,rural,service,10749.953934822772
13222,CLEMENCIA,BOLIVAR,rural,tertiary,4519.246558129249
13222,CLEMENCIA,BOLIVAR,rural,track,17070.995088560445
13222,CLEMENCIA,BOLIVAR,rural,trunk,8780.077035065131
13222,CLEMENCIA,BOLIVAR,rural,unclassified,40547.06719037285
13244,EL CARMEN DE BOLIVAR,BOLIVAR,cabecera,footway,831.3992039381695
13244,EL CARMEN DE BOLIVAR,BOLIVAR,cabecera,path,377.81128895441765
13244,EL CARMEN DE BOLIVAR,BOLIVAR,cabecera,primary,3703.729245299698
13244,EL CARMEN DE BOLIVAR,BOLIVAR,cabecera,residential,93908.44027246919
13244,EL CARMEN DE BOLIVAR,BOLIVAR,cabecera,secondary,7642.104232625627
13244,EL CARMEN DE BOLIVAR,BOLIVAR,cabecera,service,758.2370047840133
13244,EL CARMEN DE BOLIVAR,BOLIVAR,cabecera,steps,17.95701129548361
13244,EL CARMEN DE BOLIVAR,BOLIVAR,cabecera,tertiary,8157.275780684974
13244,EL CARMEN DE BOLIVAR,BOLIVAR,cabecera,track,720.1403012292917
13244,EL CARMEN DE BOLIVAR,BOLIVAR,cabecera,trunk,1590.7462211089999
13244,EL CARMEN DE BOLIVAR,BOLIVAR,cabecera,unclassified,121.18487574045987
13244,EL CARMEN DE BOLIVAR,BOLIVAR,centro_poblado,bridleway,147.69171939094124
13244,EL CARMEN DE BOLIVAR,BOLIVAR,centro_poblado,path,59.530147455753045
13244,EL CARMEN DE BOLIVAR,BOLIVAR,centro_poblado,residential,11129.195034320723
13244,EL CARMEN DE BOLIVAR,BOLIVAR,centro_poblado,secondary,8241.920329349545
13244,EL CARMEN DE BOLIVAR,BOLIVAR,centro_poblado,service,88.44249774980682
13244,EL CARMEN DE BOLIVAR,BOLIVAR,centro_poblado,tertiary,2672.4606796289395
13244,EL CARMEN DE BOLIVAR,BOLIVAR,centro_poblado,track,1121.6569245132894
13244,EL CARMEN DE BOLIVAR,BOLIVAR,centro_poblado,unclassified,2964.2557808327633
13244,EL CARMEN DE BOLIVAR,BOLIVAR,rural,bridleway,7545.874537126588
13244,EL CARMEN DE BOLIVAR,BOLIVAR,rural,footway,815.7522130977408
13244,EL CARMEN DE BOLIVAR,BOLIVAR,rural,path,9513.681964179934
13244,EL CARMEN DE BOLIVAR,BOLIVAR,rural,primary,1098.138572869545
13244,EL CARMEN DE BOLIVAR,BOLIVAR,rural,residential,6275.068796480283
13244,EL CARMEN DE BOLIVAR,BOLIVAR,rural,secondary,42507.90272330018
13244,EL CARMEN DE BOLIVAR,BOLIVAR,rural,service,7652.669867005645
13244,EL CARMEN DE BOLIVAR,BOLIVAR,rural,tertiary,26427.0534472399
13244,EL CARMEN DE BOLIVAR,BOLIVAR,rural,track,110519.4225580677
13244,EL CARMEN DE BOLIVAR,BOLIVAR,rural,trunk,45117.493690186224
13244,EL CARMEN DE BOLIVAR,BOLIVAR,rural,unclassified,266607.48690923187
13244,EL CARMEN DE BOLIVAR,BOLIVAR,rural,unknown,6248.453825707883
13248,EL GUAMO,BOLIVAR,cabecera,path,96.09980284093463
13248,EL GUAMO,BOLIVAR,cabecera,residential,14243.354800900992
13248,EL GUAMO,BOLIVAR,cabecera,unclassified,128.2027898155455
13248,EL GUAMO,BOLIVAR,centro_poblado,path,35.01230072386694
13248,EL GUAMO,BOLIVAR,centro_poblado,residential,14733.73423176606
13248,EL GUAMO,BOLIVAR,centro_poblado,track,31.570460963580878
13248,EL GUAMO,BOLIVAR,centro_poblado,unclassified,818.269505751869
13248,EL GUAMO,BOLIVAR,rural,path,728.5992193155748
13248,EL GUAMO,BOLIVAR,rural,residential,7008.206480497522
13248,EL GUAMO,BOLIVAR,rural,track,14582.616054385488
13248,EL GUAMO,BOLIVAR,rural,unclassified,88239.95612453867
13268,EL PEÑON,BOLIVAR,cabecera,path,110.69403621651793
13268,EL PEÑON,BOLIVAR,cabecera,pedestrian,1068.9524332880417
13268,EL PEÑON,BOLIVAR,cabecera,residential,5625.785521680271
13268,EL PEÑON,BOLIVAR,cabecera,tertiary,1370.0047573585498
13268,EL PEÑON,BOLIVAR,centro_poblado,pedestrian,372.56564629474536
13268,EL PEÑON,BOLIVAR,centro_poblado,residential,7009.579644466386
13268,EL PEÑON,BOLIVAR,centro_poblado,tertiary,1985.7234135515296
13268,EL PEÑON,BOLIVAR,centro_poblado,track,2252.191442907554
13268,EL PEÑON,BOLIVAR,centro_poblado,unclassified,50.80680670881244
13268,EL PEÑON,BOLIVAR,rural,pedestrian,226.67317932007964
13268,EL PEÑON,BOLIVAR,rural,residential,4803.9118863005315
13268,EL PEÑON,BOLIVAR,rural,tertiary,31914.513869436134
13268,EL PEÑON,BOLIVAR,rural,track,5770.041546716186
13268,EL PEÑON,BOLIVAR,rural,unclassified,24768.132724181625
13300,HATILLO DE LOBA,BOLIVAR,cabecera,pedestrian,772.7949754168891
13300,HATILLO DE LOBA,BOLIVAR,cabecera,residential,9112.597700946479
13300,HATILLO DE LOBA,BOLIVAR,cabecera,tertiary,1942.5124080153084
13300,HATILLO DE LOBA,BOLIVAR,centro_poblado,bridleway,197.57543997334702
13300,HATILLO DE LOBA,BOLIVAR,centro_poblado,path,8.507123298541737
13300,HATILLO DE LOBA,BOLIVAR,centro_poblado,residential,17862.351033325496
13300,HATILLO DE LOBA,BOLIVAR,centro_poblado,tertiary,4392.5403419870945
13300,HATILLO DE LOBA,BOLIVAR,centro_poblado,track,30.459660814743323
13300,HATILLO DE LOBA,BOLIVAR,centro_poblado,unclassified,5397.125180960996
13300,HATILLO DE LOBA,BOLIVAR,rural,bridleway,2.2618305374426084
13300,HATILLO DE LOBA,BOLIVAR,rural,residential,7720.938108594096
13300,HATILLO DE LOBA,BOLIVAR,rural,tertiary,40334.10489399027
13300,HATILLO DE LOBA,BOLIVAR,rural,unclassified,36002.18084431967
13430,MAGANGUE,BOLIVAR,cabecera,footway,1248.6735964732857
13430,MAGANGUE,BOLIVAR,cabecera,path,1941.5856656253509
13430,MAGANGUE,BOLIVAR,cabecera,pedestrian,137.83789650063275
13430,MAGANGUE,BOLIVAR,cabecera,residential,178538.55968987988
13430,MAGANGUE,BOLIVAR,cabecera,secondary,5065.680835906531
13430,MAGANGUE,BOLIVAR,cabecera,service,11386.86642195875
13430,MAGANGUE,BOLIVAR,cabecera,tertiary,4787.03759837773
13430,MAGANGUE,BOLIVAR,cabecera,track,43.166493855808184
13430,MAGANGUE,BOLIVAR,cabecera,trunk,14762.109307564402
13430,MAGANGUE,BOLIVAR,cabecera,unclassified,20349.02340383068
13430,MAGANGUE,BOLIVAR,cabecera,unknown,5744.987373395819
13430,MAGANGUE,BOLIVAR,centro_poblado,path,597.1036603738141
13430,MAGANGUE,BOLIVAR,centro_poblado,pedestrian,2044.2526100006826
13430,MAGANGUE,BOLIVAR,centro_poblado,residential,106901.01135838513
13430,MAGANGUE,BOLIVAR,centro_poblado,service,125.7926519930082
13430,MAGANGUE,BOLIVAR,centro_poblado,tertiary,8839.890796985153
13430,MAGANGUE,BOLIVAR,centro_poblado,track,363.0548643878764
13430,MAGANGUE,BOLIVAR,centro_poblado,trunk,2155.7041942536716
13430,MAGANGUE,BOLIVAR,centro_poblado,unclassified,9937.341635420833
13430,MAGANGUE,BOLIVAR,rural,footway,92.49121752177277
13430,MAGANGUE,BOLIVAR,rural,path,537.587882025928
13430,MAGANGUE,BOLIVAR,rural,pedestrian,164.52570491330593
13430,MAGANGUE,BOLIVAR,rural,residential,23650.051038720303
13430,MAGANGUE,BOLIVAR,rural,service,8340.393477960039
13430,MAGANGUE,BOLIVAR,rural,tertiary,85928.19360808686
13430,MAGANGUE,BOLIVAR,rural,track,44724.145437751264
13430,MAGANGUE,BOLIVAR,rural,trunk,23077.25101102105
13430,MAGANGUE,BOLIVAR,rural,unclassified,167923.48484703669
13430,MAGANGUE,BOLIVAR,rural,unknown,5411.233209446254
13433,MAHATES,BOLIVAR,cabecera,path,87.28001847977013
13433,MAHATES,BOLIVAR,cabecera,residential,36847.665145955754
13433,MAHATES,BOLIVAR,cabecera,tertiary,2269.773264454347
13433,MAHATES,BOLIVAR,cabecera,track,487.0761196552769
13433,MAHATES,BOLIVAR,cabecera,unclassified,50.37087372508112
13433,MAHATES,BOLIVAR,centro_poblado,footway,162.01315430109133
13433,MAHATES,BOLIVAR,centro_poblado,path,159.89461045277443
13433,MAHATES,BOLIVAR,centro_poblado,primary,162.12071154268634
13433,MAHATES,BOLIVAR,centro_poblado,residential,35902.017700256925
13433,MAHATES,BOLIVAR,centro_poblado,service,574.8369241544096
13433,MAHATES,BOLIVAR,centro_poblado,tertiary,1927.6923994821655
13433,MAHATES,BOLIVAR,centro_poblado,track,241.35074703351535
13433,MAHATES,BOLIVAR,centro_poblado,trunk,1304.5636662545016
13433,MAHATES,BOLIVAR,centro_poblado,unclassified,1582.1811254662862
13433,MAHATES,BOLIVAR,rural,footway,922.6366083610218
13433,MAHATES,BOLIVAR,rural,primary,7340.951456524444
13433,MAHATES,BOLIVAR,rural,residential,12809.59089235357
13433,MAHATES,BOLIVAR,rural,service,10569.733702791913
13433,MAHATES,BOLIVAR,rural,tertiary,27652.79751605995
13433,MAHATES,BOLIVAR,rural,track,57424.9925209947
13433,MAHATES,BOLIVAR,rural,trunk,15195.869413335287
13433,MAHATES,BOLIVAR,rural,unclassified,114568.5606713156
13440,MARGARITA,BOLIVAR,cabecera,residential,7623.632015331991
13440,MARGARITA,BOLIVAR,cabecera,service,102.60379511325064
13440,MARGARITA,BOLIVAR,cabecera,trunk,4417.025070987131
13440,MARGARITA,BOLIVAR,centro_poblado,residential,15596.42427197216
13440,MARGARITA,BOLIVAR,centro_poblado,tertiary,6013.511492062378
13440,MARGARITA,BOLIVAR,centro_poblado,trunk,1166.2877737656727
13440,MARGARITA,BOLIVAR,centro_poblado,unclassified,146.68141691283182
13440,MARGARITA,BOLIVAR,rural,residential,23957.53274024762
13440,MARGARITA,BOLIVAR,rural,service,231.18669845132993
13440,MARGARITA,BOLIVAR,rural,tertiary,18379.94134298589
13440,MARGARITA,BOLIVAR,rural,track,5852.746774719998
13440,MARGARITA,BOLIVAR,rural,trunk,1193.7189130537104
13440,MARGARITA,BOLIVAR,rural,unclassified,23677.011249872456
13442,MARIA LA BAJA,BOLIVAR,cabecera,primary,61.23391789862052
13442,MARIA LA BAJA,BOLIVAR,cabecera,residential,48010.980400847984
13442,MARIA LA BAJA,BOLIVAR,cabecera,service,204.3560782195752
13442,MARIA LA BAJA,BOLIVAR,cabecera,tertiary,5344.590013652391
13442,MARIA LA BAJA,BOLIVAR,cabecera,track,906.1348202568133
13442,MARIA LA BAJA,BOLIVAR,cabecera,unclassified,2417.6806213597106
13442,MARIA LA BAJA,BOLIVAR,centro_poblado,path,332.1770335379487
13442,MARIA LA BAJA,BOLIVAR,centro_poblado,primary,9278.931824728012
13442,MARIA LA BAJA,BOLIVAR,centro_poblado,residential,62759.69908586437
13442,MARIA LA BAJA,BOLIVAR,centro_poblado,service,337.07517663132404
13442,MARIA LA BAJA,BOLIVAR,centro_poblado,tertiary,0.1741931468969259
13442,MARIA LA BAJA,BOLIVAR,centro_poblado,track,275.91845054977125
13442,MARIA LA BAJA,BOLIVAR,centro_poblado,unclassified,16394.52297993856
13442,MARIA LA BAJA,BOLIVAR,rural,path,538.3520892469041
13442,MARIA LA BAJA,BOLIVAR,rural,primary,19218.376827666674
13442,MARIA LA BAJA,BOLIVAR,rural,residential,11496.760476545287
13442,MARIA LA BAJA,BOLIVAR,rural,service,14359.286254360377
13442,MARIA LA BAJA,BOLIVAR,rural,tertiary,1092.8427646193718
13442,MARIA LA BAJA,BOLIVAR,rural,track,47969.92656853259
13442,MARIA LA BAJA,BOLIVAR,rural,unclassified,175678.43709459572
13458,MONTECRISTO,BOLIVAR,cabecera,residential,9188.539661178878
13458,MONTECRISTO,BOLIVAR,cabecera,unclassified,2.036917645502987
13458,MONTECRISTO,BOLIVAR,centro_poblado,footway,3038.006538651006
13458,MONTECRISTO,BOLIVAR,centro_poblado,pedestrian,87.55799854627368
13458,MONTECRISTO,BOLIVAR,centro_poblado,residential,3389.6995901758132
13458,MONTECRISTO,BOLIVAR,centro_poblado,track,695.2366426870606
13458,MONTECRISTO,BOLIVAR,centro_poblado,unclassified,92.44464589213064
13458,MONTECRISTO,BOLIVAR,rural,bridleway,3688.2111858333606
13458,MONTECRISTO,BOLIVAR,rural,footway,288.47078770494966
13458,MONTECRISTO,BOLIVAR,rural,path,28549.392709956337
13458,MONTECRISTO,BOLIVAR,rural,residential,1673.695096674541
13458,MONTECRISTO,BOLIVAR,rural,track,90925.42460550355
13458,MONTECRISTO,BOLIVAR,rural,unclassified,38854.88956950088
13468,MOMPOS,BOLIVAR,cabecera,bridleway,310.7869412915516
13468,MOMPOS,BOLIVAR,cabecera,footway,1027.6362004106543
13468,MOMPOS,BOLIVAR,cabecera,path,795.8834623845994
13468,MOMPOS,BOLIVAR,cabecera,pedestrian,176.6532974407604
13468,MOMPOS,BOLIVAR,cabecera,residential,57483.054686785625
13468,MOMPOS,BOLIVAR,cabecera,service,1669.8548197775744
13468,MOMPOS,BOLIVAR,cabecera,tertiary,1263.2247944875041
13468,MOMPOS,BOLIVAR,cabecera,track,660.2200954543652
13468,MOMPOS,BOLIVAR,cabecera,trunk,5289.891761385555
13468,MOMPOS,BOLIVAR,cabecera,unclassified,460.0682991662376
13468,MOMPOS,BOLIVAR,centro_poblado,bridleway,43.38256362857139
13468,MOMPOS,BOLIVAR,centro_poblado,footway,8443.684532251264
13468,MOMPOS,BOLIVAR,centro_poblado,path,227.81875068948128
13468,MOMPOS,BOLIVAR,centro_poblado,pedestrian,183.70114189655558
13468,MOMPOS,BOLIVAR,centro_poblado,residential,33401.88461600335
13468,MOMPOS,BOLIVAR,centro_poblado,service,634.8913060537443
13468,MOMPOS,BOLIVAR,centro_poblado,track,198.8966020317045
13468,MOMPOS,BOLIVAR,centro_poblado,trunk,4962.783845352964
13468,MOMPOS,BOLIVAR,centro_poblado,unclassified,8159.284740054053
13468,MOMPOS,BOLIVAR,rural,bridleway,654.1454832841926
13468,MOMPOS,BOLIVAR,rural,footway,2627.818090566849
13468,MOMPOS,BOLIVAR,rural,path,8259.7974191039
13468,MOMPOS,BOLIVAR,rural,pedestrian,404.58401975453125
13468,MOMPOS,BOLIVAR,rural,residential,12072.553169304489
13468,MOMPOS,BOLIVAR,rural,service,2737.844589735515
13468,MOMPOS,BOLIVAR,rural,track,83297.77616730245
13468,MOMPOS,BOLIVAR,rural,trunk,14107.319559520729
13468,MOMPOS,BOLIVAR,rural,unclassified,38500.28197986418
13473,MORALES,BOLIVAR,cabecera,residential,15038.309157578633
13473,MORALES,BOLIVAR,cabecera,tertiary,15.356542208946909
13473,MORALES,BOLIVAR,cabecera,track,3.0715022360962503
13473,MORALES,BOLIVAR,cabecera,unclassified,276.7624724237075
13473,MORALES,BOLIVAR,centro_poblado,residential,15050.949953684887
13473,MORALES,BOLIVAR,centro_poblado,tertiary,367.4484732461543
13473,MORALES,BOLIVAR,centro_poblado,track,75.96300215056756
13473,MORALES,BOLIVAR,centro_poblado,unclassified,947.211367123852
13473,MORALES,BOLIVAR,rural,path,153.74308614098263
13473,MORALES,BOLIVAR,rural,residential,12188.569678901547
13473,MORALES,BOLIVAR,rural,service,268.78143654229063
13473,MORALES,BOLIVAR,rural,tertiary,70217.84542369569
13473,MORALES,BOLIVAR,rural,track,126647.73415357897
13473,MORALES,BOLIVAR,rural,unclassified,174422.50155866976
13549,PINILLOS,BOLIVAR,cabecera,path,557.6159077594035
13549,PINILLOS,BOLIVAR,cabecera,residential,7822.499614813419
13549,PINILLOS,BOLIVAR,cabecera,unclassified,140.60157451410615
13549,PINILLOS,BOLIVAR,centro_poblado,bridleway,54.14981412407502
13549,PINILLOS,BOLIVAR,centro_poblado,footway,1143.6551906358086
13549,PINILLOS,BOLIVAR,centro_poblado,living_street,67.90042283962342
13549,PINILLOS,BOLIVAR,centro_poblado,path,120.49052054381322
13549,PINILLOS,BOLIVAR,centro_poblado,pedestrian,198.6847392389193
13549,PINILLOS,BOLIVAR,centro_poblado,residential,27505.92617534743
13549,PINILLOS,BOLIVAR,centro_poblado,track,2267.153671491303
13549,PINILLOS,BOLIVAR,centro_poblado,unclassified,3528.1532053790384
13549,PINILLOS,BOLIVAR,rural,bridleway,4906.000760977044
13549,PINILLOS,BOLIVAR,rural,footway,1557.8564014725182
13549,PINILLOS,BOLIVAR,rural,path,3529.424064737487
13549,PINILLOS,BOLIVAR,rural,pedestrian,354.7596072578247
13549,PINILLOS,BOLIVAR,rural,residential,6910.7718377563815
13549,PINILLOS,BOLIVAR,rural,service,1102.5227834431792
13549,PINILLOS,BOLIVAR,rural,track,12353.384419092352
13549,PINILLOS,BOLIVAR,rural,unclassified,107256.74131948919
13580,REGIDOR,BOLIVAR,cabecera,residential,7385.793486561907
13580,REGIDOR,BOLIVAR,cabecera,secondary,945.4921553263113
13580,REGIDOR,BOLIVAR,cabecera,service,58.29227650462457
13580,REGIDOR,BOLIVAR,cabecera,tertiary,292.5409242932713
13580,REGIDOR,BOLIVAR,cabecera,unclassified,545.1347996373254
13580,REGIDOR,BOLIVAR,centro_poblado,path,150.4467082331037
13580,REGIDOR,BOLIVAR,centro_poblado,residential,5741.903825271178
13580,REGIDOR,BOLIVAR,centro_poblado,tertiary,1356.404540972438
13580,REGIDOR,BOLIVAR,centro_poblado,unclassified,268.65127839029554
13580,REGIDOR,BOLIVAR,rural,path,1447.6398050996013
13580,REGIDOR,BOLIVAR,rural,residential,2678.554861893208
13580,REGIDOR,BOLIVAR,rural,secondary,6636.109796257964
13580,REGIDOR,BOLIVAR,rural,tertiary,43402.14860877146
13580,REGIDOR,BOLIVAR,rural,track,78759.31840338303
13580,REGIDOR,BOLIVAR,rural,unclassified,50054.89728384478
13600,RIOVIEJO,BOLIVAR,cabecera,pedestrian,925.5564304872676
13600,RIOVIEJO,BOLIVAR,cabecera,residential,11805.34143040546
13600,RIOVIEJO,BOLIVAR,cabecera,secondary,115.83363303861935
13600,RIOVIEJO,BOLIVAR,cabecera,unclassified,1046.8105555980096
13600,RIOVIEJO,BOLIVAR,centro_poblado,residential,6043.10399885161
13600,RIOVIEJO,BOLIVAR,centro_poblado,service,135.9888943253348
13600,RIOVIEJO,BOLIVAR,centro_poblado,tertiary,589.8755189377979
13600,RIOVIEJO,BOLIVAR,centro_poblado,unclassified,52.46355711303235
13600,RIOVIEJO,BOLIVAR,rural,footway,52.29954800409607
13600,RIOVIEJO,BOLIVAR,rural,path,2732.3589136680594
13600,RIOVIEJO,BOLIVAR,rural,pedestrian,421.59461209086845
13600,RIOVIEJO,BOLIVAR,rural,residential,2823.9890418507925
13600,RIOVIEJO,BOLIVAR,rural,secondary,30395.42168518875
13600,RIOVIEJO,BOLIVAR,rural,tertiary,30762.435634075395
13600,RIOVIEJO,BOLIVAR,rural,track,36244.00687619271
13600,RIOVIEJO,BOLIVAR,rural,unclassified,80786.7256523438
13647,SAN ESTANISLAO,BOLIVAR,cabecera,path,168.0995373893761
13647,SAN ESTANISLAO,BOLIVAR,cabecera,residential,24114.743473176994
13647,SAN ESTANISLAO,BOLIVAR,cabecera,service,276.7049301996352
13647,SAN ESTANISLAO,BOLIVAR,cabecera,tertiary,5501.9635374927075
13647,SAN ESTANISLAO,BOLIVAR,cabecera,track,999.1122173478598
13647,SAN ESTANISLAO,BOLIVAR,cabecera,unclassified,1985.5909887207104
13647,SAN ESTANISLAO,BOLIVAR,centro_poblado,residential,11288.056200632389
13647,SAN ESTANISLAO,BOLIVAR,centro_poblado,service,18.020215439638115
13647,SAN ESTANISLAO,BOLIVAR,centro_poblado,unclassified,29.969427947868834
13647,SAN ESTANISLAO,BOLIVAR,rural,bridleway,1492.813247366889
13647,SAN ESTANISLAO,BOLIVAR,rural,residential,4205.150858732255
13647,SAN ESTANISLAO,BOLIVAR,rural,service,859.7838604912918
13647,SAN ESTANISLAO,BOLIVAR,rural,tertiary,24301.852847362265
13647,SAN ESTANISLAO,BOLIVAR,rural,track,14197.281076444693
13647,SAN ESTANISLAO,BOLIVAR,rural,unclassified,35388.99167566843
13654,SAN JACINTO,BOLIVAR,cabecera,footway,297.01031703377345
13654,SAN JACINTO,BOLIVAR,cabecera,path,199.93438014728358
13654,SAN JACINTO,BOLIVAR,cabecera,residential,46923.64957843799
13654,SAN JACINTO,BOLIVAR,cabecera,service,865.2650426639866
13654,SAN JACINTO,BOLIVAR,cabecera,tertiary,2966.0706519461924
13654,SAN JACINTO,BOLIVAR,cabecera,track,1909.5880279148118
13654,SAN JACINTO,BOLIVAR,cabecera,trunk,3271.384076402426
13654,SAN JACINTO,BOLIVAR,cabecera,unclassified,1310.221020746935
13654,SAN JACINTO,BOLIVAR,centro_poblado,path,135.84913178006468
13654,SAN JACINTO,BOLIVAR,centro_poblado,pedestrian,22.021027621383183
13654,SAN JACINTO,BOLIVAR,centro_poblado,residential,9254.908609531265
13654,SAN JACINTO,BOLIVAR,centro_poblado,service,35.78752828814831
13654,SAN JACINTO,BOLIVAR,centro_poblado,tertiary,659.9217402058198
13654,SAN JACINTO,BOLIVAR,centro_poblado,track,121.86047538234389
13654,SAN JACINTO,BOLIVAR,centro_poblado,unclassified,1001.9680108460071
13654,SAN JACINTO,BOLIVAR,rural,path,1699.9749912705815
13654,SAN JACINTO,BOLIVAR,rural,residential,1066.185128285426
13654,SAN JACINTO,BOLIVAR,rural,service,12527.96061448958
13654,SAN JACINTO,BOLIVAR,rural,tertiary,29571.610598508225
13654,SAN JACINTO,BOLIVAR,rural,track,15051.732104876348
13654,SAN JACINTO,BOLIVAR,rural,trunk,13431.966100261598
13654,SAN JACINTO,BOLIVAR,rural,unclassified,105339.45633891466
13657,SAN JUAN NEPOMUCENO,BOLIVAR,cabecera,footway,176.3999979778081
13657,SAN JUAN NEPOMUCENO,BOLIVAR,cabecera,path,698.7587228070528
13657,SAN JUAN NEPOMUCENO,BOLIVAR,cabecera,residential,57069.41769669786
13657,SAN JUAN NEPOMUCENO,BOLIVAR,cabecera,service,2662.660507021024
13657,SAN JUAN NEPOMUCENO,BOLIVAR,cabecera,steps,18.073672710537128
13657,SAN JUAN NEPOMUCENO,BOLIVAR,cabecera,tertiary,3330.1143125517915
13657,SAN JUAN NEPOMUCENO,BOLIVAR,cabecera,track,419.0684548875546
13657,SAN JUAN NEPOMUCENO,BOLIVAR,cabecera,trunk,3602.2310657722005
13657,SAN JUAN NEPOMUCENO,BOLIVAR,cabecera,unclassified,829.5898575265494
13657,SAN JUAN NEPOMUCENO,BOLIVAR,centro_poblado,path,482.2207569451132
13657,SAN JUAN NEPOMUCENO,BOLIVAR,centro_poblado,residential,20274.976130204097
13657,SAN JUAN NEPOMUCENO,BOLIVAR,centro_poblado,trunk,1624.3353311510393
13657,SAN JUAN NEPOMUCENO,BOLIVAR,centro_poblado,unclassified,1060.3438004367981
13657,SAN JUAN NEPOMUCENO,BOLIVAR,rural,path,5238.839678470562
13657,SAN JUAN NEPOMUCENO,BOLIVAR,rural,residential,5559.283892151535
13657,SAN JUAN NEPOMUCENO,BOLIVAR,rural,service,26012.42940674737
13657,SAN JUAN NEPOMUCENO,BOLIVAR,rural,tertiary,895.4872546429528
13657,SAN JUAN NEPOMUCENO,BOLIVAR,rural,track,41504.46483484368
13657,SAN JUAN NEPOMUCENO,BOLIVAR,rural,trunk,33616.431384779295
13657,SAN JUAN NEPOMUCENO,BOLIVAR,rural,unclassified,144764.23985405968
13670,SAN PABLO,BOLIVAR,cabecera,residential,40835.281412521894
13670,SAN PABLO,BOLIVAR,cabecera,secondary,1764.545812619759
13670,SAN PABLO,BOLIVAR,cabecera,service,369.6744019233107
13670,SAN PABLO,BOLIVAR,cabecera,tertiary,1453.837828846357
13670,SAN PABLO,BOLIVAR,cabecera,unclassified,445.1548205570731
13670,SAN PABLO,BOLIVAR,centro_poblado,residential,6029.675066916403
13670,SAN PABLO,BOLIVAR,centro_poblado,secondary,1148.9867297349583
13670,SAN PABLO,BOLIVAR,centro_poblado,track,28.452569259423157
13670,SAN PABLO,BOLIVAR,centro_poblado,unclassified,1833.9875674825068
13670,SAN PABLO,BOLIVAR,rural,bridleway,574.8999018655445
13670,SAN PABLO,BOLIVAR,rural,path,1595.484006830891
13670,SAN PABLO,BOLIVAR,rural,residential,10328.3449324581
13670,SAN PABLO,BOLIVAR,rural,secondary,28946.695918667807
13670,SAN PABLO,BOLIVAR,rural,service,2605.408925809644
13670,SAN PABLO,BOLIVAR,rural,tertiary,5310.46515553501
13670,SAN PABLO,BOLIVAR,rural,track,50686.45325057689
13670,SAN PABLO,BOLIVAR,rural,unclassified,260930.45368574184
13673,SANTA CATALINA,BOLIVAR,cabecera,residential,15198.609951722665
13673,SANTA CATALINA,BOLIVAR,cabecera,tertiary,340.46799402537056
13673,SANTA CATALINA,BOLIVAR,cabecera,track,100.36072508281687
13673,SANTA CATALINA,BOLIVAR,cabecera,trunk,1554.2053676873902
13673,SANTA CATALINA,BOLIVAR,cabecera,unclassified,457.5359617479943
13673,SANTA CATALINA,BOLIVAR,centro_poblado,path,69.65151083122623
13673,SANTA CATALINA,BOLIVAR,centro_poblado,residential,21616.477289142753
13673,SANTA CATALINA,BOLIVAR,centro_poblado,secondary,930.006416978395
13673,SANTA CATALINA,BOLIVAR,centro_poblado,service,908.2974134934451
13673,SANTA CATALINA,BOLIVAR,centro_poblado,tertiary,2699.111753651034
13673,SANTA CATALINA,BOLIVAR,centro_poblado,track,234.1340956595969
13673,SANTA CATALINA,BOLIVAR,centro_poblado,trunk,1527.8822785291065
13673,SANTA CATALINA,BOLIVAR,centro_poblado,unclassified,2118.915141047824
13673,SANTA CATALINA,BOLIVAR,rural,footway,74.58333583193024
13673,SANTA CATALINA,BOLIVAR,rural,path,1693.6796935146633
13673,SANTA CATALINA,BOLIVAR,rural,residential,2731.829608339526
13673,SANTA CATALINA,BOLIVAR,rural,secondary,12615.917932347073
13673,SANTA CATALINA,BOLIVAR,rural,service,12015.12344573565
13673,SANTA CATALINA,BOLIVAR,rural,tertiary,18382.102416913363
13673,SANTA CATALINA,BOLIVAR,rural,track,59024.40588408922
13673,SANTA CATALINA,BOLIVAR,rural,trunk,17625.370896954722
13673,SANTA CATALINA,BOLIVAR,rural,unclassified,32924.2611497354
13683,SANTA ROSA,BOLIVAR,cabecera,footway,37.19753888560759
13683,SANTA ROSA,BOLIVAR,cabecera,pedestrian,46.044672036157955
13683,SANTA ROSA,BOLIVAR,cabecera,residential,40910.17501585971
13683,SANTA ROSA,BOLIVAR,cabecera,service,118.74747428652479
13683,SANTA ROSA,BOLIVAR,cabecera,tertiary,2337.4590986678077
13683,SANTA ROSA,BOLIVAR,cabecera,track,876.5060494817211
13683,SANTA ROSA,BOLIVAR,cabecera,unclassified,1631.9137592619306
13683,SANTA ROSA,BOLIVAR,rural,bridleway,1048.729219891406
13683,SANTA ROSA,BOLIVAR,rural,residential,49877.7221145934
13683,SANTA ROSA,BOLIVAR,rural,service,9173.522202437582
13683,SANTA ROSA,BOLIVAR,rural,tertiary,8808.246133549874
13683,SANTA ROSA,BOLIVAR,rural,track,16078.766303518067
13683,SANTA ROSA,BOLIVAR,rural,trunk,10181.122067583374
13683,SANTA ROSA,BOLIVAR,rural,unclassified,67418.97195735286
13688,SANTA ROSA DEL SUR,BOLIVAR,cabecera,footway,325.85765741275856
13688,SANTA ROSA DEL SUR,BOLIVAR,cabecera,residential,51091.77270358748
13688,SANTA ROSA DEL SUR,BOLIVAR,cabecera,service,54.26673286449362
13688,SANTA ROSA DEL SUR,BOLIVAR,cabecera,tertiary,834.6812608923094
13688,SANTA ROSA DEL SUR,BOLIVAR,cabecera,track,176.09425634276633
13688,SANTA ROSA DEL SUR,BOLIVAR,cabecera,unclassified,1159.5980243350778
13688,SANTA ROSA DEL SUR,BOLIVAR,centro_poblado,residential,8430.5336580903
13688,SANTA ROSA DEL SUR,BOLIVAR,centro_poblado,track,364.1994383178707
13688,SANTA ROSA DEL SUR,BOLIVAR,centro_poblado,unclassified,1923.6017206609122
13688,SANTA ROSA DEL SUR,BOLIVAR,rural,bridleway,45340.0167277665
13688,SANTA ROSA DEL SUR,BOLIVAR,rural,footway,88.99327546030713
13688,SANTA ROSA DEL SUR,BOLIVAR,rural,path,43456.49343545959
13688,SANTA ROSA DEL SUR,BOLIVAR,rural,residential,20658.83371779141
13688,SANTA ROSA DEL SUR,BOLIVAR,rural,service,10572.344006044586
13688,SANTA ROSA DEL SUR,BOLIVAR,rural,tertiary,7416.126638539467
13688,SANTA ROSA DEL SUR,BOLIVAR,rural,track,129209.77568571475
13688,SANTA ROSA DEL SUR,BOLIVAR,rural,unclassified,484435.7914079458
13744,SIMITI,BOLIVAR,cabecera,residential,13217.018309011522
13744,SIMITI,BOLIVAR,cabecera,secondary,637.7292967670796
13744,SIMITI,BOLIVAR,cabecera,service,621.5273128672617
13744,SIMITI,BOLIVAR,cabecera,tertiary,853.2093057127291
13744,SIMITI,BOLIVAR,cabecera,unclassified,498.4485176582381
13744,SIMITI,BOLIVAR,centro_poblado,bridleway,127.98316348175999
13744,SIMITI,BOLIVAR,centro_poblado,footway,1040.9711053919455
13744,SIMITI,BOLIVAR,centro_poblado,path,112.193591945456
13744,SIMITI,BOLIVAR,centro_poblado,pedestrian,36.4159054732183
13744,SIMITI,BOLIVAR,centro_poblado,residential,15415.069941278985
13744,SIMITI,BOLIVAR,centro_poblado,secondary,1799.5308915039616
13744,SIMITI,BOLIVAR,centro_poblado,service,164.3782802180447
13744,SIMITI,BOLIVAR,centro_poblado,tertiary,1228.8987704511171
13744,SIMITI,BOLIVAR,centro_poblado,track,541.2679481371405
13744,SIMITI,BOLIVAR,centro_poblado,unclassified,2795.2447233635103
13744,SIMITI,BOLIVAR,rural,bridleway,15873.67274159017
13744,SIMITI,BOLIVAR,rural,footway,809.8191053922762
13744,SIMITI,BOLIVAR,rural,path,4624.715940888784
13744,SIMITI,BOLIVAR,rural,residential,10119.447852882406
13744,SIMITI,BOLIVAR,rural,secondary,31756.627142375655
13744,SIMITI,BOLIVAR,rural,service,6668.767204063253
13744,SIMITI,BOLIVAR,rural,tertiary,44450.045148923935
13744,SIMITI,BOLIVAR,rural,track,62259.139770012756
13744,SIMITI,BOLIVAR,rural,unclassified,214612.72979048148
13760,SOPLAVIENTO,BOLIVAR,cabecera,footway,254.6202673173148
13760,SOPLAVIENTO,BOLIVAR,cabecera,residential,32018.205331801633
13760,SOPLAVIENTO,BOLIVAR,cabecera,tertiary,1416.3503042951088
13760,SOPLAVIENTO,BOLIVAR,cabecera,track,521.5343786997407
13760,SOPLAVIENTO,BOLIVAR,cabecera,unclassified,822.5970661439088
13760,SOPLAVIENTO,BOLIVAR,rural,residential,450.3233108226178
13760,SOPLAVIENTO,BOLIVAR,rural,tertiary,4930.521235605151
13760,SOPLAVIENTO,BOLIVAR,rural,track,10690.962613587797
13760,SOPLAVIENTO,BOLIVAR,rural,unclassified,16246.755343913352
13780,TALAIGUA NUEVO,BOLIVAR,cabecera,primary,135.97384980705277
13780,TALAIGUA NUEVO,BOLIVAR,cabecera,residential,14302.222636360206
13780,TALAIGUA NUEVO,BOLIVAR,cabecera,service,570.6257474081087
13780,TALAIGUA NUEVO,BOLIVAR,cabecera,track,234.3276615346294
13780,TALAIGUA NUEVO,BOLIVAR,cabecera,trunk,1305.1362722515153
13780,TALAIGUA NUEVO,BOLIVAR,cabecera,unclassified,543.4410790234269
13780,TALAIGUA NUEVO,BOLIVAR,centro_poblado,residential,15620.364681114013
13780,TALAIGUA NUEVO,BOLIVAR,centro_poblado,service,13.937053263038107
13780,TALAIGUA NUEVO,BOLIVAR,centro_poblado,track,213.04850379171617
13780,TALAIGUA NUEVO,BOLIVAR,centro_poblado,trunk,1023.2238404326295
13780,TALAIGUA NUEVO,BOLIVAR,centro_poblado,unclassified,860.1448147001445
13780,TALAIGUA NUEVO,BOLIVAR,rural,path,60.14069180312113
13780,TALAIGUA NUEVO,BOLIVAR,rural,primary,1619.4877917673534
13780,TALAIGUA NUEVO,BOLIVAR,rural,residential,6764.320581948491
13780,TALAIGUA NUEVO,BOLIVAR,rural,service,75.15326234969473
13780,TALAIGUA NUEVO,BOLIVAR,rural,track,15110.885525477708
13780,TALAIGUA NUEVO,BOLIVAR,rural,trunk,16066.434011672187
13780,TALAIGUA NUEVO,BOLIVAR,rural,unclassified,19511.83670380463
13810,TIQUISIO (PTO. RICO),BOLIVAR,cabecera,residential,10508.84465209862
13810,TIQUISIO (PTO. RICO),BOLIVAR,cabecera,secondary,210.97509637126592
13810,TIQUISIO (PTO. RICO),BOLIVAR,cabecera,service,2011.2973234750625
13810,TIQUISIO (PTO. RICO),BOLIVAR,cabecera,unclassified,1155.3883797415606
13810,TIQUISIO (PTO. RICO),BOLIVAR,centro_poblado,residential,14459.087008658855
13810,TIQUISIO (PTO. RICO),BOLIVAR,centro_poblado,secondary,1013.2735730537024
13810,TIQUISIO (PTO. RICO),BOLIVAR,centro_poblado,unclassified,260.44507127875977
13810,TIQUISIO (PTO. RICO),BOLIVAR,rural,footway,363.5414316974395
13810,TIQUISIO (PTO. RICO),BOLIVAR,rural,path,4455.041023562138
13810,TIQUISIO (PTO. RICO),BOLIVAR,rural,pedestrian,90.9474433183394
13810,TIQUISIO (PTO. RICO),BOLIVAR,rural,residential,5146.98953344671
13810,TIQUISIO (PTO. RICO),BOLIVAR,rural,secondary,34331.45414553111
13810,TIQUISIO (PTO. RICO),BOLIVAR,rural,service,444.703379161376
13810,TIQUISIO (PTO. RICO),BOLIVAR,rural,track,1290.819381236684
13810,TIQUISIO (PTO. RICO),BOLIVAR,rural,unclassified,80826.82868620304
13836,TURBACO,BOLIVAR,cabecera,cycleway,84.945020927861
13836,TURBACO,BOLIVAR,cabecera,footway,2336.9575598349224
13836,TURBACO,BOLIVAR,cabecera,living_street,6708.035935228726
13836,TURBACO,BOLIVAR,cabecera,path,3118.785090846915
13836,TURBACO,BOLIVAR,cabecera,residential,181872.2416339586
13836,TURBACO,BOLIVAR,cabecera,service,25084.20040162234
13836,TURBACO,BOLIVAR,cabecera,steps,461.00816422624814
13836,TURBACO,BOLIVAR,cabecera,tertiary,10196.342658127222
13836,TURBACO,BOLIVAR,cabecera,track,1111.2021641555955
13836,TURBACO,BOLIVAR,cabecera,trunk,18596.380001069552
13836,TURBACO,BOLIVAR,cabecera,unclassified,15027.40723302104
13836,TURBACO,BOLIVAR,centro_poblado,path,9.594815342733563
13836,TURBACO,BOLIVAR,centro_poblado,residential,14276.516848224215
13836,TURBACO,BOLIVAR,centro_poblado,service,511.13669960863666
13836,TURBACO,BOLIVAR,centro_poblado,track,166.0044608033689
13836,TURBACO,BOLIVAR,centro_poblado,trunk,659.0920185623644
13836,TURBACO,BOLIVAR,centro_poblado,unclassified,615.314303516913
13836,TURBACO,BOLIVAR,rural,bridleway,2733.4053238723154
13836,TURBACO,BOLIVAR,rural,footway,747.5381252762287
13836,TURBACO,BOLIVAR,rural,path,19312.356094520925
13836,TURBACO,BOLIVAR,rural,residential,103549.69815198079
13836,TURBACO,BOLIVAR,rural,service,47919.43838591861
13836,TURBACO,BOLIVAR,rural,steps,14.546190744853442
13836,TURBACO,BOLIVAR,rural,tertiary,2796.3585107024637
13836,TURBACO,BOLIVAR,rural,track,108537.6327018987
13836,TURBACO,BOLIVAR,rural,trunk,23771.002167159953
13836,TURBACO,BOLIVAR,rural,unclassified,143051.7609460738
13838,TURBANA,BOLIVAR,cabecera,footway,13.49521781716984
13838,TURBANA,BOLIVAR,cabecera,path,110.17787423109591
13838,TURBANA,BOLIVAR,cabecera,residential,20168.98022260066
13838,TURBANA,BOLIVAR,cabecera,service,16.712975042941867
13838,TURBANA,BOLIVAR,cabecera,tertiary,2523.258838873692
13838,TURBANA,BOLIVAR,cabecera,unclassified,887.2016001418905
13838,TURBANA,BOLIVAR,centro_poblado,path,14.781934654948309
13838,TURBANA,BOLIVAR,centro_poblado,residential,6070.53593457084
13838,TURBANA,BOLIVAR,centro_poblado,tertiary,891.5402134960608
13838,TURBANA,BOLIVAR,centro_poblado,track,0.7147262129503498
13838,TURBANA,BOLIVAR,centro_poblado,unclassified,161.55043373763087
13838,TURBANA,BOLIVAR,rural,footway,52.30288893913303
13838,TURBANA,BOLIVAR,rural,path,6553.006728876412
13838,TURBANA,BOLIVAR,rural,residential,5352.80508696049
13838,TURBANA,BOLIVAR,rural,service,26948.212605151406
13838,TURBANA,BOLIVAR,rural,tertiary,15806.222092824391
13838,TURBANA,BOLIVAR,rural,track,22309.066987978647
13838,TURBANA,BOLIVAR,rural,trunk,29114.07206412496
13838,TURBANA,BOLIVAR,rural,unclassified,77897.94936308876
13873,VILLANUEVA,BOLIVAR,cabecera,residential,25818.359878314528
13873,VILLANUEVA,BOLIVAR,cabecera,service,104.15106391940274
13873,VILLANUEVA,BOLIVAR,cabecera,tertiary,2795.7974014382708
13873,VILLANUEVA,BOLIVAR,cabecera,track,337.82975285425925
13873,VILLANUEVA,BOLIVAR,centro_poblado,residential,3201.7829338302686
13873,VILLANUEVA,BOLIVAR,centro_poblado,tertiary,286.13185453048516
13873,VILLANUEVA,BOLIVAR,centro_poblado,unclassified,23.769860067819828
13873,VILLANUEVA,BOLIVAR,rural,residential,2763.186358205793
13873,VILLANUEVA,BOLIVAR,rural,service,3825.687415592629
13873,VILLANUEVA,BOLIVAR,rural,tertiary,19948.01425066885
13873,VILLANUEVA,BOLIVAR,rural,track,14920.251899862104
13873,VILLANUEVA,BOLIVAR,rural,unclassified,24473.13181617766
13894,ZAMBRANO,BOLIVAR,cabecera,residential,30086.57479734517
13894,ZAMBRANO,BOLIVAR,cabecera,tertiary,5086.007254200346
13894,ZAMBRANO,BOLIVAR,cabecera,track,1930.629530438048
13894,ZAMBRANO,BOLIVAR,cabecera,unclassified,1916.2626989177998
13894,ZAMBRANO,BOLIVAR,centro_poblado,residential,989.2745774929261
13894,ZAMBRANO,BOLIVAR,centro_poblado,track,0.8839440827007385
13894,ZAMBRANO,BOLIVAR,centro_poblado,unclassified,278.89440258929426
13894,ZAMBRANO,BOLIVAR,rural,residential,2552.5394522500537
13894,ZAMBRANO,BOLIVAR,rural,secondary,11045.9019264932
13894,ZAMBRANO,BOLIVAR,rural,tertiary,7992.764841753521
13894,ZAMBRANO,BOLIVAR,rural,track,66632.72821226495
13894,ZAMBRANO,BOLIVAR,rural,trunk,21214.92902417139
13894,ZAMBRANO,BOLIVAR,rural,unclassified,28804.109391800634
13894,ZAMBRANO,BOLIVAR,rural,unknown,8024.151521233402
15047,AQUITANIA (PUEBLOVIEJO),BOYACA,cabecera,bridleway,44.36957646648692
15047,AQUITANIA (PUEBLOVIEJO),BOYACA,cabecera,footway,139.03990108197817
15047,AQUITANIA (PUEBLOVIEJO),BOYACA,cabecera,path,391.22567833049135
15047,AQUITANIA (PUEBLOVIEJO),BOYACA,cabecera,pedestrian,92.85613374345513
15047,AQUITANIA (PUEBLOVIEJO),BOYACA,cabecera,residential,10592.368053533408
15047,AQUITANIA (PUEBLOVIEJO),BOYACA,cabecera,secondary,1704.1910277325542
15047,AQUITANIA (PUEBLOVIEJO),BOYACA,cabecera,service,613.0392371735193
15047,AQUITANIA (PUEBLOVIEJO),BOYACA,cabecera,tertiary,769.9301091073655
15047,AQUITANIA (PUEBLOVIEJO),BOYACA,cabecera,track,1099.5847412611022
15047,AQUITANIA (PUEBLOVIEJO),BOYACA,cabecera,unclassified,655.8656559645108
15047,AQUITANIA (PUEBLOVIEJO),BOYACA,centro_poblado,bridleway,485.8581425305871
15047,AQUITANIA (PUEBLOVIEJO),BOYACA,centro_poblado,primary,192.7313808570263
15047,AQUITANIA (PUEBLOVIEJO),BOYACA,centro_poblado,residential,676.6603965205766
15047,AQUITANIA (PUEBLOVIEJO),BOYACA,centro_poblado,secondary,2906.1202799718485
15047,AQUITANIA (PUEBLOVIEJO),BOYACA,centro_poblado,service,1333.6770987807417
15047,AQUITANIA (PUEBLOVIEJO),BOYACA,centro_poblado,tertiary,241.53947349055298
15047,AQUITANIA (PUEBLOVIEJO),BOYACA,centro_poblado,track,1598.9640179450735
15047,AQUITANIA (PUEBLOVIEJO),BOYACA,centro_poblado,unclassified,1559.4344683612953
15047,AQUITANIA (PUEBLOVIEJO),BOYACA,rural,bridleway,87751.70735158946
15047,AQUITANIA (PUEBLOVIEJO),BOYACA,rural,footway,4.169470960943601
15047,AQUITANIA (PUEBLOVIEJO),BOYACA,rural,path,57071.182148723834
15047,AQUITANIA (PUEBLOVIEJO),BOYACA,rural,primary,25492.49158479729
15047,AQUITANIA (PUEBLOVIEJO),BOYACA,rural,residential,1706.1695647881008
15047,AQUITANIA (PUEBLOVIEJO),BOYACA,rural,secondary,15589.563093964438
15047,AQUITANIA (PUEBLOVIEJO),BOYACA,rural,service,63417.33608614737
15047,AQUITANIA (PUEBLOVIEJO),BOYACA,rural,tertiary,45760.84873667844
15047,AQUITANIA (PUEBLOVIEJO),BOYACA,rural,track,248913.40093192348
15047,AQUITANIA (PUEBLOVIEJO),BOYACA,rural,unclassified,112924.03752751614
15176,CHIQUINQUIRA,BOYACA,cabecera,cycleway,1327.319072127558
15176,CHIQUINQUIRA,BOYACA,cabecera,footway,1357.69227504886
15176,CHIQUINQUIRA,BOYACA,cabecera,path,84.38470692998484
15176,CHIQUINQUIRA,BOYACA,cabecera,pedestrian,789.2234723292173
15176,CHIQUINQUIRA,BOYACA,cabecera,primary,10820.661411177085
15176,CHIQUINQUIRA,BOYACA,cabecera,residential,82139.40943286287
15176,CHIQUINQUIRA,BOYACA,cabecera,secondary,3546.452336194585
15176,CHIQUINQUIRA,BOYACA,cabecera,service,4097.511005634373
15176,CHIQUINQUIRA,BOYACA,cabecera,tertiary,1990.702752939649
15176,CHIQUINQUIRA,BOYACA,cabecera,track,118.4319699636857
15176,CHIQUINQUIRA,BOYACA,cabecera,trunk,2376.9527624367256
15176,CHIQUINQUIRA,BOYACA,cabecera,unclassified,4012.1776825198167
15176,CHIQUINQUIRA,BOYACA,rural,bridleway,207.3912959517329
15176,CHIQUINQUIRA,BOYACA,rural,primary,13405.410695070419
15176,CHIQUINQUIRA,BOYACA,rural,residential,22472.165302999467
15176,CHIQUINQUIRA,BOYACA,rural,secondary,541.7384599128629
15176,CHIQUINQUIRA,BOYACA,rural,service,24057.307397602704
15176,CHIQUINQUIRA,BOYACA,rural,tertiary,38267.73392242877
15176,CHIQUINQUIRA,BOYACA,rural,track,3811.6169862678985
15176,CHIQUINQUIRA,BOYACA,rural,trunk,11475.56627200231
15176,CHIQUINQUIRA,BOYACA,rural,unclassified,189795.1376755369
15183,CHITA,BOYACA,cabecera,bridleway,119.95561107552716
15183,CHITA,BOYACA,cabecera,footway,341.37409929248963
15183,CHITA,BOYACA,cabecera,pedestrian,419.5364336925446
15183,CHITA,BOYACA,cabecera,residential,7173.505560839463
15183,CHITA,BOYACA,cabecera,tertiary,866.7994520035624
15183,CHITA,BOYACA,cabecera,unclassified,473.86517002020094
15183,CHITA,BOYACA,rural,bridleway,43896.48836142866
15183,CHITA,BOYACA,rural,footway,46.26135570772294
15183,CHITA,BOYACA,rural,path,21023.46022224715
15183,CHITA,BOYACA,rural,residential,1170.773607158404
15183,CHITA,BOYACA,rural,service,164.44371879890605
15183,CHITA,BOYACA,rural,tertiary,90355.94919289344
15183,CHITA,BOYACA,rural,track,46093.254158296026
15183,CHITA,BOYACA,rural,unclassified,143267.8009131739
15204,COMBITA,BOYACA,cabecera,residential,4190.101055121081
15204,COMBITA,BOYACA,cabecera,service,390.9257112250108
15204,COMBITA,BOYACA,cabecera,tertiary,729.8417751795314
15204,COMBITA,BOYACA,cabecera,unclassified,2029.7746476376994
15204,COMBITA,BOYACA,centro_poblado,primary,900.4475144369744
15204,COMBITA,BOYACA,centro_poblado,residential,1881.776136562517
15204,COMBITA,BOYACA,centro_poblado,service,966.0995177808489
15204,COMBITA,BOYACA,centro_poblado,trunk,756.7595683069884
15204,COMBITA,BOYACA,centro_poblado,unclassified,178.02362430123333
15204,COMBITA,BOYACA,rural,bridleway,7081.264840765368
15204,COMBITA,BOYACA,rural,path,12008.026592101538
15204,COMBITA,BOYACA,rural,primary,14344.69404834744
15204,COMBITA,BOYACA,rural,residential,50353.6338546501
15204,COMBITA,BOYACA,rural,service,67743.47024529809
15204,COMBITA,BOYACA,rural,tertiary,6372.4892565054015
15204,COMBITA,BOYACA,rural,track,40462.166244351516
15204,COMBITA,BOYACA,rural,trunk,19216.16127987629
15204,COMBITA,BOYACA,rural,unclassified,199226.4825967932
15238,DUITAMA,BOYACA,cabecera,cycleway,2536.016793355955
15238,DUITAMA,BOYACA,cabecera,footway,19863.966860283148
15238,DUITAMA,BOYACA,cabecera,path,2750.986748388749
15238,DUITAMA,BOYACA,cabecera,pedestrian,1069.0000695753556
15238,DUITAMA,BOYACA,cabecera,primary,4106.327428645352
15238,DUITAMA,BOYACA,cabecera,residential,188780.45659238411
15238,DUITAMA,BOYACA,cabecera,secondary,12074.607941929335
15238,DUITAMA,BOYACA,cabecera,service,26108.20263066871
15238,DUITAMA,BOYACA,cabecera,steps,728.3513393353104
15238,DUITAMA,BOYACA,cabecera,tertiary,1842.0686336757756
15238,DUITAMA,BOYACA,cabecera,track,3339.1537751454107
15238,DUITAMA,BOYACA,cabecera,trunk,14185.787034172303
15238,DUITAMA,BOYACA,cabecera,unclassified,9877.124519308181
15238,DUITAMA,BOYACA,centro_poblado,bridleway,379.3289618864941
15238,DUITAMA,BOYACA,centro_poblado,footway,471.00553838214444
15238,DUITAMA,BOYACA,centro_poblado,path,83.09359012704267
15238,DUITAMA,BOYACA,centro_poblado,residential,8610.761015845432
15238,DUITAMA,BOYACA,centro_poblado,service,4977.929272410007
15238,DUITAMA,BOYACA,centro_poblado,steps,14.160270101115163
15238,DUITAMA,BOYACA,centro_poblado,tertiary,727.7537158281021
15238,DUITAMA,BOYACA,centro_poblado,track,1157.3505262738079
15238,DUITAMA,BOYACA,centro_poblado,trunk,2847.9371469134658
15238,DUITAMA,BOYACA,centro_poblado,unclassified,9225.4249404338
15238,DUITAMA,BOYACA,rural,bridleway,4724.160471684906
15238,DUITAMA,BOYACA,rural,footway,524.2683526332889
15238,DUITAMA,BOYACA,rural,path,30581.21441951635
15238,DUITAMA,BOYACA,rural,residential,62085.365911014735
15238,DUITAMA,BOYACA,rural,secondary,3616.6568647453987
15238,DUITAMA,BOYACA,rural,service,46927.875851168195
15238,DUITAMA,BOYACA,rural,steps,86.79778200799365
15238,DUITAMA,BOYACA,rural,tertiary,62965.09511279936
15238,DUITAMA,BOYACA,rural,track,64411.92398159293
15238,DUITAMA,BOYACA,rural,trunk,10882.42999103569
15238,DUITAMA,BOYACA,rural,unclassified,140872.05132339758
15299,GARAGOA,BOYACA,cabecera,footway,271.53422071327736
15299,GARAGOA,BOYACA,cabecera,residential,26614.218673135347
15299,GARAGOA,BOYACA,cabecera,service,78.09346265591616
15299,GARAGOA,BOYACA,cabecera,steps,146.33215720905363
15299,GARAGOA,BOYACA,cabecera,tertiary,2105.16561995368
15299,GARAGOA,BOYACA,cabecera,track,1304.4959025175572
15299,GARAGOA,BOYACA,cabecera,unclassified,3238.2298208056723
15299,GARAGOA,BOYACA,rural,footway,667.4628549351401
15299,GARAGOA,BOYACA,rural,primary,3688.9595483628173
15299,GARAGOA,BOYACA,rural,residential,9386.09422002946
15299,GARAGOA,BOYACA,rural,service,5537.835804897255
15299,GARAGOA,BOYACA,rural,steps,48.66249092339206
15299,GARAGOA,BOYACA,rural,tertiary,43307.16337031679
15299,GARAGOA,BOYACA,rural,track,11397.155840542011
15299,GARAGOA,BOYACA,rural,unclassified,94563.308119626
15322,GUATEQUE,BOYACA,cabecera,footway,55.532618591074176
15322,GUATEQUE,BOYACA,cabecera,primary,2118.4483436897503
15322,GUATEQUE,BOYACA,cabecera,residential,20311.95880038561
15322,GUATEQUE,BOYACA,cabecera,secondary,1794.6295724953516
15322,GUATEQUE,BOYACA,cabecera,service,831.0449441701784
15322,GUATEQUE,BOYACA,cabecera,tertiary,2487.4272388972195
15322,GUATEQUE,BOYACA,cabecera,unclassified,3244.0541447966743
15322,GUATEQUE,BOYACA,rural,footway,226.76318319796763
15322,GUATEQUE,BOYACA,rural,path,1162.8270667757238
15322,GUATEQUE,BOYACA,rural,primary,9866.820387770123
15322,GUATEQUE,BOYACA,rural,residential,11302.087554373355
15322,GUATEQUE,BOYACA,rural,secondary,13272.476281874271
15322,GUATEQUE,BOYACA,rural,service,5456.520382505387
15322,GUATEQUE,BOYACA,rural,tertiary,6623.393815436453
15322,GUATEQUE,BOYACA,rural,unclassified,55066.21875594923
15367,JENESANO,BOYACA,cabecera,path,6.807160456398346
15367,JENESANO,BOYACA,cabecera,pedestrian,95.01590764118654
15367,JENESANO,BOYACA,cabecera,residential,7112.435350236238
15367,JENESANO,BOYACA,cabecera,secondary,2688.3043507702255
15367,JENESANO,BOYACA,cabecera,service,1072.487289106148
15367,JENESANO,BOYACA,cabecera,tertiary,74.56175421968237
15367,JENESANO,BOYACA,cabecera,track,15.056495526976212
15367,JENESANO,BOYACA,cabecera,unclassified,885.8229415712154
15367,JENESANO,BOYACA,rural,bridleway,426.8456870633695
15367,JENESANO,BOYACA,rural,footway,353.25675883077383
15367,JENESANO,BOYACA,rural,path,1808.295100979925
15367,JENESANO,BOYACA,rural,residential,5875.522779887135
15367,JENESANO,BOYACA,rural,secondary,20706.829707729532
15367,JENESANO,BOYACA,rural,service,25049.176192927505
15367,JENESANO,BOYACA,rural,track,9168.69247540231
15367,JENESANO,BOYACA,rural,unclassified,132457.12301767914
15407,VILLA DE LEIVA,BOYACA,cabecera,footway,1004.8378721866419
15407,VILLA DE LEIVA,BOYACA,cabecera,path,635.6086138618202
15407,VILLA DE LEIVA,BOYACA,cabecera,pedestrian,1356.5343860236653
15407,VILLA DE LEIVA,BOYACA,cabecera,residential,28398.071962970997
15407,VILLA DE LEIVA,BOYACA,cabecera,secondary,2906.194022125707
15407,VILLA DE LEIVA,BOYACA,cabecera,service,5621.42296582604
15407,VILLA DE LEIVA,BOYACA,cabecera,steps,84.34760896785153
15407,VILLA DE LEIVA,BOYACA,cabecera,tertiary,3019.675955645511
15407,VILLA DE LEIVA,BOYACA,cabecera,track,751.2085893790551
15407,VILLA DE LEIVA,BOYACA,cabecera,unclassified,808.266630705019
15407,VILLA DE LEIVA,BOYACA,centro_poblado,residential,1110.9932038480874
15407,VILLA DE LEIVA,BOYACA,rural,bridleway,4711.142494018248
15407,VILLA DE LEIVA,BOYACA,rural,footway,14.047640289389946
15407,VILLA DE LEIVA,BOYACA,rural,path,21542.81600997104
15407,VILLA DE LEIVA,BOYACA,rural,residential,86558.6011005604
15407,VILLA DE LEIVA,BOYACA,rural,secondary,12487.41080968491
15407,VILLA DE LEIVA,BOYACA,rural,service,60386.49130958108
15407,VILLA DE LEIVA,BOYACA,rural,steps,23.025652533899642
15407,VILLA DE LEIVA,BOYACA,rural,tertiary,19632.812868396766
15407,VILLA DE LEIVA,BOYACA,rural,track,22994.723704259137
15407,VILLA DE LEIVA,BOYACA,rural,unclassified,165989.51369247734
15455,MIRAFLORES,BOYACA,cabecera,bridleway,12.35548100618633
15455,MIRAFLORES,BOYACA,cabecera,footway,13267.908094577531
15455,MIRAFLORES,BOYACA,cabecera,path,54.48274052768236
15455,MIRAFLORES,BOYACA,cabecera,pedestrian,135.03342046536073
15455,MIRAFLORES,BOYACA,cabecera,residential,13173.850954230587
15455,MIRAFLORES,BOYACA,cabecera,secondary,1807.228727465465
15455,MIRAFLORES,BOYACA,cabecera,service,715.32238182876
15455,MIRAFLORES,BOYACA,cabecera,steps,258.6656367390168
15455,MIRAFLORES,BOYACA,cabecera,tertiary,1354.3804927305882
15455,MIRAFLORES,BOYACA,cabecera,unclassified,703.5987150623462
15455,MIRAFLORES,BOYACA,rural,bridleway,8868.595503228235
15455,MIRAFLORES,BOYACA,rural,footway,1598.8631090622132
15455,MIRAFLORES,BOYACA,rural,path,13557.339517832794
15455,MIRAFLORES,BOYACA,rural,residential,6660.575426711098
15455,MIRAFLORES,BOYACA,rural,secondary,16194.452120135993
15455,MIRAFLORES,BOYACA,rural,service,3438.4733137484714
15455,MIRAFLORES,BOYACA,rural,tertiary,36917.70174191189
15455,MIRAFLORES,BOYACA,rural,track,3216.0295929606223
15455,MIRAFLORES,BOYACA,rural,unclassified,92574.47770009977
15469,MONIQUIRA,BOYACA,cabecera,footway,74.0096359907932
15469,MONIQUIRA,BOYACA,cabecera,path,46.790750441262496
15469,MONIQUIRA,BOYACA,cabecera,pedestrian,26.593316528234702
15469,MONIQUIRA,BOYACA,cabecera,primary,2590.0807889390085
15469,MONIQUIRA,BOYACA,cabecera,residential,27076.470107189787
15469,MONIQUIRA,BOYACA,cabecera,secondary,1765.5857901723623
15469,MONIQUIRA,BOYACA,cabecera,service,4519.318389205888
15469,MONIQUIRA,BOYACA,cabecera,track,761.6085613555833
15469,MONIQUIRA,BOYACA,cabecera,unclassified,6951.146864991449
15469,MONIQUIRA,BOYACA,rural,bridleway,1048.2689561368434
15469,MONIQUIRA,BOYACA,rural,footway,56.298649603243284
15469,MONIQUIRA,BOYACA,rural,path,2064.4740368773523
15469,MONIQUIRA,BOYACA,rural,primary,22900.117104857112
15469,MONIQUIRA,BOYACA,rural,residential,34554.02093080893
15469,MONIQUIRA,BOYACA,rural,secondary,11344.32010083068
15469,MONIQUIRA,BOYACA,rural,service,31738.17798025704
15469,MONIQUIRA,BOYACA,rural,tertiary,7037.348687860991
15469,MONIQUIRA,BOYACA,rural,track,45256.28098559335
15469,MONIQUIRA,BOYACA,rural,unclassified,335416.53574530233
15476,MOTAVITA,BOYACA,cabecera,residential,2059.040529594963
15476,MOTAVITA,BOYACA,cabecera,secondary,227.8068004790947
15476,MOTAVITA,BOYACA,cabecera,tertiary,432.5156860565266
15476,MOTAVITA,BOYACA,cabecera,unclassified,562.4473938666346
15476,MOTAVITA,BOYACA,rural,path,279.32887829998685
15476,MOTAVITA,BOYACA,rural,primary,4074.4307138887834
15476,MOTAVITA,BOYACA,rural,residential,19617.739548709567
15476,MOTAVITA,BOYACA,rural,secondary,5017.171700540266
15476,MOTAVITA,BOYACA,rural,service,12727.423843440805
15476,MOTAVITA,BOYACA,rural,tertiary,6758.20368067806
15476,MOTAVITA,BOYACA,rural,track,4783.5582679377285
15476,MOTAVITA,BOYACA,rural,unclassified,115346.79254453818
15480,MUZO,BOYACA,cabecera,bridleway,932.6994158346449
15480,MUZO,BOYACA,cabecera,footway,38.4447624924811
15480,MUZO,BOYACA,cabecera,residential,9613.447876264687
15480,MUZO,BOYACA,cabecera,service,74.60441941807606
15480,MUZO,BOYACA,cabecera,steps,9.256765102890045
15480,MUZO,BOYACA,cabecera,tertiary,386.8828571595693
15480,MUZO,BOYACA,cabecera,track,294.5098418149263
15480,MUZO,BOYACA,cabecera,unclassified,609.2154156999535
15480,MUZO,BOYACA,rural,bridleway,8226.573326080032
15480,MUZO,BOYACA,rural,path,1499.3981772176248
15480,MUZO,BOYACA,rural,residential,1793.4900001357075
15480,MUZO,BOYACA,rural,service,559.0506609720281
15480,MUZO,BOYACA,rural,tertiary,14977.352949822573
15480,MUZO,BOYACA,rural,track,63661.20128974142
15480,MUZO,BOYACA,rural,unclassified,79630.77078288962
15491,NOBSA,BOYACA,cabecera,pedestrian,321.37457596329864
15491,NOBSA,BOYACA,cabecera,residential,14517.421342549087
15491,NOBSA,BOYACA,cabecera,service,3006.451328438416
15491,NOBSA,BOYACA,cabecera,tertiary,2951.072240514336
15491,NOBSA,BOYACA,centro_poblado,footway,76.11876109706178
15491,NOBSA,BOYACA,centro_poblado,path,387.98468183087283
15491,NOBSA,BOYACA,centro_poblado,primary,3687.417627652066
15491,NOBSA,BOYACA,centro_poblado,residential,28382.91984156931
15491,NOBSA,BOYACA,centro_poblado,service,12153.678609774155
15491,NOBSA,BOYACA,centro_poblado,tertiary,265.4090032040938
15491,NOBSA,BOYACA,centro_poblado,track,2009.172746816977
15491,NOBSA,BOYACA,centro_poblado,unclassified,12461.775622277328
15491,NOBSA,BOYACA,rural,footway,115.84396025095319
15491,NOBSA,BOYACA,rural,path,10305.569413184605
15491,NOBSA,BOYACA,rural,primary,7811.396062202767
15491,NOBSA,BOYACA,rural,residential,23918.797707650123
15491,NOBSA,BOYACA,rural,service,19011.13790954501
15491,NOBSA,BOYACA,rural,tertiary,2043.833893478487
15491,NOBSA,BOYACA,rural,track,64629.38785523812
15491,NOBSA,BOYACA,rural,unclassified,36848.96948256557
15507,OTANCHE,BOYACA,cabecera,primary,1339.369954931297
15507,OTANCHE,BOYACA,cabecera,residential,4324.938559449312
15507,OTANCHE,BOYACA,cabecera,service,214.8864713544487
15507,OTANCHE,BOYACA,cabecera,tertiary,721.2988575584516
15507,OTANCHE,BOYACA,centro_poblado,primary,931.8552952676825
15507,OTANCHE,BOYACA,centro_poblado,residential,156.0339413330388
15507,OTANCHE,BOYACA,centro_poblado,track,287.9281879361067
15507,OTANCHE,BOYACA,centro_poblado,unclassified,311.06726888436765
15507,OTANCHE,BOYACA,rural,path,9941.308553834286
15507,OTANCHE,BOYACA,rural,primary,31728.877423480884
15507,OTANCHE,BOYACA,rural,residential,1128.3961267138513
15507,OTANCHE,BOYACA,rural,service,66.4886495284
15507,OTANCHE,BOYACA,rural,tertiary,11019.775980883247
15507,OTANCHE,BOYACA,rural,track,41546.04006457659
15507,OTANCHE,BOYACA,rural,unclassified,47271.8784704629
15516,PAIPA,BOYACA,cabecera,cycleway,914.3195548256658
15516,PAIPA,BOYACA,cabecera,footway,1885.6974317657098
15516,PAIPA,BOYACA,cabecera,path,474.68080821071555
15516,PAIPA,BOYACA,cabecera,pedestrian,39.788259395932954
15516,PAIPA,BOYACA,cabecera,residential,64214.971389347535
15516,PAIPA,BOYACA,cabecera,secondary,2590.881735565511
15516,PAIPA,BOYACA,cabecera,service,2300.155089142702
15516,PAIPA,BOYACA,cabecera,steps,5.927398307695026
15516,PAIPA,BOYACA,cabecera,tertiary,3996.7130397121105
15516,PAIPA,BOYACA,cabecera,track,956.8618290914503
15516,PAIPA,BOYACA,cabecera,trunk,6945.782273924362
15516,PAIPA,BOYACA,cabecera,unclassified,1765.7773074681172
15516,PAIPA,BOYACA,centro_poblado,footway,52.15461485534922
15516,PAIPA,BOYACA,centro_poblado,residential,1977.2252645778135
15516,PAIPA,BOYACA,centro_poblado,secondary,899.5293289638169
15516,PAIPA,BOYACA,centro_poblado,service,142.18053762016024
15516,PAIPA,BOYACA,centro_poblado,steps,53.6663662084911
15516,PAIPA,BOYACA,centro_poblado,tertiary,548.314754937501
15516,PAIPA,BOYACA,centro_poblado,unclassified,1251.1179232398108
15516,PAIPA,BOYACA,rural,bridleway,4826.313060880454
15516,PAIPA,BOYACA,rural,cycleway,1409.8282832300174
15516,PAIPA,BOYACA,rural,footway,5842.029012038397
15516,PAIPA,BOYACA,rural,path,16469.64299294381
15516,PAIPA,BOYACA,rural,residential,69530.46542741334
15516,PAIPA,BOYACA,rural,secondary,21165.26561501186
15516,PAIPA,BOYACA,rural,service,81350.33429390052
15516,PAIPA,BOYACA,rural,steps,412.32539487016453
15516,PAIPA,BOYACA,rural,tertiary,56543.41964187861
15516,PAIPA,BOYACA,rural,track,122139.72365682521
15516,PAIPA,BOYACA,rural,trunk,17553.428857683088
15516,PAIPA,BOYACA,rural,unclassified,371810.39927110967
15531,PAUNA,BOYACA,cabecera,primary,1249.3713859843901
15531,PAUNA,BOYACA,cabecera,residential,4696.008615732315
15531,PAUNA,BOYACA,cabecera,unclassified,815.7992709861455
15531,PAUNA,BOYACA,rural,path,11210.884146879442
15531,PAUNA,BOYACA,rural,primary,45717.86173379187
15531,PAUNA,BOYACA,rural,residential,4625.408978443774
15531,PAUNA,BOYACA,rural,service,1677.0927938114216
15531,PAUNA,BOYACA,rural,tertiary,9610.367619737648
15531,PAUNA,BOYACA,rural,track,17768.872553972524
15531,PAUNA,BOYACA,rural,unclassified,207497.2008651366
15542,PESCA,BOYACA,cabecera,footway,503.95276628255806
15542,PESCA,BOYACA,cabecera,residential,8016.850067302643
15542,PESCA,BOYACA,cabecera,secondary,2017.5046311307206
15542,PESCA,BOYACA,cabecera,service,599.8317939020344
15542,PESCA,BOYACA,cabecera,steps,67.1521538186013
15542,PESCA,BOYACA,cabecera,tertiary,359.52664492257696
15542,PESCA,BOYACA,cabecera,unclassified,1079.1219261824172
15542,PESCA,BOYACA,rural,bridleway,16767.767847531857
15542,PESCA,BOYACA,rural,path,2347.897481655796
15542,PESCA,BOYACA,rural,residential,2960.7693216541397
15542,PESCA,BOYACA,rural,secondary,9160.384461729813
15542,PESCA,BOYACA,rural,service,5561.521234216151
15542,PESCA,BOYACA,rural,tertiary,44900.07220723526
15542,PESCA,BOYACA,rural,track,35945.672870679664
15542,PESCA,BOYACA,rural,unclassified,220355.68453324644
15572,PUERTO BOYACA,BOYACA,cabecera,pedestrian,228.00416639328932
15572,PUERTO BOYACA,BOYACA,cabecera,residential,62084.26080681421
15572,PUERTO BOYACA,BOYACA,cabecera,service,1785.5756571497793
15572,PUERTO BOYACA,BOYACA,cabecera,tertiary,5117.065690455565
15572,PUERTO BOYACA,BOYACA,cabecera,unclassified,32.545038946153994
15572,PUERTO BOYACA,BOYACA,centro_poblado,footway,547.5556415788994
15572,PUERTO BOYACA,BOYACA,centro_poblado,pedestrian,10.52870518056872
15572,PUERTO BOYACA,BOYACA,centro_poblado,primary,3183.1809218495227
15572,PUERTO BOYACA,BOYACA,centro_poblado,residential,13585.110404213898
15572,PUERTO BOYACA,BOYACA,centro_poblado,service,694.7530052431407
15572,PUERTO BOYACA,BOYACA,centro_poblado,tertiary,1592.1352485407758
15572,PUERTO BOYACA,BOYACA,centro_poblado,trunk,2206.9848082147428
15572,PUERTO BOYACA,BOYACA,centro_poblado,unclassified,5789.764213423286
15572,PUERTO BOYACA,BOYACA,rural,footway,243.4504632414379
15572,PUERTO BOYACA,BOYACA,rural,path,3356.1877607576653
15572,PUERTO BOYACA,BOYACA,rural,pedestrian,32.19474398169087
15572,PUERTO BOYACA,BOYACA,rural,primary,58355.80708784736
15572,PUERTO BOYACA,BOYACA,rural,residential,22957.16260558705
15572,PUERTO BOYACA,BOYACA,rural,service,126035.80251380362
15572,PUERTO BOYACA,BOYACA,rural,tertiary,5366.18427997716
15572,PUERTO BOYACA,BOYACA,rural,track,18162.999069939353
15572,PUERTO BOYACA,BOYACA,rural,trunk,129112.23532942099
15572,PUERTO BOYACA,BOYACA,rural,unclassified,519045.4195673649
15572,PUERTO BOYACA,BOYACA,rural,unknown,4958.615289543596
15599,RAMIRIQUI,BOYACA,cabecera,footway,169.23406193101786
15599,RAMIRIQUI,BOYACA,cabecera,path,268.0785534816613
15599,RAMIRIQUI,BOYACA,cabecera,pedestrian,261.7437935064029
15599,RAMIRIQUI,BOYACA,cabecera,residential,13286.116476478097
15599,RAMIRIQUI,BOYACA,cabecera,secondary,1696.6991829893211
15599,RAMIRIQUI,BOYACA,cabecera,service,1368.1825284020663
15599,RAMIRIQUI,BOYACA,cabecera,track,67.67004547529363
15599,RAMIRIQUI,BOYACA,cabecera,unclassified,1098.095524113536
15599,RAMIRIQUI,BOYACA,centro_poblado,path,30.946185686884874
15599,RAMIRIQUI,BOYACA,centro_poblado,residential,1929.5888361548239
15599,RAMIRIQUI,BOYACA,centro_poblado,service,103.4028360376011
15599,RAMIRIQUI,BOYACA,centro_poblado,tertiary,232.40649102986458
15599,RAMIRIQUI,BOYACA,centro_poblado,unclassified,348.6253351958583
15599,RAMIRIQUI,BOYACA,rural,bridleway,2315.406725249128
15599,RAMIRIQUI,BOYACA,rural,footway,2198.067464658161
15599,RAMIRIQUI,BOYACA,rural,path,20650.42019296854
15599,RAMIRIQUI,BOYACA,rural,residential,3664.7978746136023
15599,RAMIRIQUI,BOYACA,rural,secondary,7817.316540544214
15599,RAMIRIQUI,BOYACA,rural,service,29842.867638547756
15599,RAMIRIQUI,BOYACA,rural,tertiary,24253.299821593013
15599,RAMIRIQUI,BOYACA,rural,track,30339.879041803615
15599,RAMIRIQUI,BOYACA,rural,unclassified,132972.14533869372
15600,RAQUIRA,BOYACA,cabecera,path,65.1894338828372
15600,RAQUIRA,BOYACA,cabecera,residential,10120.839861550088
15600,RAQUIRA,BOYACA,cabecera,secondary,534.6397487593046
15600,RAQUIRA,BOYACA,cabecera,service,199.39936072145926
15600,RAQUIRA,BOYACA,cabecera,tertiary,1671.8411419134611
15600,RAQUIRA,BOYACA,cabecera,unclassified,197.98751664031755
15600,RAQUIRA,BOYACA,centro_poblado,path,484.4061738134237
15600,RAQUIRA,BOYACA,centro_poblado,residential,193.66976483755784
15600,RAQUIRA,BOYACA,centro_poblado,unclassified,682.799688062958
15600,RAQUIRA,BOYACA,rural,bridleway,62.43390724843029
15600,RAQUIRA,BOYACA,rural,path,1150.1345438451203
15600,RAQUIRA,BOYACA,rural,residential,6505.042272732523
15600,RAQUIRA,BOYACA,rural,secondary,1846.6501420854884
15600,RAQUIRA,BOYACA,rural,service,18479.835455473745
15600,RAQUIRA,BOYACA,rural,tertiary,36995.632381680654
15600,RAQUIRA,BOYACA,rural,track,14842.66816397028
15600,RAQUIRA,BOYACA,rural,unclassified,326591.00202730123
15632,SABOYA,BOYACA,cabecera,footway,138.29541528411022
15632,SABOYA,BOYACA,cabecera,residential,4981.688057049277
15632,SABOYA,BOYACA,cabecera,service,62.68354301026121
15632,SABOYA,BOYACA,cabecera,tertiary,1131.62945324492
15632,SABOYA,BOYACA,cabecera,trunk,157.00977719827458
15632,SABOYA,BOYACA,cabecera,unclassified,72.55370252217065
15632,SABOYA,BOYACA,centro_poblado,trunk,473.49750648082534
15632,SABOYA,BOYACA,centro_poblado,unclassified,192.26032421051744
15632,SABOYA,BOYACA,rural,footway,86.23719268915322
15632,SABOYA,BOYACA,rural,path,34.28275900876873
15632,SABOYA,BOYACA,rural,residential,15088.717085979823
15632,SABOYA,BOYACA,rural,service,22636.39666374319
15632,SABOYA,BOYACA,rural,tertiary,23125.59510076132
15632,SABOYA,BOYACA,rural,track,11411.02808708834
15632,SABOYA,BOYACA,rural,trunk,16427.83724973402
15632,SABOYA,BOYACA,rural,unclassified,409271.2542935673
15646,SAMACA,BOYACA,cabecera,footway,342.5932282685279
15646,SAMACA,BOYACA,cabecera,residential,18888.078467298357
15646,SAMACA,BOYACA,cabecera,secondary,1990.1758458269928
15646,SAMACA,BOYACA,cabecera,service,615.1654807955842
15646,SAMACA,BOYACA,cabecera,track,18.444995893544913
15646,SAMACA,BOYACA,cabecera,unclassified,1401.887751869687
15646,SAMACA,BOYACA,centro_poblado,path,4.355787572718869
15646,SAMACA,BOYACA,centro_poblado,residential,95.32086814966749
15646,SAMACA,BOYACA,centro_poblado,secondary,255.61576432984805
15646,SAMACA,BOYACA,centro_poblado,tertiary,300.73852501559367
15646,SAMACA,BOYACA,centro_poblado,unclassified,1559.426955096512
15646,SAMACA,BOYACA,rural,footway,41.68117523504124
15646,SAMACA,BOYACA,rural,path,98.51966963268376
15646,SAMACA,BOYACA,rural,primary,2331.267298033903
15646,SAMACA,BOYACA,rural,residential,19198.539089591603
15646,SAMACA,BOYACA,rural,secondary,15137.498615437444
15646,SAMACA,BOYACA,rural,service,32188.45103088452
15646,SAMACA,BOYACA,rural,tertiary,3711.185732769024
15646,SAMACA,BOYACA,rural,track,6309.737615303362
15646,SAMACA,BOYACA,rural,unclassified,266734.6728585645
15681,SAN PABLO DE BORBUR,BOYACA,cabecera,primary,937.6557185433539
15681,SAN PABLO DE BORBUR,BOYACA,cabecera,residential,1371.5606594476435
15681,SAN PABLO DE BORBUR,BOYACA,cabecera,unclassified,10.537562961314576
15681,SAN PABLO DE BORBUR,BOYACA,centro_poblado,primary,1072.3084405001473
15681,SAN PABLO DE BORBUR,BOYACA,centro_poblado,residential,3366.5459054430294
15681,SAN PABLO DE BORBUR,BOYACA,centro_poblado,service,38.82363144298807
15681,SAN PABLO DE BORBUR,BOYACA,centro_poblado,unclassified,210.98414574080044
15681,SAN PABLO DE BORBUR,BOYACA,rural,primary,27016.710646524683
15681,SAN PABLO DE BORBUR,BOYACA,rural,residential,3416.8822365959295
15681,SAN PABLO DE BORBUR,BOYACA,rural,service,531.2067071020268
15681,SAN PABLO DE BORBUR,BOYACA,rural,track,22510.954712738774
15681,SAN PABLO DE BORBUR,BOYACA,rural,unclassified,138639.05476338815
15686,SANTANA,BOYACA,cabecera,path,164.22195855266665
15686,SANTANA,BOYACA,cabecera,pedestrian,275.5817383922513
15686,SANTANA,BOYACA,cabecera,residential,6302.261724158042
15686,SANTANA,BOYACA,cabecera,service,476.2726825610198
15686,SANTANA,BOYACA,cabecera,steps,12.990483498726284
15686,SANTANA,BOYACA,cabecera,track,50.31971451167267
15686,SANTANA,BOYACA,cabecera,trunk,1323.8968639053862
15686,SANTANA,BOYACA,cabecera,unclassified,1867.152753339473
15686,SANTANA,BOYACA,centro_poblado,residential,213.13404568022642
15686,SANTANA,BOYACA,centro_poblado,service,164.47610824359668
15686,SANTANA,BOYACA,centro_poblado,track,53.83661443757958
15686,SANTANA,BOYACA,centro_poblado,trunk,341.68364491162265
15686,SANTANA,BOYACA,centro_poblado,unclassified,379.80128319811195
15686,SANTANA,BOYACA,rural,path,180.25048674832567
15686,SANTANA,BOYACA,rural,residential,7941.238045473794
15686,SANTANA,BOYACA,rural,service,8115.09304650832
15686,SANTANA,BOYACA,rural,track,26980.666378538477
15686,SANTANA,BOYACA,rural,trunk,8413.074540697116
15686,SANTANA,BOYACA,rural,unclassified,94246.1415325189
15693,SANTA ROSA DE VITERBO,BOYACA,cabecera,footway,357.6336407118663
15693,SANTA ROSA DE VITERBO,BOYACA,cabecera,residential,17578.117485900988
15693,SANTA ROSA DE VITERBO,BOYACA,cabecera,service,663.3015230622685
15693,SANTA ROSA DE VITERBO,BOYACA,cabecera,tertiary,960.6196878898578
15693,SANTA ROSA DE VITERBO,BOYACA,cabecera,track,270.7486207608745
15693,SANTA ROSA DE VITERBO,BOYACA,cabecera,trunk,3403.8728580419556
15693,SANTA ROSA DE VITERBO,BOYACA,cabecera,unclassified,3579.6264072346585
15693,SANTA ROSA DE VITERBO,BOYACA,centro_poblado,track,304.15155155490703
15693,SANTA ROSA DE VITERBO,BOYACA,centro_poblado,unclassified,818.6403839836391
15693,SANTA ROSA DE VITERBO,BOYACA,rural,bridleway,8394.412208007583
15693,SANTA ROSA DE VITERBO,BOYACA,rural,path,28174.391806008454
15693,SANTA ROSA DE VITERBO,BOYACA,rural,primary,915.9327898922397
15693,SANTA ROSA DE VITERBO,BOYACA,rural,residential,11103.478149422974
15693,SANTA ROSA DE VITERBO,BOYACA,rural,service,8698.602908969238
15693,SANTA ROSA DE VITERBO,BOYACA,rural,tertiary,3070.461131015316
15693,SANTA ROSA DE VITERBO,BOYACA,rural,track,63906.5068950171
15693,SANTA ROSA DE VITERBO,BOYACA,rural,trunk,10024.546577124307
15693,SANTA ROSA DE VITERBO,BOYACA,rural,unclassified,130776.21559558524
15740,SIACHOQUE,BOYACA,cabecera,footway,23.419870117270744
15740,SIACHOQUE,BOYACA,cabecera,residential,4656.396672871248
15740,SIACHOQUE,BOYACA,cabecera,secondary,1207.4311217076715
15740,SIACHOQUE,BOYACA,cabecera,service,362.82244766197744
15740,SIACHOQUE,BOYACA,cabecera,unclassified,359.8249487064965
15740,SIACHOQUE,BOYACA,rural,bridleway,9548.280046825095
15740,SIACHOQUE,BOYACA,rural,path,8661.437098674589
15740,SIACHOQUE,BOYACA,rural,residential,1563.665081556641
15740,SIACHOQUE,BOYACA,rural,secondary,11167.641046407876
15740,SIACHOQUE,BOYACA,rural,service,1352.1074962416997
15740,SIACHOQUE,BOYACA,rural,track,48619.05899961191
15740,SIACHOQUE,BOYACA,rural,unclassified,147642.63457131092
15755,SOCOTA,BOYACA,cabecera,residential,2298.726704832544
15755,SOCOTA,BOYACA,cabecera,tertiary,431.56800220168327
15755,SOCOTA,BOYACA,cabecera,track,279.0791368899124
15755,SOCOTA,BOYACA,cabecera,unclassified,316.70568043147176
15755,SOCOTA,BOYACA,centro_poblado,tertiary,619.5823426495705
15755,SOCOTA,BOYACA,rural,bridleway,108197.6201329634
15755,SOCOTA,BOYACA,rural,footway,329.8998712028352
15755,SOCOTA,BOYACA,rural,path,14230.914076892728
15755,SOCOTA,BOYACA,rural,residential,273.8801657403483
15755,SOCOTA,BOYACA,rural,service,1914.3598426668323
15755,SOCOTA,BOYACA,rural,tertiary,40461.99654859523
15755,SOCOTA,BOYACA,rural,track,9627.968011971097
15755,SOCOTA,BOYACA,rural,unclassified,134737.4356609543
15759,SOGAMOSO,BOYACA,cabecera,cycleway,1070.3055483789324
15759,SOGAMOSO,BOYACA,cabecera,footway,4547.030630429104
15759,SOGAMOSO,BOYACA,cabecera,path,1083.6441796998004
15759,SOGAMOSO,BOYACA,cabecera,pedestrian,2098.2042033530797
15759,SOGAMOSO,BOYACA,cabecera,primary,23230.51416901987
15759,SOGAMOSO,BOYACA,cabecera,residential,250015.17221980102
15759,SOGAMOSO,BOYACA,cabecera,secondary,8101.641320310051
15759,SOGAMOSO,BOYACA,cabecera,service,24471.289701696987
15759,SOGAMOSO,BOYACA,cabecera,steps,184.4501514138259
15759,SOGAMOSO,BOYACA,cabecera,tertiary,31675.63564382136
15759,SOGAMOSO,BOYACA,cabecera,track,3074.7323504010265
15759,SOGAMOSO,BOYACA,cabecera,unclassified,14515.869210115843
15759,SOGAMOSO,BOYACA,centro_poblado,bridleway,80.85995427592546
15759,SOGAMOSO,BOYACA,centro_poblado,path,460.8747228202386
15759,SOGAMOSO,BOYACA,centro_poblado,primary,214.4012431597085
15759,SOGAMOSO,BOYACA,centro_poblado,residential,6245.168601660974
15759,SOGAMOSO,BOYACA,centro_poblado,secondary,171.04407199368865
15759,SOGAMOSO,BOYACA,centro_poblado,service,307.6304695614232
15759,SOGAMOSO,BOYACA,centro_poblado,tertiary,2305.8412918806953
15759,SOGAMOSO,BOYACA,centro_poblado,track,115.30566639242025
15759,SOGAMOSO,BOYACA,centro_poblado,unclassified,1507.8477300460215
15759,SOGAMOSO,BOYACA,rural,bridleway,51099.53904574303
15759,SOGAMOSO,BOYACA,rural,footway,795.5199536212007
15759,SOGAMOSO,BOYACA,rural,path,121378.6260535514
15759,SOGAMOSO,BOYACA,rural,pedestrian,105.32854256660299
15759,SOGAMOSO,BOYACA,rural,primary,23917.373884926757
15759,SOGAMOSO,BOYACA,rural,residential,95201.88888577274
15759,SOGAMOSO,BOYACA,rural,secondary,5928.504834510561
15759,SOGAMOSO,BOYACA,rural,service,71716.85628543262
15759,SOGAMOSO,BOYACA,rural,tertiary,5894.838212371391
15759,SOGAMOSO,BOYACA,rural,track,145336.68360990012
15759,SOGAMOSO,BOYACA,rural,unclassified,275326.69681755395
15804,TIBANA,BOYACA,cabecera,pedestrian,57.85519013218576
15804,TIBANA,BOYACA,cabecera,residential,5537.14209108973
15804,TIBANA,BOYACA,cabecera,secondary,1972.1481879676685
15804,TIBANA,BOYACA,cabecera,tertiary,549.2608809205257
15804,TIBANA,BOYACA,cabecera,unclassified,1343.6551885336946
15804,TIBANA,BOYACA,rural,footway,698.5013091926373
15804,TIBANA,BOYACA,rural,path,3410.282930498685
15804,TIBANA,BOYACA,rural,residential,7550.853137948603
15804,TIBANA,BOYACA,rural,secondary,12777.151991368095
15804,TIBANA,BOYACA,rural,service,1627.808223740734
15804,TIBANA,BOYACA,rural,tertiary,8540.726635716468
15804,TIBANA,BOYACA,rural,track,13145.287277083627
15804,TIBANA,BOYACA,rural,unclassified,201833.2931102848
15806,TIBASOSA,BOYACA,cabecera,cycleway,7.421980323568287
15806,TIBASOSA,BOYACA,cabecera,path,37.94697556465554
15806,TIBASOSA,BOYACA,cabecera,pedestrian,61.07949993903786
15806,TIBASOSA,BOYACA,cabecera,primary,2108.3929035851543
15806,TIBASOSA,BOYACA,cabecera,residential,18276.06633261087
15806,TIBASOSA,BOYACA,cabecera,service,33.56656064732321
15806,TIBASOSA,BOYACA,cabecera,track,110.72802803797916
15806,TIBASOSA,BOYACA,cabecera,unclassified,1763.9879378535084
15806,TIBASOSA,BOYACA,centro_poblado,primary,634.104099455706
15806,TIBASOSA,BOYACA,centro_poblado,residential,8498.90184604803
15806,TIBASOSA,BOYACA,centro_poblado,secondary,381.40358930614974
15806,TIBASOSA,BOYACA,centro_poblado,service,200.79642045627395
15806,TIBASOSA,BOYACA,centro_poblado,track,220.03561801862915
15806,TIBASOSA,BOYACA,centro_poblado,unclassified,24.489201892055142
15806,TIBASOSA,BOYACA,rural,bridleway,289.5097135455267
15806,TIBASOSA,BOYACA,rural,cycleway,17788.568522657883
15806,TIBASOSA,BOYACA,rural,footway,8441.623035346867
15806,TIBASOSA,BOYACA,rural,path,8834.037882392859
15806,TIBASOSA,BOYACA,rural,primary,11816.332695296434
15806,TIBASOSA,BOYACA,rural,residential,33196.61698370148
15806,TIBASOSA,BOYACA,rural,secondary,987.6536471103307
15806,TIBASOSA,BOYACA,rural,service,46939.096413581945
15806,TIBASOSA,BOYACA,rural,steps,103.80930121908756
15806,TIBASOSA,BOYACA,rural,tertiary,6808.253047816768
15806,TIBASOSA,BOYACA,rural,track,82447.47279574977
15806,TIBASOSA,BOYACA,rural,trunk,4542.761780281731
15806,TIBASOSA,BOYACA,rural,unclassified,173089.27314515907
15814,TOCA,BOYACA,cabecera,footway,54.94176713995069
15814,TOCA,BOYACA,cabecera,path,256.10401968884617
15814,TOCA,BOYACA,cabecera,pedestrian,84.391503144886
15814,TOCA,BOYACA,cabecera,residential,10112.475061835388
15814,TOCA,BOYACA,cabecera,secondary,1556.692013078945
15814,TOCA,BOYACA,cabecera,service,708.9842853009004
15814,TOCA,BOYACA,cabecera,tertiary,419.38023372406457
15814,TOCA,BOYACA,cabecera,track,9.1077369587232
15814,TOCA,BOYACA,cabecera,unclassified,582.0262888082116
15814,TOCA,BOYACA,rural,footway,875.7548705833412
15814,TOCA,BOYACA,rural,path,2487.3758809008636
15814,TOCA,BOYACA,rural,residential,383.40141551321506
15814,TOCA,BOYACA,rural,secondary,16797.468274335817
15814,TOCA,BOYACA,rural,service,3214.6612231832373
15814,TOCA,BOYACA,rural,tertiary,11759.07405232731
15814,TOCA,BOYACA,rural,track,100624.68266931518
15814,TOCA,BOYACA,rural,unclassified,141046.24731504518
15837,TUTA,BOYACA,cabecera,residential,6096.333980874881
15837,TUTA,BOYACA,cabecera,service,333.13575515098347
15837,TUTA,BOYACA,cabecera,tertiary,2620.2669575507184
15837,TUTA,BOYACA,cabecera,unclassified,4617.63090505348
15837,TUTA,BOYACA,rural,footway,1755.4292239811618
15837,TUTA,BOYACA,rural,path,3457.2028379310987
15837,TUTA,BOYACA,rural,residential,18667.648548523586
15837,TUTA,BOYACA,rural,secondary,11207.51169033573
15837,TUTA,BOYACA,rural,service,27991.563609880865
15837,TUTA,BOYACA,rural,tertiary,12252.168393173391
15837,TUTA,BOYACA,rural,track,17748.51430379049
15837,TUTA,BOYACA,rural,trunk,13185.118517674928
15837,TUTA,BOYACA,rural,unclassified,317392.7078370549
15842,UMBITA,BOYACA,cabecera,pedestrian,56.97966872639108
15842,UMBITA,BOYACA,cabecera,residential,4039.0946945383184
15842,UMBITA,BOYACA,cabecera,service,42.931213881698284
15842,UMBITA,BOYACA,cabecera,steps,31.983862634533907
15842,UMBITA,BOYACA,cabecera,tertiary,1075.4663303017294
15842,UMBITA,BOYACA,cabecera,unclassified,595.7225837922947
15842,UMBITA,BOYACA,rural,bridleway,270.59791294372104
15842,UMBITA,BOYACA,rural,footway,563.4917229939914
15842,UMBITA,BOYACA,rural,path,2059.6528590380813
15842,UMBITA,BOYACA,rural,residential,4649.631453999995
15842,UMBITA,BOYACA,rural,service,6780.08879630827
15842,UMBITA,BOYACA,rural,tertiary,38250.07157775317
15842,UMBITA,BOYACA,rural,track,17395.747256228566
15842,UMBITA,BOYACA,rural,unclassified,211998.59320180153
15861,VENTAQUEMADA,BOYACA,cabecera,footway,79.07690851166176
15861,VENTAQUEMADA,BOYACA,cabecera,residential,6390.0635509160165
15861,VENTAQUEMADA,BOYACA,cabecera,secondary,1381.1176973227903
15861,VENTAQUEMADA,BOYACA,cabecera,service,401.1301753391454
15861,VENTAQUEMADA,BOYACA,cabecera,trunk,860.2939855239146
15861,VENTAQUEMADA,BOYACA,cabecera,unclassified,51.01499287817925
15861,VENTAQUEMADA,BOYACA,centro_poblado,footway,166.54841129945166
15861,VENTAQUEMADA,BOYACA,centro_poblado,path,6.954268759826396
15861,VENTAQUEMADA,BOYACA,centro_poblado,residential,2791.1127050421537
15861,VENTAQUEMADA,BOYACA,centro_poblado,secondary,53.31076818050448
15861,VENTAQUEMADA,BOYACA,centro_poblado,service,785.9622069353649
15861,VENTAQUEMADA,BOYACA,centro_poblado,trunk,6479.139073265887
15861,VENTAQUEMADA,BOYACA,centro_poblado,unclassified,2699.0175297578776
15861,VENTAQUEMADA,BOYACA,rural,bridleway,610.1463463096005
15861,VENTAQUEMADA,BOYACA,rural,footway,1142.8678804536517
15861,VENTAQUEMADA,BOYACA,rural,path,1516.0814995943822
15861,VENTAQUEMADA,BOYACA,rural,residential,31242.07532413524
15861,VENTAQUEMADA,BOYACA,rural,secondary,10599.648462160314
15861,VENTAQUEMADA,BOYACA,rural,service,24549.925209883742
15861,VENTAQUEMADA,BOYACA,rural,steps,17.32770006997794
15861,VENTAQUEMADA,BOYACA,rural,tertiary,3003.872629473998
15861,VENTAQUEMADA,BOYACA,rural,track,26509.512039093297
15861,VENTAQUEMADA,BOYACA,rural,trunk,44678.28695031374
15861,VENTAQUEMADA,BOYACA,rural,unclassified,284401.88774849876
17013,AGUADAS,CALDAS,cabecera,footway,567.9299401768186
17013,AGUADAS,CALDAS,cabecera,path,251.36724887081039
17013,AGUADAS,CALDAS,cabecera,pedestrian,68.88400768787366
17013,AGUADAS,CALDAS,cabecera,residential,19774.678318014954
17013,AGUADAS,CALDAS,cabecera,secondary,3727.2584194628676
17013,AGUADAS,CALDAS,cabecera,steps,5.595027082006531
17013,AGUADAS,CALDAS,cabecera,track,943.6683550422612
17013,AGUADAS,CALDAS,cabecera,unclassified,400.19933563081315
17013,AGUADAS,CALDAS,centro_poblado,pedestrian,137.1539285379317
17013,AGUADAS,CALDAS,centro_poblado,residential,3381.40348584994
17013,AGUADAS,CALDAS,centro_poblado,secondary,879.0000997061593
17013,AGUADAS,CALDAS,centro_poblado,service,78.71446476421238
17013,AGUADAS,CALDAS,centro_poblado,tertiary,1596.7711240806252
17013,AGUADAS,CALDAS,centro_poblado,track,92.52138850448769
17013,AGUADAS,CALDAS,centro_poblado,unclassified,1108.6910232409687
17013,AGUADAS,CALDAS,rural,bridleway,11610.943985984803
17013,AGUADAS,CALDAS,rural,path,30697.17601446157
17013,AGUADAS,CALDAS,rural,residential,2945.546091092296
17013,AGUADAS,CALDAS,rural,secondary,72283.93814226169
17013,AGUADAS,CALDAS,rural,service,9480.713803880226
17013,AGUADAS,CALDAS,rural,tertiary,7830.574665028755
17013,AGUADAS,CALDAS,rural,track,95494.64592404742
17013,AGUADAS,CALDAS,rural,unclassified,291008.7536593795
17050,ARANZAZU,CALDAS,cabecera,path,46.605695916373705
17050,ARANZAZU,CALDAS,cabecera,pedestrian,90.35286258740733
17050,ARANZAZU,CALDAS,cabecera,residential,10010.193296145218
17050,ARANZAZU,CALDAS,cabecera,secondary,1284.6518966446954
17050,ARANZAZU,CALDAS,cabecera,steps,877.9820656213668
17050,ARANZAZU,CALDAS,cabecera,unclassified,487.11094909480573
17050,ARANZAZU,CALDAS,centro_poblado,residential,50.080253204424324
17050,ARANZAZU,CALDAS,centro_poblado,secondary,416.3790350662092
17050,ARANZAZU,CALDAS,centro_poblado,unclassified,1889.4313733518009
17050,ARANZAZU,CALDAS,rural,bridleway,32.6870158901343
17050,ARANZAZU,CALDAS,rural,path,2757.108976256797
17050,ARANZAZU,CALDAS,rural,residential,857.6983106811294
17050,ARANZAZU,CALDAS,rural,secondary,26969.56204787686
17050,ARANZAZU,CALDAS,rural,tertiary,2636.125702249806
17050,ARANZAZU,CALDAS,rural,track,5939.247198454972
17050,ARANZAZU,CALDAS,rural,unclassified,134932.42049792147
17088,BELALCAZAR,CALDAS,cabecera,footway,981.297254945841
17088,BELALCAZAR,CALDAS,cabecera,residential,6947.469258315463
17088,BELALCAZAR,CALDAS,cabecera,secondary,2811.5064695487067
17088,BELALCAZAR,CALDAS,cabecera,service,93.37752271983697
17088,BELALCAZAR,CALDAS,cabecera,steps,38.66934584090575
17088,BELALCAZAR,CALDAS,cabecera,tertiary,826.0584136738433
17088,BELALCAZAR,CALDAS,cabecera,track,262.3894588199341
17088,BELALCAZAR,CALDAS,cabecera,unclassified,765.9507293123258
17088,BELALCAZAR,CALDAS,centro_poblado,residential,1234.5963737143163
17088,BELALCAZAR,CALDAS,centro_poblado,secondary,901.3911800753657
17088,BELALCAZAR,CALDAS,centro_poblado,service,6.9522085055984535
17088,BELALCAZAR,CALDAS,centro_poblado,tertiary,143.60248974839214
17088,BELALCAZAR,CALDAS,centro_poblado,unclassified,225.70176505188732
17088,BELALCAZAR,CALDAS,rural,bridleway,552.3546601889259
17088,BELALCAZAR,CALDAS,rural,footway,72.75215306014891
17088,BELALCAZAR,CALDAS,rural,path,2299.8805809955143
17088,BELALCAZAR,CALDAS,rural,residential,11007.31184482446
17088,BELALCAZAR,CALDAS,rural,secondary,22812.511613911687
17088,BELALCAZAR,CALDAS,rural,service,5274.786145886269
17088,BELALCAZAR,CALDAS,rural,tertiary,7771.119220916423
17088,BELALCAZAR,CALDAS,rural,track,22209.960336172935
17088,BELALCAZAR,CALDAS,rural,trunk,8399.230836600753
17088,BELALCAZAR,CALDAS,rural,unclassified,169957.08788756566
17174,CHINCHINA,CALDAS,cabecera,cycleway,33.875292471479526
17174,CHINCHINA,CALDAS,cabecera,footway,2118.1060471073893
17174,CHINCHINA,CALDAS,cabecera,pedestrian,301.8241502512094
17174,CHINCHINA,CALDAS,cabecera,primary,6576.813210581562
17174,CHINCHINA,CALDAS,cabecera,residential,60126.69434673978
17174,CHINCHINA,CALDAS,cabecera,secondary,3119.775972684188
17174,CHINCHINA,CALDAS,cabecera,service,6252.337568942547
17174,CHINCHINA,CALDAS,cabecera,steps,388.04871674257305
17174,CHINCHINA,CALDAS,cabecera,tertiary,1544.0343687888346
17174,CHINCHINA,CALDAS,cabecera,track,453.4256347018005
17174,CHINCHINA,CALDAS,cabecera,trunk,2017.5734127612632
17174,CHINCHINA,CALDAS,cabecera,unclassified,4502.008909339454
17174,CHINCHINA,CALDAS,centro_poblado,residential,3381.2243553191074
17174,CHINCHINA,CALDAS,centro_poblado,secondary,860.1017160347074
17174,CHINCHINA,CALDAS,centro_poblado,service,305.5753937934234
17174,CHINCHINA,CALDAS,centro_poblado,tertiary,1684.187601431605
17174,CHINCHINA,CALDAS,centro_poblado,unclassified,1884.4099796233845
17174,CHINCHINA,CALDAS,rural,bridleway,308.7247553589915
17174,CHINCHINA,CALDAS,rural,cycleway,88.51264899307589
17174,CHINCHINA,CALDAS,rural,footway,34.26104141867195
17174,CHINCHINA,CALDAS,rural,path,321.747244748165
17174,CHINCHINA,CALDAS,rural,primary,4114.825229702653
17174,CHINCHINA,CALDAS,rural,residential,6336.049478485908
17174,CHINCHINA,CALDAS,rural,secondary,15915.531648326849
17174,CHINCHINA,CALDAS,rural,service,23806.906415507106
17174,CHINCHINA,CALDAS,rural,steps,21.224888013049995
17174,CHINCHINA,CALDAS,rural,tertiary,41561.63010924586
17174,CHINCHINA,CALDAS,rural,track,15949.401830164034
17174,CHINCHINA,CALDAS,rural,trunk,6848.966060848324
17174,CHINCHINA,CALDAS,rural,unclassified,171734.588629213
17272,FILADELFIA,CALDAS,cabecera,footway,102.80669297130788
17272,FILADELFIA,CALDAS,cabecera,path,612.080155189421
17272,FILADELFIA,CALDAS,cabecera,pedestrian,142.03244826237065
17272,FILADELFIA,CALDAS,cabecera,residential,6753.7967452199655
17272,FILADELFIA,CALDAS,cabecera,secondary,1968.4738232376048
17272,FILADELFIA,CALDAS,cabecera,steps,142.5853477649972
17272,FILADELFIA,CALDAS,cabecera,track,5.823265654922087
17272,FILADELFIA,CALDAS,cabecera,unclassified,117.33557815712261
17272,FILADELFIA,CALDAS,centro_poblado,path,37.33756134139669
17272,FILADELFIA,CALDAS,centro_poblado,residential,1363.4367106510108
17272,FILADELFIA,CALDAS,centro_poblado,secondary,813.4659666123957
17272,FILADELFIA,CALDAS,centro_poblado,tertiary,514.7126060374515
17272,FILADELFIA,CALDAS,centro_poblado,track,15.71522876158914
17272,FILADELFIA,CALDAS,centro_poblado,unclassified,1319.2123862043388
17272,FILADELFIA,CALDAS,rural,path,16663.53769159836
17272,FILADELFIA,CALDAS,rural,pedestrian,52.24603836640544
17272,FILADELFIA,CALDAS,rural,residential,4635.35742937626
17272,FILADELFIA,CALDAS,rural,secondary,23070.542187997733
17272,FILADELFIA,CALDAS,rural,service,1496.1071276315577
17272,FILADELFIA,CALDAS,rural,tertiary,33227.67977322861
17272,FILADELFIA,CALDAS,rural,track,21171.818019468858
17272,FILADELFIA,CALDAS,rural,trunk,756.4461448114648
17272,FILADELFIA,CALDAS,rural,unclassified,117864.91121670621
17380,LA DORADA,CALDAS,cabecera,footway,1119.7037990209542
17380,LA DORADA,CALDAS,cabecera,path,350.1901100274905
17380,LA DORADA,CALDAS,cabecera,pedestrian,260.4569173760595
17380,LA DORADA,CALDAS,cabecera,primary,6681.746014281954
17380,LA DORADA,CALDAS,cabecera,residential,105046.78237623515
17380,LA DORADA,CALDAS,cabecera,secondary,9631.508642928566
17380,LA DORADA,CALDAS,cabecera,service,3664.3013132056244
17380,LA DORADA,CALDAS,cabecera,tertiary,5598.111181052143
17380,LA DORADA,CALDAS,cabecera,track,416.49189240275507
17380,LA DORADA,CALDAS,cabecera,unclassified,1122.258030842961
17380,LA DORADA,CALDAS,cabecera,unknown,49.57440054922813
17380,LA DORADA,CALDAS,centro_poblado,path,65.2675711755943
17380,LA DORADA,CALDAS,centro_poblado,primary,751.7184479830968
17380,LA DORADA,CALDAS,centro_poblado,residential,10877.915328104022
17380,LA DORADA,CALDAS,centro_poblado,secondary,290.58373766966065
17380,LA DORADA,CALDAS,centro_poblado,service,779.5323410941263
17380,LA DORADA,CALDAS,centro_poblado,tertiary,2948.711892153827
17380,LA DORADA,CALDAS,centro_poblado,track,46.24864791062748
17380,LA DORADA,CALDAS,centro_poblado,trunk,2236.934713875158
17380,LA DORADA,CALDAS,centro_poblado,unclassified,2939.045908827925
17380,LA DORADA,CALDAS,rural,bridleway,1549.7413458078447
17380,LA DORADA,CALDAS,rural,footway,1022.0227189458533
17380,LA DORADA,CALDAS,rural,path,582.0236819264306
17380,LA DORADA,CALDAS,rural,primary,2201.357002321646
17380,LA DORADA,CALDAS,rural,residential,21336.38565711165
17380,LA DORADA,CALDAS,rural,secondary,14959.31212875204
17380,LA DORADA,CALDAS,rural,service,23344.485980386296
17380,LA DORADA,CALDAS,rural,tertiary,45786.11817948851
17380,LA DORADA,CALDAS,rural,track,61626.4253526701
17380,LA DORADA,CALDAS,rural,trunk,17034.7392929446
17380,LA DORADA,CALDAS,rural,unclassified,187838.0432562578
17433,MANZANARES,CALDAS,cabecera,pedestrian,68.32076152558584
17433,MANZANARES,CALDAS,cabecera,residential,12351.69421454216
17433,MANZANARES,CALDAS,cabecera,secondary,3815.6326922260796
17433,MANZANARES,CALDAS,cabecera,service,117.3616728077633
17433,MANZANARES,CALDAS,cabecera,unclassified,1008.9287595254092
17433,MANZANARES,CALDAS,centro_poblado,residential,1167.4954951679888
17433,MANZANARES,CALDAS,centro_poblado,secondary,434.1847922462414
17433,MANZANARES,CALDAS,centro_poblado,unclassified,2421.750853668478
17433,MANZANARES,CALDAS,rural,path,854.0848805026856
17433,MANZANARES,CALDAS,rural,residential,2568.911101634953
17433,MANZANARES,CALDAS,rural,secondary,60627.36631897476
17433,MANZANARES,CALDAS,rural,service,1491.6744902161809
17433,MANZANARES,CALDAS,rural,track,16726.707113246954
17433,MANZANARES,CALDAS,rural,unclassified,103373.765925813
17442,MARMATO,CALDAS,cabecera,residential,1828.8930271454992
17442,MARMATO,CALDAS,cabecera,service,57.69429101671574
17442,MARMATO,CALDAS,cabecera,tertiary,608.8271597384603
17442,MARMATO,CALDAS,cabecera,unclassified,54.214428143621845
17442,MARMATO,CALDAS,centro_poblado,footway,35.19232916671311
17442,MARMATO,CALDAS,centro_poblado,residential,6544.022005598803
17442,MARMATO,CALDAS,centro_poblado,service,726.5457642183563
17442,MARMATO,CALDAS,centro_poblado,steps,224.36188779828942
17442,MARMATO,CALDAS,centro_poblado,tertiary,2812.149214400024
17442,MARMATO,CALDAS,centro_poblado,track,33.96168111954437
17442,MARMATO,CALDAS,centro_poblado,unclassified,2040.6640702871955
17442,MARMATO,CALDAS,rural,residential,5651.6970051835815
17442,MARMATO,CALDAS,rural,service,550.6908723320171
17442,MARMATO,CALDAS,rural,tertiary,15831.638097142582
17442,MARMATO,CALDAS,rural,track,725.7429375358702
17442,MARMATO,CALDAS,rural,trunk,8584.69055990209
17442,MARMATO,CALDAS,rural,unclassified,24587.374462050273
17442,MARMATO,CALDAS,rural,unknown,244.6969346256247
17444,MARQUETALIA,CALDAS,cabecera,pedestrian,334.57683955289576
17444,MARQUETALIA,CALDAS,cabecera,residential,5866.368729637867
17444,MARQUETALIA,CALDAS,cabecera,secondary,2209.235604000342
17444,MARQUETALIA,CALDAS,cabecera,unclassified,1433.4617456887167
17444,MARQUETALIA,CALDAS,centro_poblado,residential,82.90219666541059
17444,MARQUETALIA,CALDAS,centro_poblado,secondary,252.63582700791477
17444,MARQUETALIA,CALDAS,centro_poblado,unclassified,127.82505133918805
17444,MARQUETALIA,CALDAS,rural,path,1210.6223088149566
17444,MARQUETALIA,CALDAS,rural,pedestrian,5.326479034267769
17444,MARQUETALIA,CALDAS,rural,residential,43.50845375903078
17444,MARQUETALIA,CALDAS,rural,secondary,19917.97090845431
17444,MARQUETALIA,CALDAS,rural,track,521.4630103334518
17444,MARQUETALIA,CALDAS,rural,unclassified,145827.83439649985
17486,NEIRA,CALDAS,cabecera,footway,205.85015373384036
17486,NEIRA,CALDAS,cabecera,path,681.8737847715355
17486,NEIRA,CALDAS,cabecera,pedestrian,1174.0635185628287
17486,NEIRA,CALDAS,cabecera,residential,14832.768951355154
17486,NEIRA,CALDAS,cabecera,secondary,2075.2759963983503
17486,NEIRA,CALDAS,cabecera,service,377.8982411815419
17486,NEIRA,CALDAS,cabecera,steps,395.9037213379824
17486,NEIRA,CALDAS,cabecera,unclassified,1995.406215924799
17486,NEIRA,CALDAS,centro_poblado,footway,36.50389794995539
17486,NEIRA,CALDAS,centro_poblado,residential,3333.69547594531
17486,NEIRA,CALDAS,centro_poblado,secondary,434.98312463019886
17486,NEIRA,CALDAS,centro_poblado,service,132.51132181892655
17486,NEIRA,CALDAS,centro_poblado,tertiary,1040.1752658409769
17486,NEIRA,CALDAS,centro_poblado,trunk,564.9531343121618
17486,NEIRA,CALDAS,centro_poblado,unclassified,3225.652672030046
17486,NEIRA,CALDAS,rural,footway,90.71699294781781
17486,NEIRA,CALDAS,rural,path,12613.287732836048
17486,NEIRA,CALDAS,rural,pedestrian,67.85792046713131
17486,NEIRA,CALDAS,rural,residential,19752.15109162209
17486,NEIRA,CALDAS,rural,secondary,29168.651507942475
17486,NEIRA,CALDAS,rural,service,26234.1974368668
17486,NEIRA,CALDAS,rural,tertiary,51171.97717390643
17486,NEIRA,CALDAS,rural,track,35640.754240568065
17486,NEIRA,CALDAS,rural,trunk,13818.586355797559
17486,NEIRA,CALDAS,rural,unclassified,278563.57895855524
17513,PACORA,CALDAS,cabecera,footway,1195.9613082375618
17513,PACORA,CALDAS,cabecera,pedestrian,600.8923666841038
17513,PACORA,CALDAS,cabecera,residential,13069.738226778749
17513,PACORA,CALDAS,cabecera,secondary,2879.2046275939265
17513,PACORA,CALDAS,cabecera,steps,182.03323244485136
17513,PACORA,CALDAS,cabecera,tertiary,925.9559229011242
17513,PACORA,CALDAS,cabecera,unclassified,719.9882680309398
17513,PACORA,CALDAS,centro_poblado,residential,2620.735991988468
17513,PACORA,CALDAS,centro_poblado,secondary,244.75263945289126
17513,PACORA,CALDAS,centro_poblado,tertiary,1777.1948941457845
17513,PACORA,CALDAS,centro_poblado,track,81.47900664714507
17513,PACORA,CALDAS,centro_poblado,unclassified,4075.337109702642
17513,PACORA,CALDAS,rural,bridleway,878.0171346067148
17513,PACORA,CALDAS,rural,footway,2643.491709300605
17513,PACORA,CALDAS,rural,path,2731.229946767203
17513,PACORA,CALDAS,rural,pedestrian,45.081879044644396
17513,PACORA,CALDAS,rural,residential,2357.2598166118073
17513,PACORA,CALDAS,rural,secondary,20179.76680063914
17513,PACORA,CALDAS,rural,service,3254.164945648735
17513,PACORA,CALDAS,rural,tertiary,28532.722739936933
17513,PACORA,CALDAS,rural,track,27300.194422523757
17513,PACORA,CALDAS,rural,unclassified,203693.50215361203
17524,PALESTINA,CALDAS,cabecera,footway,550.7257966248806
17524,PALESTINA,CALDAS,cabecera,pedestrian,51.630371635675296
17524,PALESTINA,CALDAS,cabecera,residential,10157.925163815858
17524,PALESTINA,CALDAS,cabecera,secondary,2911.0136590939906
17524,PALESTINA,CALDAS,cabecera,service,3851.450952961712
17524,PALESTINA,CALDAS,cabecera,steps,236.90971588280365
17524,PALESTINA,CALDAS,cabecera,tertiary,950.9743404129813
17524,PALESTINA,CALDAS,cabecera,track,4213.572731351106
17524,PALESTINA,CALDAS,cabecera,unclassified,2567.383484395918
17524,PALESTINA,CALDAS,cabecera,unknown,1838.5241646706827
17524,PALESTINA,CALDAS,centro_poblado,footway,2204.137195340785
17524,PALESTINA,CALDAS,centro_poblado,residential,3339.3614039302865
17524,PALESTINA,CALDAS,centro_poblado,secondary,2170.917240826724
17524,PALESTINA,CALDAS,centro_poblado,service,588.0836892359008
17524,PALESTINA,CALDAS,centro_poblado,steps,341.9387582629136
17524,PALESTINA,CALDAS,centro_poblado,tertiary,305.5055623321419
17524,PALESTINA,CALDAS,centro_poblado,unclassified,977.1708436033416
17524,PALESTINA,CALDAS,rural,footway,1462.4522599195782
17524,PALESTINA,CALDAS,rural,path,1056.778646759577
17524,PALESTINA,CALDAS,rural,residential,47149.44964009383
17524,PALESTINA,CALDAS,rural,secondary,29473.07532599764
17524,PALESTINA,CALDAS,rural,service,37752.682940280385
17524,PALESTINA,CALDAS,rural,tertiary,25358.05942198512
17524,PALESTINA,CALDAS,rural,track,20456.23887802666
17524,PALESTINA,CALDAS,rural,unclassified,197538.4662065356
17524,PALESTINA,CALDAS,rural,unknown,5578.821577575586
17541,PENSILVANIA,CALDAS,cabecera,footway,870.8509895541256
17541,PENSILVANIA,CALDAS,cabecera,pedestrian,159.08484064804333
17541,PENSILVANIA,CALDAS,cabecera,residential,9122.22653376354
17541,PENSILVANIA,CALDAS,cabecera,secondary,1868.6699192982148
17541,PENSILVANIA,CALDAS,cabecera,service,146.7062113238531
17541,PENSILVANIA,CALDAS,cabecera,steps,162.45557914540137
17541,PENSILVANIA,CALDAS,cabecera,tertiary,1085.3988476185466
17541,PENSILVANIA,CALDAS,cabecera,track,105.52563874828584
17541,PENSILVANIA,CALDAS,cabecera,unclassified,1528.9783026309613
17541,PENSILVANIA,CALDAS,centro_poblado,residential,5546.860259718
17541,PENSILVANIA,CALDAS,centro_poblado,secondary,91.50693303023978
17541,PENSILVANIA,CALDAS,centro_poblado,tertiary,1699.201111106071
17541,PENSILVANIA,CALDAS,centro_poblado,track,75.54114303492696
17541,PENSILVANIA,CALDAS,centro_poblado,unclassified,433.89667264039804
17541,PENSILVANIA,CALDAS,rural,footway,177.14761901148992
17541,PENSILVANIA,CALDAS,rural,path,1188.3787789964922
17541,PENSILVANIA,CALDAS,rural,residential,2739.110731860472
17541,PENSILVANIA,CALDAS,rural,secondary,20621.54231226182
17541,PENSILVANIA,CALDAS,rural,service,626.2368323012222
17541,PENSILVANIA,CALDAS,rural,tertiary,89148.320377544
17541,PENSILVANIA,CALDAS,rural,track,17518.11539171103
17541,PENSILVANIA,CALDAS,rural,unclassified,153020.9408880389
17614,RIOSUCIO,CALDAS,cabecera,footway,269.3886121845468
17614,RIOSUCIO,CALDAS,cabecera,pedestrian,906.4525197390371
17614,RIOSUCIO,CALDAS,cabecera,primary,2798.0735037143195
17614,RIOSUCIO,CALDAS,cabecera,residential,32643.134558425598
17614,RIOSUCIO,CALDAS,cabecera,secondary,242.5972835810399
17614,RIOSUCIO,CALDAS,cabecera,service,658.6004916016954
17614,RIOSUCIO,CALDAS,cabecera,steps,36.96705276538927
17614,RIOSUCIO,CALDAS,cabecera,tertiary,4826.400671193127
17614,RIOSUCIO,CALDAS,cabecera,track,50.85612441296012
17614,RIOSUCIO,CALDAS,cabecera,unclassified,215.45065292131528
17614,RIOSUCIO,CALDAS,centro_poblado,bridleway,359.80670760098775
17614,RIOSUCIO,CALDAS,centro_poblado,footway,55.40308333986141
17614,RIOSUCIO,CALDAS,centro_poblado,pedestrian,1035.0538390792258
17614,RIOSUCIO,CALDAS,centro_poblado,primary,2135.643552010236
17614,RIOSUCIO,CALDAS,centro_poblado,residential,12496.360304785294
17614,RIOSUCIO,CALDAS,centro_poblado,secondary,739.2774923964691
17614,RIOSUCIO,CALDAS,centro_poblado,service,297.9018258341585
17614,RIOSUCIO,CALDAS,centro_poblado,tertiary,2359.864778745065
17614,RIOSUCIO,CALDAS,centro_poblado,unclassified,3680.595272382012
17614,RIOSUCIO,CALDAS,rural,bridleway,2631.234624053225
17614,RIOSUCIO,CALDAS,rural,path,8259.092999952227
17614,RIOSUCIO,CALDAS,rural,pedestrian,430.27925610949814
17614,RIOSUCIO,CALDAS,rural,primary,8036.271478381588
17614,RIOSUCIO,CALDAS,rural,residential,7866.83501190918
17614,RIOSUCIO,CALDAS,rural,secondary,28338.161425508897
17614,RIOSUCIO,CALDAS,rural,service,3213.6372939737435
17614,RIOSUCIO,CALDAS,rural,tertiary,36882.969195299156
17614,RIOSUCIO,CALDAS,rural,track,25179.97687325504
17614,RIOSUCIO,CALDAS,rural,trunk,10317.999615747478
17614,RIOSUCIO,CALDAS,rural,unclassified,148150.16798992816
17616,RISARALDA,CALDAS,cabecera,footway,205.7526701160772
17616,RISARALDA,CALDAS,cabecera,path,36.85799351547457
17616,RISARALDA,CALDAS,cabecera,pedestrian,41.16303965721544
17616,RISARALDA,CALDAS,cabecera,residential,5951.341046771419
17616,RISARALDA,CALDAS,cabecera,secondary,1872.3007411222998
17616,RISARALDA,CALDAS,cabecera,service,106.05917639410573
17616,RISARALDA,CALDAS,cabecera,steps,449.72100254079743
17616,RISARALDA,CALDAS,cabecera,unclassified,630.9097478218087
17616,RISARALDA,CALDAS,centro_poblado,secondary,650.7804823261101
17616,RISARALDA,CALDAS,centro_poblado,service,5.048264041175033
17616,RISARALDA,CALDAS,centro_poblado,trunk,157.70758346033392
17616,RISARALDA,CALDAS,centro_poblado,unclassified,970.045978108702
17616,RISARALDA,CALDAS,rural,footway,15.527715264541287
17616,RISARALDA,CALDAS,rural,path,40.570218447595586
17616,RISARALDA,CALDAS,rural,residential,12891.962489925698
17616,RISARALDA,CALDAS,rural,secondary,25528.99745302837
17616,RISARALDA,CALDAS,rural,service,15388.453945097297
17616,RISARALDA,CALDAS,rural,steps,19.2860253275651
17616,RISARALDA,CALDAS,rural,track,9855.303488880276
17616,RISARALDA,CALDAS,rural,trunk,6998.074059053555
17616,RISARALDA,CALDAS,rural,unclassified,208332.36586066504
17653,SALAMINA,CALDAS,cabecera,footway,283.8570143123352
17653,SALAMINA,CALDAS,cabecera,path,15.158044771679936
17653,SALAMINA,CALDAS,cabecera,pedestrian,187.90194358418967
17653,SALAMINA,CALDAS,cabecera,residential,17432.73309289877
17653,SALAMINA,CALDAS,cabecera,secondary,6641.314278946603
17653,SALAMINA,CALDAS,cabecera,tertiary,754.144006326669
17653,SALAMINA,CALDAS,cabecera,track,75.02641124651092
17653,SALAMINA,CALDAS,cabecera,unclassified,1004.9432275307333
17653,SALAMINA,CALDAS,centro_poblado,path,135.496252106481
17653,SALAMINA,CALDAS,centro_poblado,pedestrian,629.5420123200477
17653,SALAMINA,CALDAS,centro_poblado,residential,3960.913121162523
17653,SALAMINA,CALDAS,centro_poblado,secondary,2854.928877457705
17653,SALAMINA,CALDAS,centro_poblado,service,174.9225045147218
17653,SALAMINA,CALDAS,centro_poblado,unclassified,1008.7465228118319
17653,SALAMINA,CALDAS,rural,bridleway,8407.132795271304
17653,SALAMINA,CALDAS,rural,path,1618.017591646465
17653,SALAMINA,CALDAS,rural,residential,657.8829377785075
17653,SALAMINA,CALDAS,rural,secondary,71181.60478770232
17653,SALAMINA,CALDAS,rural,service,22270.718762273093
17653,SALAMINA,CALDAS,rural,tertiary,15089.254427481235
17653,SALAMINA,CALDAS,rural,track,23838.12306254468
17653,SALAMINA,CALDAS,rural,unclassified,162875.870437954
17665,SAN JOSE,CALDAS,cabecera,pedestrian,175.14576305408667
17665,SAN JOSE,CALDAS,cabecera,residential,2537.3071048045026
17665,SAN JOSE,CALDAS,cabecera,secondary,1559.1346043113952
17665,SAN JOSE,CALDAS,cabecera,service,112.27258475874254
17665,SAN JOSE,CALDAS,cabecera,unclassified,914.5027884058293
17665,SAN JOSE,CALDAS,centro_poblado,residential,2761.9779294681684
17665,SAN JOSE,CALDAS,centro_poblado,service,85.97729448831674
17665,SAN JOSE,CALDAS,centro_poblado,unclassified,84.80680187285695
17665,SAN JOSE,CALDAS,rural,footway,137.03222409837372
17665,SAN JOSE,CALDAS,rural,primary,60.12019654555037
17665,SAN JOSE,CALDAS,rural,residential,8597.550219720439
17665,SAN JOSE,CALDAS,rural,secondary,21452.09958774911
17665,SAN JOSE,CALDAS,rural,service,6348.532178900415
17665,SAN JOSE,CALDAS,rural,track,1604.1935608911726
17665,SAN JOSE,CALDAS,rural,trunk,6851.818504444979
17665,SAN JOSE,CALDAS,rural,unclassified,105720.03056086296
17777,SUPIA,CALDAS,cabecera,footway,103.48593697641027
17777,SUPIA,CALDAS,cabecera,primary,2789.013256642279
17777,SUPIA,CALDAS,cabecera,residential,21894.654859375958
17777,SUPIA,CALDAS,cabecera,secondary,1836.108668579446
17777,SUPIA,CALDAS,cabecera,service,1105.3187084157757
17777,SUPIA,CALDAS,cabecera,steps,18.455929529795288
17777,SUPIA,CALDAS,cabecera,track,66.35041846168981
17777,SUPIA,CALDAS,cabecera,unclassified,870.4875392992537
17777,SUPIA,CALDAS,centro_poblado,primary,571.1083362044678
17777,SUPIA,CALDAS,centro_poblado,residential,1455.5202489688488
17777,SUPIA,CALDAS,centro_poblado,secondary,599.954103802715
17777,SUPIA,CALDAS,centro_poblado,service,16.311941648909947
17777,SUPIA,CALDAS,centro_poblado,trunk,563.3282210482685
17777,SUPIA,CALDAS,centro_poblado,unclassified,549.4468297224003
17777,SUPIA,CALDAS,rural,bridleway,550.7746158452072
17777,SUPIA,CALDAS,rural,path,876.4808745391603
17777,SUPIA,CALDAS,rural,primary,15533.946081011913
17777,SUPIA,CALDAS,rural,residential,6735.542903114296
17777,SUPIA,CALDAS,rural,secondary,16031.816229525437
17777,SUPIA,CALDAS,rural,service,3760.62194021663
17777,SUPIA,CALDAS,rural,tertiary,6458.851690592239
17777,SUPIA,CALDAS,rural,track,11364.317200659407
17777,SUPIA,CALDAS,rural,trunk,8042.826389396268
17777,SUPIA,CALDAS,rural,unclassified,126840.50822630404
17867,VICTORIA,CALDAS,cabecera,footway,520.2722556805936
17867,VICTORIA,CALDAS,cabecera,pedestrian,1013.4796291777214
17867,VICTORIA,CALDAS,cabecera,residential,8783.344023983176
17867,VICTORIA,CALDAS,cabecera,secondary,3741.691600293597
17867,VICTORIA,CALDAS,cabecera,service,13.31613663237305
17867,VICTORIA,CALDAS,cabecera,tertiary,439.1452470494954
17867,VICTORIA,CALDAS,cabecera,track,305.1177405517908
17867,VICTORIA,CALDAS,cabecera,unclassified,1062.2820706728457
17867,VICTORIA,CALDAS,centro_poblado,residential,2933.7521549213866
17867,VICTORIA,CALDAS,centro_poblado,secondary,2073.121837367778
17867,VICTORIA,CALDAS,centro_poblado,tertiary,1228.471432611481
17867,VICTORIA,CALDAS,centro_poblado,unclassified,751.8266876395553
17867,VICTORIA,CALDAS,rural,footway,92.5541923469132
17867,VICTORIA,CALDAS,rural,path,1358.1697259014338
17867,VICTORIA,CALDAS,rural,residential,2257.5671808048096
17867,VICTORIA,CALDAS,rural,secondary,60331.9162833466
17867,VICTORIA,CALDAS,rural,service,2153.0835204027817
17867,VICTORIA,CALDAS,rural,tertiary,59912.49896193344
17867,VICTORIA,CALDAS,rural,track,15165.375442486538
17867,VICTORIA,CALDAS,rural,unclassified,193833.90930390923
17873,VILLAMARIA,CALDAS,cabecera,footway,2940.9399535726357
17873,VILLAMARIA,CALDAS,cabecera,path,327.6372795883381
17873,VILLAMARIA,CALDAS,cabecera,pedestrian,224.10474361046167
17873,VILLAMARIA,CALDAS,cabecera,residential,63234.42256714308
17873,VILLAMARIA,CALDAS,cabecera,secondary,3681.5009564806337
17873,VILLAMARIA,CALDAS,cabecera,service,20809.8762918622
17873,VILLAMARIA,CALDAS,cabecera,steps,387.54442542814706
17873,VILLAMARIA,CALDAS,cabecera,tertiary,1769.101897310179
17873,VILLAMARIA,CALDAS,cabecera,trunk,5418.867388022422
17873,VILLAMARIA,CALDAS,cabecera,unclassified,4860.461386268245
17873,VILLAMARIA,CALDAS,cabecera,unknown,31.99510576925572
17873,VILLAMARIA,CALDAS,centro_poblado,footway,171.49063557951789
17873,VILLAMARIA,CALDAS,centro_poblado,residential,5233.359272374577
17873,VILLAMARIA,CALDAS,centro_poblado,service,301.72723305782677
17873,VILLAMARIA,CALDAS,centro_poblado,tertiary,837.2504542537404
17873,VILLAMARIA,CALDAS,centro_poblado,track,624.0244499471322
17873,VILLAMARIA,CALDAS,centro_poblado,unclassified,8399.051377585098
17873,VILLAMARIA,CALDAS,rural,bridleway,8456.526793653124
17873,VILLAMARIA,CALDAS,rural,cycleway,1172.168962476535
17873,VILLAMARIA,CALDAS,rural,footway,1116.1976323038707
17873,VILLAMARIA,CALDAS,rural,path,129406.30191969898
17873,VILLAMARIA,CALDAS,rural,primary,11561.034362396782
17873,VILLAMARIA,CALDAS,rural,residential,18819.708700483134
17873,VILLAMARIA,CALDAS,rural,secondary,190.75491518362534
17873,VILLAMARIA,CALDAS,rural,service,17300.43001140331
17873,VILLAMARIA,CALDAS,rural,tertiary,55203.64516063508
17873,VILLAMARIA,CALDAS,rural,track,91930.85292944386
17873,VILLAMARIA,CALDAS,rural,unclassified,253584.90448450684
17873,VILLAMARIA,CALDAS,rural,unknown,461.8218691427436
17877,VITERBO,CALDAS,cabecera,footway,180.88145681425817
17877,VITERBO,CALDAS,cabecera,primary,1752.3374771130318
17877,VITERBO,CALDAS,cabecera,residential,19214.7613270141
17877,VITERBO,CALDAS,cabecera,service,468.33547863758344
17877,VITERBO,CALDAS,cabecera,tertiary,4372.764644073275
17877,VITERBO,CALDAS,cabecera,track,114.18865991327415
17877,VITERBO,CALDAS,cabecera,unclassified,272.7502164577553
17877,VITERBO,CALDAS,rural,footway,1568.7318494392075
17877,VITERBO,CALDAS,rural,path,512.0078622951477
17877,VITERBO,CALDAS,rural,primary,8606.568577549318
17877,VITERBO,CALDAS,rural,residential,12068.297275602143
17877,VITERBO,CALDAS,rural,secondary,346.4594805137656
17877,VITERBO,CALDAS,rural,service,16453.48222698364
17877,VITERBO,CALDAS,rural,tertiary,6569.4067381079
17877,VITERBO,CALDAS,rural,track,14882.425561550912
17877,VITERBO,CALDAS,rural,trunk,17377.139788913646
17877,VITERBO,CALDAS,rural,unclassified,85712.57196474365
18094,BELEN DE LOS ANDAQUIES,CAQUETA,cabecera,footway,483.80427985745035
18094,BELEN DE LOS ANDAQUIES,CAQUETA,cabecera,residential,16044.863120730763
18094,BELEN DE LOS ANDAQUIES,CAQUETA,cabecera,secondary,2038.5698568145372
18094,BELEN DE LOS ANDAQUIES,CAQUETA,cabecera,service,361.3210629653485
18094,BELEN DE LOS ANDAQUIES,CAQUETA,cabecera,unclassified,168.8945339973261
18094,BELEN DE LOS ANDAQUIES,CAQUETA,centro_poblado,residential,1914.1237720336194
18094,BELEN DE LOS ANDAQUIES,CAQUETA,centro_poblado,unclassified,723.4700430093758
18094,BELEN DE LOS ANDAQUIES,CAQUETA,rural,bridleway,36570.44764204801
18094,BELEN DE LOS ANDAQUIES,CAQUETA,rural,footway,145.97099253132598
18094,BELEN DE LOS ANDAQUIES,CAQUETA,rural,path,9643.615863284725
18094,BELEN DE LOS ANDAQUIES,CAQUETA,rural,residential,3681.54645149243
18094,BELEN DE LOS ANDAQUIES,CAQUETA,rural,secondary,21244.047335095634
18094,BELEN DE LOS ANDAQUIES,CAQUETA,rural,service,5161.940091563081
18094,BELEN DE LOS ANDAQUIES,CAQUETA,rural,track,49482.08023016459
18094,BELEN DE LOS ANDAQUIES,CAQUETA,rural,unclassified,165311.84691902294
18150,CARTAGENA DEL CHAIRA,CAQUETA,cabecera,footway,47.51067051270942
18150,CARTAGENA DEL CHAIRA,CAQUETA,cabecera,path,106.39776794498968
18150,CARTAGENA DEL CHAIRA,CAQUETA,cabecera,pedestrian,97.36058400974198
18150,CARTAGENA DEL CHAIRA,CAQUETA,cabecera,residential,31495.211836574203
18150,CARTAGENA DEL CHAIRA,CAQUETA,cabecera,service,329.76811724133614
18150,CARTAGENA DEL CHAIRA,CAQUETA,cabecera,tertiary,1136.5742079358115
18150,CARTAGENA DEL CHAIRA,CAQUETA,cabecera,track,99.68759838590171
18150,CARTAGENA DEL CHAIRA,CAQUETA,cabecera,unclassified,885.5848758932069
18150,CARTAGENA DEL CHAIRA,CAQUETA,centro_poblado,bridleway,287.14684157682507
18150,CARTAGENA DEL CHAIRA,CAQUETA,centro_poblado,footway,1120.5740096488526
18150,CARTAGENA DEL CHAIRA,CAQUETA,centro_poblado,path,221.13279732452008
18150,CARTAGENA DEL CHAIRA,CAQUETA,centro_poblado,residential,10064.241718034013
18150,CARTAGENA DEL CHAIRA,CAQUETA,centro_poblado,service,375.49551396597735
18150,CARTAGENA DEL CHAIRA,CAQUETA,centro_poblado,tertiary,397.1636435019022
18150,CARTAGENA DEL CHAIRA,CAQUETA,centro_poblado,track,1602.1662703782595
18150,CARTAGENA DEL CHAIRA,CAQUETA,centro_poblado,unclassified,195.33616658380492
18150,CARTAGENA DEL CHAIRA,CAQUETA,rural,bridleway,44358.586314992805
18150,CARTAGENA DEL CHAIRA,CAQUETA,rural,footway,1312.547089697211
18150,CARTAGENA DEL CHAIRA,CAQUETA,rural,path,38124.365524554356
18150,CARTAGENA DEL CHAIRA,CAQUETA,rural,residential,5583.4049537919855
18150,CARTAGENA DEL CHAIRA,CAQUETA,rural,service,3265.933505960007
18150,CARTAGENA DEL CHAIRA,CAQUETA,rural,tertiary,23353.17873363158
18150,CARTAGENA DEL CHAIRA,CAQUETA,rural,track,153517.15892663362
18150,CARTAGENA DEL CHAIRA,CAQUETA,rural,unclassified,771719.189842028
18205,CURILLO,CAQUETA,cabecera,residential,14295.90768805907
18205,CURILLO,CAQUETA,cabecera,tertiary,647.998085222405
18205,CURILLO,CAQUETA,cabecera,track,24.342008729919645
18205,CURILLO,CAQUETA,cabecera,unclassified,111.34869948102559
18205,CURILLO,CAQUETA,centro_poblado,residential,2449.968199417382
18205,CURILLO,CAQUETA,centro_poblado,unclassified,52.69549589414677
18205,CURILLO,CAQUETA,rural,bridleway,1236.0631990274603
18205,CURILLO,CAQUETA,rural,path,5574.0014319884785
18205,CURILLO,CAQUETA,rural,residential,4760.594734784427
18205,CURILLO,CAQUETA,rural,service,4819.576876510113
18205,CURILLO,CAQUETA,rural,tertiary,8917.911930265502
18205,CURILLO,CAQUETA,rural,track,31684.557712354534
18205,CURILLO,CAQUETA,rural,unclassified,92907.03986527634
18247,EL DONCELLO,CAQUETA,cabecera,footway,37.66901685330178
18247,EL DONCELLO,CAQUETA,cabecera,pedestrian,66.50869446322751
18247,EL DONCELLO,CAQUETA,cabecera,residential,35988.664510621835
18247,EL DONCELLO,CAQUETA,cabecera,secondary,2675.024706633994
18247,EL DONCELLO,CAQUETA,cabecera,service,448.0824178109299
18247,EL DONCELLO,CAQUETA,cabecera,tertiary,389.9198345949476
18247,EL DONCELLO,CAQUETA,cabecera,track,200.51684025386027
18247,EL DONCELLO,CAQUETA,cabecera,unclassified,1398.9796137462115
18247,EL DONCELLO,CAQUETA,centro_poblado,residential,5878.88217218475
18247,EL DONCELLO,CAQUETA,centro_poblado,tertiary,586.4393344807693
18247,EL DONCELLO,CAQUETA,centro_poblado,unclassified,636.7924654305094
18247,EL DONCELLO,CAQUETA,rural,bridleway,1439.4135441767328
18247,EL DONCELLO,CAQUETA,rural,path,2009.37201717152
18247,EL DONCELLO,CAQUETA,rural,residential,5753.516149112458
18247,EL DONCELLO,CAQUETA,rural,secondary,15802.367665657803
18247,EL DONCELLO,CAQUETA,rural,service,9479.761082163146
18247,EL DONCELLO,CAQUETA,rural,tertiary,38718.30483132019
18247,EL DONCELLO,CAQUETA,rural,track,4326.750363562833
18247,EL DONCELLO,CAQUETA,rural,unclassified,248305.2083023938
18256,EL PAUJIL,CAQUETA,cabecera,pedestrian,226.68374036130496
18256,EL PAUJIL,CAQUETA,cabecera,residential,18195.054777060446
18256,EL PAUJIL,CAQUETA,cabecera,secondary,1262.2246667543068
18256,EL PAUJIL,CAQUETA,cabecera,service,100.59755444415457
18256,EL PAUJIL,CAQUETA,cabecera,tertiary,474.7308063856628
18256,EL PAUJIL,CAQUETA,centro_poblado,residential,1897.988547037319
18256,EL PAUJIL,CAQUETA,centro_poblado,tertiary,221.31424632847487
18256,EL PAUJIL,CAQUETA,centro_poblado,unclassified,108.34995359579526
18256,EL PAUJIL,CAQUETA,rural,bridleway,2496.7289869395777
18256,EL PAUJIL,CAQUETA,rural,path,8657.048030696193
18256,EL PAUJIL,CAQUETA,rural,pedestrian,157.8728108032541
18256,EL PAUJIL,CAQUETA,rural,residential,4709.260227993583
18256,EL PAUJIL,CAQUETA,rural,secondary,13426.02202967045
18256,EL PAUJIL,CAQUETA,rural,service,3101.492838980404
18256,EL PAUJIL,CAQUETA,rural,tertiary,45551.97901935805
18256,EL PAUJIL,CAQUETA,rural,track,27932.566493861243
18256,EL PAUJIL,CAQUETA,rural,unclassified,267917.06059697043
18410,LA MONTAÑITA,CAQUETA,cabecera,residential,5581.381838626157
18410,LA MONTAÑITA,CAQUETA,cabecera,secondary,289.57564086673096
18410,LA MONTAÑITA,CAQUETA,cabecera,service,116.50247894407157
18410,LA MONTAÑITA,CAQUETA,cabecera,unclassified,58.41873758016948
18410,LA MONTAÑITA,CAQUETA,centro_poblado,bridleway,11.444883431827657
18410,LA MONTAÑITA,CAQUETA,centro_poblado,residential,7039.740097097352
18410,LA MONTAÑITA,CAQUETA,centro_poblado,secondary,39.4007724263172
18410,LA MONTAÑITA,CAQUETA,centro_poblado,tertiary,2325.994408041253
18410,LA MONTAÑITA,CAQUETA,centro_poblado,track,57.24346270845998
18410,LA MONTAÑITA,CAQUETA,centro_poblado,unclassified,1585.8062797715893
18410,LA MONTAÑITA,CAQUETA,rural,bridleway,19209.049325324395
18410,LA MONTAÑITA,CAQUETA,rural,path,36786.302674256294
18410,LA MONTAÑITA,CAQUETA,rural,residential,10657.047023449302
18410,LA MONTAÑITA,CAQUETA,rural,secondary,22328.775975649864
18410,LA MONTAÑITA,CAQUETA,rural,service,10207.081961353568
18410,LA MONTAÑITA,CAQUETA,rural,tertiary,68617.50543381623
18410,LA MONTAÑITA,CAQUETA,rural,track,79377.43567494176
18410,LA MONTAÑITA,CAQUETA,rural,unclassified,387712.7100389061
18460,MILAN,CAQUETA,cabecera,footway,185.91547292734052
18460,MILAN,CAQUETA,cabecera,residential,4717.309823154261
18460,MILAN,CAQUETA,cabecera,service,151.99912257243278
18460,MILAN,CAQUETA,cabecera,unclassified,205.1367082681322
18460,MILAN,CAQUETA,centro_poblado,residential,7806.384400659108
18460,MILAN,CAQUETA,centro_poblado,service,67.98378955059245
18460,MILAN,CAQUETA,centro_poblado,track,37.940430602692274
18460,MILAN,CAQUETA,centro_poblado,unclassified,483.14129923732014
18460,MILAN,CAQUETA,rural,bridleway,12855.02242259602
18460,MILAN,CAQUETA,rural,footway,778.1868381314611
18460,MILAN,CAQUETA,rural,path,10153.223596190826
18460,MILAN,CAQUETA,rural,residential,1577.2859067959862
18460,MILAN,CAQUETA,rural,service,1785.7925724140307
18460,MILAN,CAQUETA,rural,track,82682.6481205452
18460,MILAN,CAQUETA,rural,unclassified,212485.56589060253
18592,PUERTO RICO,CAQUETA,cabecera,footway,1527.5840819089237
18592,PUERTO RICO,CAQUETA,cabecera,path,411.79740780932525
18592,PUERTO RICO,CAQUETA,cabecera,residential,35804.46081301695
18592,PUERTO RICO,CAQUETA,cabecera,secondary,1430.3402499542324
18592,PUERTO RICO,CAQUETA,cabecera,service,281.3930601697856
18592,PUERTO RICO,CAQUETA,cabecera,tertiary,1184.8814544908641
18592,PUERTO RICO,CAQUETA,cabecera,track,226.06971886369084
18592,PUERTO RICO,CAQUETA,cabecera,unclassified,671.8698794660235
18592,PUERTO RICO,CAQUETA,centro_poblado,residential,4432.980600466265
18592,PUERTO RICO,CAQUETA,centro_poblado,secondary,237.10875522943672
18592,PUERTO RICO,CAQUETA,centro_poblado,tertiary,423.8248178030876
18592,PUERTO RICO,CAQUETA,centro_poblado,track,0.4934613617967051
18592,PUERTO RICO,CAQUETA,centro_poblado,unclassified,88.42579076800723
18592,PUERTO RICO,CAQUETA,rural,bridleway,45575.7744851629
18592,PUERTO RICO,CAQUETA,rural,footway,1423.0975014065973
18592,PUERTO RICO,CAQUETA,rural,path,26981.880617960425
18592,PUERTO RICO,CAQUETA,rural,residential,8537.949940141685
18592,PUERTO RICO,CAQUETA,rural,secondary,51159.76511179319
18592,PUERTO RICO,CAQUETA,rural,service,4467.496017028636
18592,PUERTO RICO,CAQUETA,rural,tertiary,94949.13386772932
18592,PUERTO RICO,CAQUETA,rural,track,46224.66734636016
18592,PUERTO RICO,CAQUETA,rural,unclassified,568687.1074254749
18610,SAN JOSE DEL FRAGUA,CAQUETA,cabecera,footway,209.02163941112957
18610,SAN JOSE DEL FRAGUA,CAQUETA,cabecera,pedestrian,235.34587442391384
18610,SAN JOSE DEL FRAGUA,CAQUETA,cabecera,residential,12102.259266455885
18610,SAN JOSE DEL FRAGUA,CAQUETA,cabecera,secondary,1088.4926569746963
18610,SAN JOSE DEL FRAGUA,CAQUETA,cabecera,tertiary,96.60492279990626
18610,SAN JOSE DEL FRAGUA,CAQUETA,cabecera,unclassified,7.0898414842199395
18610,SAN JOSE DEL FRAGUA,CAQUETA,centro_poblado,footway,479.92632881390466
18610,SAN JOSE DEL FRAGUA,CAQUETA,centro_poblado,path,155.57186273110082
18610,SAN JOSE DEL FRAGUA,CAQUETA,centro_poblado,pedestrian,182.98121158592207
18610,SAN JOSE DEL FRAGUA,CAQUETA,centro_poblado,residential,8680.987097056961
18610,SAN JOSE DEL FRAGUA,CAQUETA,centro_poblado,secondary,793.4488949909789
18610,SAN JOSE DEL FRAGUA,CAQUETA,centro_poblado,service,68.44235224015617
18610,SAN JOSE DEL FRAGUA,CAQUETA,centro_poblado,tertiary,1028.6915291354119
18610,SAN JOSE DEL FRAGUA,CAQUETA,centro_poblado,unclassified,72.84293795023154
18610,SAN JOSE DEL FRAGUA,CAQUETA,rural,bridleway,14698.224211435787
18610,SAN JOSE DEL FRAGUA,CAQUETA,rural,footway,107.74845880768369
18610,SAN JOSE DEL FRAGUA,CAQUETA,rural,path,17757.05747194082
18610,SAN JOSE DEL FRAGUA,CAQUETA,rural,pedestrian,0.36209409471102905
18610,SAN JOSE DEL FRAGUA,CAQUETA,rural,residential,18951.62973230656
18610,SAN JOSE DEL FRAGUA,CAQUETA,rural,secondary,37311.49170360852
18610,SAN JOSE DEL FRAGUA,CAQUETA,rural,service,2210.8623932498203
18610,SAN JOSE DEL FRAGUA,CAQUETA,rural,tertiary,26598.63063315746
18610,SAN JOSE DEL FRAGUA,CAQUETA,rural,track,24009.740145234708
18610,SAN JOSE DEL FRAGUA,CAQUETA,rural,unclassified,106576.9780673718
18753,SAN VICENTE DEL CAGUAN,CAQUETA,cabecera,footway,175.99421822255698
18753,SAN VICENTE DEL CAGUAN,CAQUETA,cabecera,residential,70753.82416225123
18753,SAN VICENTE DEL CAGUAN,CAQUETA,cabecera,secondary,3752.108884429379
18753,SAN VICENTE DEL CAGUAN,CAQUETA,cabecera,service,644.0917665639834
18753,SAN VICENTE DEL CAGUAN,CAQUETA,cabecera,tertiary,3937.497438341159
18753,SAN VICENTE DEL CAGUAN,CAQUETA,cabecera,track,244.5076022233015
18753,SAN VICENTE DEL CAGUAN,CAQUETA,cabecera,unclassified,2842.743602716377
18753,SAN VICENTE DEL CAGUAN,CAQUETA,centro_poblado,footway,83.38361252316706
18753,SAN VICENTE DEL CAGUAN,CAQUETA,centro_poblado,path,22.69690589962973
18753,SAN VICENTE DEL CAGUAN,CAQUETA,centro_poblado,residential,16200.480503885472
18753,SAN VICENTE DEL CAGUAN,CAQUETA,centro_poblado,service,102.2945432209853
18753,SAN VICENTE DEL CAGUAN,CAQUETA,centro_poblado,tertiary,3114.4910775650383
18753,SAN VICENTE DEL CAGUAN,CAQUETA,centro_poblado,track,302.37358836088924
18753,SAN VICENTE DEL CAGUAN,CAQUETA,centro_poblado,unclassified,1109.3716974221081
18753,SAN VICENTE DEL CAGUAN,CAQUETA,rural,bridleway,49672.200452090015
18753,SAN VICENTE DEL CAGUAN,CAQUETA,rural,footway,220.35132245836888
18753,SAN VICENTE DEL CAGUAN,CAQUETA,rural,path,30948.04179182663
18753,SAN VICENTE DEL CAGUAN,CAQUETA,rural,pedestrian,68.12071315491895
18753,SAN VICENTE DEL CAGUAN,CAQUETA,rural,residential,17013.528192822585
18753,SAN VICENTE DEL CAGUAN,CAQUETA,rural,secondary,53820.75567920837
18753,SAN VICENTE DEL CAGUAN,CAQUETA,rural,service,8983.593476011338
18753,SAN VICENTE DEL CAGUAN,CAQUETA,rural,tertiary,142126.19252501236
18753,SAN VICENTE DEL CAGUAN,CAQUETA,rural,track,419311.33811216993
18753,SAN VICENTE DEL CAGUAN,CAQUETA,rural,unclassified,1756691.5693036898
18756,SOLANO,CAQUETA,cabecera,footway,475.8013828965994
18756,SOLANO,CAQUETA,cabecera,path,89.50719844066026
18756,SOLANO,CAQUETA,cabecera,residential,8006.008548960959
18756,SOLANO,CAQUETA,cabecera,steps,72.86755670054472
18756,SOLANO,CAQUETA,cabecera,tertiary,6.154415403648857
18756,SOLANO,CAQUETA,cabecera,unclassified,178.63315049601215
18756,SOLANO,CAQUETA,centro_poblado,bridleway,117.49721734589009
18756,SOLANO,CAQUETA,centro_poblado,footway,2822.347453959488
18756,SOLANO,CAQUETA,centro_poblado,path,5234.095224046705
18756,SOLANO,CAQUETA,centro_poblado,residential,4721.426963038402
18756,SOLANO,CAQUETA,centro_poblado,steps,3.129669119977306
18756,SOLANO,CAQUETA,centro_poblado,track,1418.880556701173
18756,SOLANO,CAQUETA,centro_poblado,unclassified,29.219644067441827
18756,SOLANO,CAQUETA,rural,bridleway,313967.8185670923
18756,SOLANO,CAQUETA,rural,footway,4282.575092945974
18756,SOLANO,CAQUETA,rural,path,52956.32966631522
18756,SOLANO,CAQUETA,rural,residential,6018.937035163608
18756,SOLANO,CAQUETA,rural,service,130.04542558105416
18756,SOLANO,CAQUETA,rural,steps,1.8688111224809938
18756,SOLANO,CAQUETA,rural,tertiary,53899.67542406469
18756,SOLANO,CAQUETA,rural,track,75213.14628693456
18756,SOLANO,CAQUETA,rural,unclassified,90413.5558500789
18860,VALPARAISO,CAQUETA,cabecera,residential,9018.300571807033
18860,VALPARAISO,CAQUETA,cabecera,service,174.5219417774171
18860,VALPARAISO,CAQUETA,cabecera,unclassified,295.733806761296
18860,VALPARAISO,CAQUETA,centro_poblado,residential,2419.406725421296
18860,VALPARAISO,CAQUETA,centro_poblado,service,131.67560577994294
18860,VALPARAISO,CAQUETA,centro_poblado,tertiary,954.3217233586199
18860,VALPARAISO,CAQUETA,centro_poblado,track,120.29436547216316
18860,VALPARAISO,CAQUETA,centro_poblado,unclassified,192.83272668628103
18860,VALPARAISO,CAQUETA,rural,bridleway,104082.18195921934
18860,VALPARAISO,CAQUETA,rural,footway,221.8895128338308
18860,VALPARAISO,CAQUETA,rural,path,29032.675855633133
18860,VALPARAISO,CAQUETA,rural,residential,4127.5413363897405
18860,VALPARAISO,CAQUETA,rural,service,1656.4467123693998
18860,VALPARAISO,CAQUETA,rural,tertiary,84115.37284409531
18860,VALPARAISO,CAQUETA,rural,track,119226.34732934386
18860,VALPARAISO,CAQUETA,rural,unclassified,293775.00986452814
19022,ALMAGUER,CAUCA,cabecera,footway,69.0297289278684
19022,ALMAGUER,CAUCA,cabecera,path,342.89021164303654
19022,ALMAGUER,CAUCA,cabecera,pedestrian,152.6542008808383
19022,ALMAGUER,CAUCA,cabecera,residential,4033.037388702879
19022,ALMAGUER,CAUCA,cabecera,tertiary,1568.292900114182
19022,ALMAGUER,CAUCA,cabecera,unclassified,114.43780273923116
19022,ALMAGUER,CAUCA,centro_poblado,pedestrian,307.2210323193238
19022,ALMAGUER,CAUCA,centro_poblado,residential,3383.1662601024746
19022,ALMAGUER,CAUCA,centro_poblado,service,38.09470617410501
19022,ALMAGUER,CAUCA,centro_poblado,tertiary,1232.2770593102202
19022,ALMAGUER,CAUCA,centro_poblado,track,36.104405173401496
19022,ALMAGUER,CAUCA,centro_poblado,unclassified,377.8865697067653
19022,ALMAGUER,CAUCA,rural,bridleway,4395.529997353128
19022,ALMAGUER,CAUCA,rural,path,8138.584795686336
19022,ALMAGUER,CAUCA,rural,pedestrian,30.79402644012493
19022,ALMAGUER,CAUCA,rural,residential,3367.192520545531
19022,ALMAGUER,CAUCA,rural,secondary,26439.30596390574
19022,ALMAGUER,CAUCA,rural,service,9440.069869545257
19022,ALMAGUER,CAUCA,rural,tertiary,78692.92608914225
19022,ALMAGUER,CAUCA,rural,track,16099.613387133519
19022,ALMAGUER,CAUCA,rural,unclassified,99431.85229400026
19050,ARGELIA,CAUCA,cabecera,footway,905.0242249888853
19050,ARGELIA,CAUCA,cabecera,pedestrian,36.860691921404836
19050,ARGELIA,CAUCA,cabecera,residential,5014.455646850682
19050,ARGELIA,CAUCA,cabecera,service,20.510831489959465
19050,ARGELIA,CAUCA,cabecera,tertiary,1396.54821729003
19050,ARGELIA,CAUCA,cabecera,track,83.19558584869968
19050,ARGELIA,CAUCA,cabecera,unclassified,1701.8023215176263
19050,ARGELIA,CAUCA,centro_poblado,path,2.241246573181905
19050,ARGELIA,CAUCA,centro_poblado,pedestrian,42.60447549407346
19050,ARGELIA,CAUCA,centro_poblado,residential,11194.245552675551
19050,ARGELIA,CAUCA,centro_poblado,service,363.8872422011258
19050,ARGELIA,CAUCA,centro_poblado,tertiary,2223.2618249078996
19050,ARGELIA,CAUCA,centro_poblado,track,5.10268994259987
19050,ARGELIA,CAUCA,centro_poblado,unclassified,456.3201502507549
19050,ARGELIA,CAUCA,rural,bridleway,6828.82326894022
19050,ARGELIA,CAUCA,rural,footway,2228.637419742564
19050,ARGELIA,CAUCA,rural,path,393.5135873304117
19050,ARGELIA,CAUCA,rural,residential,13227.527781628529
19050,ARGELIA,CAUCA,rural,service,5345.726525287574
19050,ARGELIA,CAUCA,rural,tertiary,52096.56082129345
19050,ARGELIA,CAUCA,rural,track,28251.56127944949
19050,ARGELIA,CAUCA,rural,unclassified,230420.3209060043
19075,BALBOA,CAUCA,cabecera,residential,6290.325154255205
19075,BALBOA,CAUCA,cabecera,service,3148.5180016209424
19075,BALBOA,CAUCA,cabecera,tertiary,1763.1582196540292
19075,BALBOA,CAUCA,cabecera,unclassified,357.30349473744695
19075,BALBOA,CAUCA,centro_poblado,residential,6449.55164766574
19075,BALBOA,CAUCA,centro_poblado,service,16.862570949514822
19075,BALBOA,CAUCA,centro_poblado,tertiary,757.677844267459
19075,BALBOA,CAUCA,centro_poblado,track,116.3939185288865
19075,BALBOA,CAUCA,centro_poblado,unclassified,126.06614386499295
19075,BALBOA,CAUCA,rural,residential,13248.64205012263
19075,BALBOA,CAUCA,rural,service,3394.5416579380008
19075,BALBOA,CAUCA,rural,tertiary,45735.68844247501
19075,BALBOA,CAUCA,rural,track,19511.333671176722
19075,BALBOA,CAUCA,rural,unclassified,252975.58627071884
19100,BOLIVAR,CAUCA,cabecera,footway,243.21071471260194
19100,BOLIVAR,CAUCA,cabecera,pedestrian,67.72405885029933
19100,BOLIVAR,CAUCA,cabecera,residential,10344.839132084708
19100,BOLIVAR,CAUCA,cabecera,secondary,1913.8394451548475
19100,BOLIVAR,CAUCA,cabecera,service,101.7885727534876
19100,BOLIVAR,CAUCA,cabecera,steps,69.19467278227087
19100,BOLIVAR,CAUCA,cabecera,tertiary,247.62956348454773
19100,BOLIVAR,CAUCA,cabecera,track,78.98589643739393
19100,BOLIVAR,CAUCA,cabecera,unclassified,859.9422631997154
19100,BOLIVAR,CAUCA,centro_poblado,bridleway,11.45046917840511
19100,BOLIVAR,CAUCA,centro_poblado,footway,171.47879857888285
19100,BOLIVAR,CAUCA,centro_poblado,path,351.80791704006595
19100,BOLIVAR,CAUCA,centro_poblado,residential,10363.112043746241
19100,BOLIVAR,CAUCA,centro_poblado,secondary,1386.8094657286406
19100,BOLIVAR,CAUCA,centro_poblado,service,113.067862819125
19100,BOLIVAR,CAUCA,centro_poblado,tertiary,815.9181405285831
19100,BOLIVAR,CAUCA,centro_poblado,track,27.332970745368645
19100,BOLIVAR,CAUCA,centro_poblado,unclassified,2630.6117394913335
19100,BOLIVAR,CAUCA,rural,bridleway,9568.618266144469
19100,BOLIVAR,CAUCA,rural,footway,48.96067449696425
19100,BOLIVAR,CAUCA,rural,path,14634.161845154571
19100,BOLIVAR,CAUCA,rural,residential,7721.01896359517
19100,BOLIVAR,CAUCA,rural,secondary,80246.4652863481
19100,BOLIVAR,CAUCA,rural,service,1753.725373895525
19100,BOLIVAR,CAUCA,rural,tertiary,35067.052508277935
19100,BOLIVAR,CAUCA,rural,track,27567.200523278087
19100,BOLIVAR,CAUCA,rural,unclassified,399908.9497340806
19110,BUENOS AIRES,CAUCA,cabecera,residential,4555.451550328579
19110,BUENOS AIRES,CAUCA,cabecera,secondary,544.9996973567191
19110,BUENOS AIRES,CAUCA,cabecera,unclassified,523.6789805537289
19110,BUENOS AIRES,CAUCA,centro_poblado,path,64.94279673173723
19110,BUENOS AIRES,CAUCA,centro_poblado,residential,12147.334632711405
19110,BUENOS AIRES,CAUCA,centro_poblado,secondary,4005.1355290926604
19110,BUENOS AIRES,CAUCA,centro_poblado,service,728.7283547477037
19110,BUENOS AIRES,CAUCA,centro_poblado,tertiary,5607.641803790085
19110,BUENOS AIRES,CAUCA,centro_poblado,unclassified,1600.7305860852077
19110,BUENOS AIRES,CAUCA,rural,bridleway,3435.856234835389
19110,BUENOS AIRES,CAUCA,rural,residential,22480.057020132837
19110,BUENOS AIRES,CAUCA,rural,secondary,23631.762856771606
19110,BUENOS AIRES,CAUCA,rural,service,9046.472800977264
19110,BUENOS AIRES,CAUCA,rural,tertiary,70722.02043958768
19110,BUENOS AIRES,CAUCA,rural,track,48634.4439106371
19110,BUENOS AIRES,CAUCA,rural,unclassified,295419.0167638734
19130,CAJIBIO,CAUCA,cabecera,residential,4300.344372973536
19130,CAJIBIO,CAUCA,cabecera,service,95.0953176749187
19130,CAJIBIO,CAUCA,cabecera,tertiary,1295.214188982007
19130,CAJIBIO,CAUCA,cabecera,unclassified,544.711751657228
19130,CAJIBIO,CAUCA,centro_poblado,footway,84.45227231758626
19130,CAJIBIO,CAUCA,centro_poblado,residential,7122.454049123863
19130,CAJIBIO,CAUCA,centro_poblado,secondary,1127.0293525603256
19130,CAJIBIO,CAUCA,centro_poblado,service,477.26043682892805
19130,CAJIBIO,CAUCA,centro_poblado,tertiary,1839.2383635797157
19130,CAJIBIO,CAUCA,centro_poblado,trunk,2249.0991978817287
19130,CAJIBIO,CAUCA,centro_poblado,unclassified,6625.341434796058
19130,CAJIBIO,CAUCA,rural,bridleway,7283.280365236209
19130,CAJIBIO,CAUCA,rural,footway,119.16347224406597
19130,CAJIBIO,CAUCA,rural,path,38351.345682905805
19130,CAJIBIO,CAUCA,rural,residential,71130.97147413301
19130,CAJIBIO,CAUCA,rural,secondary,18254.355389174405
19130,CAJIBIO,CAUCA,rural,service,27822.26365496453
19130,CAJIBIO,CAUCA,rural,tertiary,37982.79436480628
19130,CAJIBIO,CAUCA,rural,track,40576.95046087374
19130,CAJIBIO,CAUCA,rural,trunk,9474.118807741184
19130,CAJIBIO,CAUCA,rural,unclassified,637153.1261103194
19137,CALDONO,CAUCA,cabecera,residential,4049.6974732478197
19137,CALDONO,CAUCA,cabecera,tertiary,2108.768712384648
19137,CALDONO,CAUCA,cabecera,unclassified,1007.326392926389
19137,CALDONO,CAUCA,centro_poblado,footway,242.06581870217585
19137,CALDONO,CAUCA,centro_poblado,residential,5022.895736561869
19137,CALDONO,CAUCA,centro_poblado,service,416.78809169110593
19137,CALDONO,CAUCA,centro_poblado,tertiary,3180.4633768700833
19137,CALDONO,CAUCA,centro_poblado,trunk,1039.8108358902384
19137,CALDONO,CAUCA,centro_poblado,unclassified,2219.780303406902
19137,CALDONO,CAUCA,rural,bridleway,425.1421380829589
19137,CALDONO,CAUCA,rural,footway,32.26160250875127
19137,CALDONO,CAUCA,rural,path,8454.256092125755
19137,CALDONO,CAUCA,rural,residential,43818.50792052448
19137,CALDONO,CAUCA,rural,service,25242.832552078093
19137,CALDONO,CAUCA,rural,tertiary,61453.69141988933
19137,CALDONO,CAUCA,rural,track,11174.001022157227
19137,CALDONO,CAUCA,rural,trunk,11157.559707973978
19137,CALDONO,CAUCA,rural,unclassified,426882.7923482712
19142,CALOTO,CAUCA,cabecera,footway,783.0156334070398
19142,CALOTO,CAUCA,cabecera,primary,2557.3695880091072
19142,CALOTO,CAUCA,cabecera,residential,16387.499146793794
19142,CALOTO,CAUCA,cabecera,service,388.3125257141127
19142,CALOTO,CAUCA,cabecera,track,360.65069364437295
19142,CALOTO,CAUCA,cabecera,unclassified,841.7383893066412
19142,CALOTO,CAUCA,centro_poblado,primary,5333.44030881881
19142,CALOTO,CAUCA,centro_poblado,residential,18747.485031024396
19142,CALOTO,CAUCA,centro_poblado,secondary,475.1527087902513
19142,CALOTO,CAUCA,centro_poblado,service,772.9722043490027
19142,CALOTO,CAUCA,centro_poblado,tertiary,572.9024386750852
19142,CALOTO,CAUCA,centro_poblado,track,79.94991836098183
19142,CALOTO,CAUCA,centro_poblado,unclassified,5109.392382902824
19142,CALOTO,CAUCA,rural,bridleway,171.45969863203598
19142,CALOTO,CAUCA,rural,footway,1528.9576177081342
19142,CALOTO,CAUCA,rural,path,4544.089610852644
19142,CALOTO,CAUCA,rural,pedestrian,64.92596091777429
19142,CALOTO,CAUCA,rural,primary,19093.44985182467
19142,CALOTO,CAUCA,rural,residential,50330.87797701132
19142,CALOTO,CAUCA,rural,secondary,11209.384537351698
19142,CALOTO,CAUCA,rural,service,16145.334885709326
19142,CALOTO,CAUCA,rural,tertiary,5916.1961441598505
19142,CALOTO,CAUCA,rural,track,29337.203274792253
19142,CALOTO,CAUCA,rural,trunk,219.02489707947643
19142,CALOTO,CAUCA,rural,unclassified,238255.66819383728
19212,CORINTO,CAUCA,cabecera,footway,410.5737527227883
19212,CORINTO,CAUCA,cabecera,path,702.8317264176385
19212,CORINTO,CAUCA,cabecera,pedestrian,64.92024002497757
19212,CORINTO,CAUCA,cabecera,primary,1356.8057166828255
19212,CORINTO,CAUCA,cabecera,residential,26099.654159618618
19212,CORINTO,CAUCA,cabecera,service,384.3214403663462
19212,CORINTO,CAUCA,cabecera,tertiary,545.4297876265115
19212,CORINTO,CAUCA,cabecera,track,61.16118701936214
19212,CORINTO,CAUCA,cabecera,unclassified,1103.922855534388
19212,CORINTO,CAUCA,centro_poblado,bridleway,57.62331913693282
19212,CORINTO,CAUCA,centro_poblado,primary,845.4924326650332
19212,CORINTO,CAUCA,centro_poblado,residential,3072.9809189411353
19212,CORINTO,CAUCA,centro_poblado,secondary,178.33910384372024
19212,CORINTO,CAUCA,centro_poblado,service,67.08496259015817
19212,CORINTO,CAUCA,centro_poblado,unclassified,668.2956783852208
19212,CORINTO,CAUCA,rural,bridleway,1316.7423471753239
19212,CORINTO,CAUCA,rural,path,249.90801700054845
19212,CORINTO,CAUCA,rural,primary,12500.36551152231
19212,CORINTO,CAUCA,rural,residential,22770.50605411381
19212,CORINTO,CAUCA,rural,secondary,4816.959681188348
19212,CORINTO,CAUCA,rural,service,2515.3634528594716
19212,CORINTO,CAUCA,rural,tertiary,4797.204489567329
19212,CORINTO,CAUCA,rural,track,17333.750527499047
19212,CORINTO,CAUCA,rural,unclassified,236005.54866746307
19256,EL TAMBO,CAUCA,cabecera,bridleway,449.1944796756409
19256,EL TAMBO,CAUCA,cabecera,footway,951.376666571005
19256,EL TAMBO,CAUCA,cabecera,path,44.50259657104773
19256,EL TAMBO,CAUCA,cabecera,pedestrian,43.507048752176814
19256,EL TAMBO,CAUCA,cabecera,residential,8839.81601529231
19256,EL TAMBO,CAUCA,cabecera,service,280.932522274848
19256,EL TAMBO,CAUCA,cabecera,steps,135.82644919735068
19256,EL TAMBO,CAUCA,cabecera,tertiary,3682.1559221630177
19256,EL TAMBO,CAUCA,cabecera,track,578.5537547071426
19256,EL TAMBO,CAUCA,cabecera,unclassified,778.7242868592477
19256,EL TAMBO,CAUCA,centro_poblado,bridleway,621.8265303329856
19256,EL TAMBO,CAUCA,centro_poblado,pedestrian,75.690893196648
19256,EL TAMBO,CAUCA,centro_poblado,residential,5335.8740306040745
19256,EL TAMBO,CAUCA,centro_poblado,secondary,2079.818839727014
19256,EL TAMBO,CAUCA,centro_poblado,service,343.1743344952148
19256,EL TAMBO,CAUCA,centro_poblado,tertiary,11705.69892247014
19256,EL TAMBO,CAUCA,centro_poblado,track,457.9721548874108
19256,EL TAMBO,CAUCA,centro_poblado,unclassified,4182.584293683555
19256,EL TAMBO,CAUCA,rural,bridleway,239789.4633161992
19256,EL TAMBO,CAUCA,rural,footway,3206.215804849127
19256,EL TAMBO,CAUCA,rural,path,21325.66063506521
19256,EL TAMBO,CAUCA,rural,residential,21697.912134910333
19256,EL TAMBO,CAUCA,rural,secondary,22455.569721353513
19256,EL TAMBO,CAUCA,rural,service,12002.782675967423
19256,EL TAMBO,CAUCA,rural,steps,83.44559292317612
19256,EL TAMBO,CAUCA,rural,tertiary,298955.54623999796
19256,EL TAMBO,CAUCA,rural,track,155243.99765090874
19256,EL TAMBO,CAUCA,rural,unclassified,879271.3535950994
19300,GUACHENE,CAUCA,cabecera,residential,12025.872293256372
19300,GUACHENE,CAUCA,cabecera,service,58.18036954515308
19300,GUACHENE,CAUCA,cabecera,tertiary,1815.5468083851047
19300,GUACHENE,CAUCA,cabecera,unclassified,109.49248547631255
19300,GUACHENE,CAUCA,centro_poblado,residential,21174.627274346873
19300,GUACHENE,CAUCA,centro_poblado,service,247.4014747098928
19300,GUACHENE,CAUCA,centro_poblado,tertiary,3743.251764799322
19300,GUACHENE,CAUCA,centro_poblado,track,32.72851522950907
19300,GUACHENE,CAUCA,centro_poblado,unclassified,4813.968499596468
19300,GUACHENE,CAUCA,rural,residential,16608.464931606366
19300,GUACHENE,CAUCA,rural,service,9180.457419313085
19300,GUACHENE,CAUCA,rural,tertiary,12212.535840056626
19300,GUACHENE,CAUCA,rural,track,14290.256223300355
19300,GUACHENE,CAUCA,rural,unclassified,125585.42087497615
19318,GUAPI,CAUCA,cabecera,bridleway,7.090831326128201
19318,GUAPI,CAUCA,cabecera,footway,1951.5178108556197
19318,GUAPI,CAUCA,cabecera,path,10648.47041593143
19318,GUAPI,CAUCA,cabecera,residential,20693.15330119161
19318,GUAPI,CAUCA,cabecera,service,1561.5305360351022
19318,GUAPI,CAUCA,cabecera,tertiary,232.78033829568497
19318,GUAPI,CAUCA,cabecera,track,391.4780996449771
19318,GUAPI,CAUCA,cabecera,unclassified,241.28196233560772
19318,GUAPI,CAUCA,centro_poblado,bridleway,237.67636613124586
19318,GUAPI,CAUCA,centro_poblado,footway,975.7364594754192
19318,GUAPI,CAUCA,centro_poblado,path,1030.777490513389
19318,GUAPI,CAUCA,centro_poblado,residential,127.60763186760087
19318,GUAPI,CAUCA,centro_poblado,steps,47.6616594665107
19318,GUAPI,CAUCA,centro_poblado,track,148.6384102629338
19318,GUAPI,CAUCA,centro_poblado,unclassified,2063.078765937928
19318,GUAPI,CAUCA,rural,bridleway,100.64231488879695
19318,GUAPI,CAUCA,rural,footway,294.48476876881233
19318,GUAPI,CAUCA,rural,path,7294.21906350622
19318,GUAPI,CAUCA,rural,pedestrian,202.80808990851952
19318,GUAPI,CAUCA,rural,residential,102.97600560175728
19318,GUAPI,CAUCA,rural,track,18646.961036439283
19318,GUAPI,CAUCA,rural,unclassified,581.8854248343913
19355,INZA,CAUCA,cabecera,footway,17.960033191284662
19355,INZA,CAUCA,cabecera,path,107.50388453911634
19355,INZA,CAUCA,cabecera,primary,1704.6965208824386
19355,INZA,CAUCA,cabecera,residential,3544.238652155759
19355,INZA,CAUCA,cabecera,steps,235.640732107397
19355,INZA,CAUCA,cabecera,tertiary,16.147010160998494
19355,INZA,CAUCA,cabecera,track,74.19772202080111
19355,INZA,CAUCA,cabecera,unclassified,9.307266197355629
19355,INZA,CAUCA,centro_poblado,path,113.9216081950672
19355,INZA,CAUCA,centro_poblado,primary,258.4036926393017
19355,INZA,CAUCA,centro_poblado,residential,10686.944116836952
19355,INZA,CAUCA,centro_poblado,tertiary,3468.158078490427
19355,INZA,CAUCA,centro_poblado,track,149.5295484088964
19355,INZA,CAUCA,centro_poblado,unclassified,161.5247691960482
19355,INZA,CAUCA,rural,bridleway,33269.21060989966
19355,INZA,CAUCA,rural,footway,1535.4598932270487
19355,INZA,CAUCA,rural,path,38680.57038277184
19355,INZA,CAUCA,rural,primary,60561.89062124559
19355,INZA,CAUCA,rural,residential,28597.266355442713
19355,INZA,CAUCA,rural,secondary,867.5681028255319
19355,INZA,CAUCA,rural,service,1734.7041884528057
19355,INZA,CAUCA,rural,tertiary,84542.90901760833
19355,INZA,CAUCA,rural,track,15336.888899347834
19355,INZA,CAUCA,rural,unclassified,149272.20571036404
19364,JAMBALO,CAUCA,cabecera,path,404.21008826593453
19364,JAMBALO,CAUCA,cabecera,residential,4367.690018211504
19364,JAMBALO,CAUCA,cabecera,secondary,1385.3713626080657
19364,JAMBALO,CAUCA,cabecera,service,96.29764075989455
19364,JAMBALO,CAUCA,cabecera,track,81.76470725430127
19364,JAMBALO,CAUCA,cabecera,unclassified,28.96696662877155
19364,JAMBALO,CAUCA,rural,path,114.06518064374515
19364,JAMBALO,CAUCA,rural,residential,14857.584048209532
19364,JAMBALO,CAUCA,rural,secondary,16177.92576604123
19364,JAMBALO,CAUCA,rural,service,2223.4146658497993
19364,JAMBALO,CAUCA,rural,tertiary,12846.069169128989
19364,JAMBALO,CAUCA,rural,track,8168.530970072014
19364,JAMBALO,CAUCA,rural,unclassified,142231.4837112756
19397,LA VEGA,CAUCA,cabecera,footway,25.051670733440428
19397,LA VEGA,CAUCA,cabecera,residential,2413.805525184866
19397,LA VEGA,CAUCA,cabecera,secondary,1472.604743805461
19397,LA VEGA,CAUCA,cabecera,service,339.5663768068667
19397,LA VEGA,CAUCA,cabecera,unclassified,419.5521855547497
19397,LA VEGA,CAUCA,centro_poblado,bridleway,114.94195812789944
19397,LA VEGA,CAUCA,centro_poblado,footway,666.48868265368
19397,LA VEGA,CAUCA,centro_poblado,path,114.96467661599065
19397,LA VEGA,CAUCA,centro_poblado,residential,6628.493244393221
19397,LA VEGA,CAUCA,centro_poblado,secondary,2628.085740204198
19397,LA VEGA,CAUCA,centro_poblado,service,218.0763974825967
19397,LA VEGA,CAUCA,centro_poblado,steps,48.99620533290144
19397,LA VEGA,CAUCA,centro_poblado,tertiary,1560.2151056609869
19397,LA VEGA,CAUCA,centro_poblado,track,169.08217166831162
19397,LA VEGA,CAUCA,centro_poblado,unclassified,2030.0556678591824
19397,LA VEGA,CAUCA,rural,bridleway,42609.509327526364
19397,LA VEGA,CAUCA,rural,footway,762.8854637059972
19397,LA VEGA,CAUCA,rural,path,29060.105720670996
19397,LA VEGA,CAUCA,rural,residential,1602.396047093514
19397,LA VEGA,CAUCA,rural,secondary,48499.103105631344
19397,LA VEGA,CAUCA,rural,service,895.1984354955694
19397,LA VEGA,CAUCA,rural,tertiary,39932.80391304337
19397,LA VEGA,CAUCA,rural,track,15255.63219612598
19397,LA VEGA,CAUCA,rural,unclassified,149582.03679231866
19450,MERCADERES,CAUCA,cabecera,path,289.9647252802249
19450,MERCADERES,CAUCA,cabecera,residential,14597.877713935395
19450,MERCADERES,CAUCA,cabecera,secondary,4863.954756120629
19450,MERCADERES,CAUCA,cabecera,service,196.51509684377578
19450,MERCADERES,CAUCA,cabecera,unclassified,6644.4079445926
19450,MERCADERES,CAUCA,centro_poblado,residential,7856.587354772417
19450,MERCADERES,CAUCA,centro_poblado,secondary,1144.1266189109815
19450,MERCADERES,CAUCA,centro_poblado,service,106.80022949543469
19450,MERCADERES,CAUCA,centro_poblado,tertiary,751.3214428200524
19450,MERCADERES,CAUCA,centro_poblado,trunk,2468.9003729118313
19450,MERCADERES,CAUCA,centro_poblado,unclassified,6410.663250051821
19450,MERCADERES,CAUCA,rural,residential,4021.5775594643883
19450,MERCADERES,CAUCA,rural,secondary,25480.953536760775
19450,MERCADERES,CAUCA,rural,service,9.686162278105446
19450,MERCADERES,CAUCA,rural,tertiary,7076.055099456662
19450,MERCADERES,CAUCA,rural,track,8731.419081206972
19450,MERCADERES,CAUCA,rural,trunk,42154.65532178666
19450,MERCADERES,CAUCA,rural,unclassified,381820.42472744186
19455,MIRANDA,CAUCA,cabecera,footway,297.24205889010193
19455,MIRANDA,CAUCA,cabecera,pedestrian,406.55830912182944
19455,MIRANDA,CAUCA,cabecera,primary,6892.830103921649
19455,MIRANDA,CAUCA,cabecera,residential,39941.52794789157
19455,MIRANDA,CAUCA,cabecera,service,182.6066815940303
19455,MIRANDA,CAUCA,cabecera,tertiary,2144.1753337214
19455,MIRANDA,CAUCA,cabecera,unclassified,4372.364889005409
19455,MIRANDA,CAUCA,centro_poblado,path,910.0611440534957
19455,MIRANDA,CAUCA,centro_poblado,primary,530.0411417030822
19455,MIRANDA,CAUCA,centro_poblado,residential,13683.287194853194
19455,MIRANDA,CAUCA,centro_poblado,service,297.2700594720774
19455,MIRANDA,CAUCA,centro_poblado,tertiary,307.47775251186204
19455,MIRANDA,CAUCA,centro_poblado,track,261.1020656871773
19455,MIRANDA,CAUCA,centro_poblado,unclassified,2495.124420670641
19455,MIRANDA,CAUCA,rural,bridleway,979.9260084311937
19455,MIRANDA,CAUCA,rural,path,1120.289629414309
19455,MIRANDA,CAUCA,rural,primary,1114.3208363407236
19455,MIRANDA,CAUCA,rural,residential,23743.311257424324
19455,MIRANDA,CAUCA,rural,secondary,54.86544198810982
19455,MIRANDA,CAUCA,rural,service,16193.232293973882
19455,MIRANDA,CAUCA,rural,tertiary,26288.201736238556
19455,MIRANDA,CAUCA,rural,track,5308.6170043794955
19455,MIRANDA,CAUCA,rural,trunk,121.70255803713661
19455,MIRANDA,CAUCA,rural,unclassified,116358.75034671967
19473,MORALES,CAUCA,cabecera,residential,6738.228463551568
19473,MORALES,CAUCA,cabecera,secondary,2058.6082789513225
19473,MORALES,CAUCA,cabecera,service,231.46514791943977
19473,MORALES,CAUCA,cabecera,unclassified,429.63475371131517
19473,MORALES,CAUCA,centro_poblado,residential,194.59329226126818
19473,MORALES,CAUCA,centro_poblado,secondary,271.01438579955845
19473,MORALES,CAUCA,centro_poblado,service,267.728881871686
19473,MORALES,CAUCA,centro_poblado,tertiary,2169.730417377979
19473,MORALES,CAUCA,centro_poblado,track,540.9156876276753
19473,MORALES,CAUCA,centro_poblado,unclassified,4770.941984456258
19473,MORALES,CAUCA,rural,bridleway,37563.32091108988
19473,MORALES,CAUCA,rural,footway,234.42193558815532
19473,MORALES,CAUCA,rural,path,9511.61822531883
19473,MORALES,CAUCA,rural,residential,40809.355646861855
19473,MORALES,CAUCA,rural,secondary,21278.433159253727
19473,MORALES,CAUCA,rural,service,2436.614921961616
19473,MORALES,CAUCA,rural,tertiary,39433.360552782564
19473,MORALES,CAUCA,rural,track,19174.270572866404
19473,MORALES,CAUCA,rural,unclassified,427132.5135255361
19513,PADILLA,CAUCA,cabecera,residential,12187.821444828924
19513,PADILLA,CAUCA,cabecera,secondary,1173.9900539280936
19513,PADILLA,CAUCA,cabecera,tertiary,2844.1511638666943
19513,PADILLA,CAUCA,cabecera,unclassified,1415.4139251369825
19513,PADILLA,CAUCA,centro_poblado,residential,3424.785129908725
19513,PADILLA,CAUCA,centro_poblado,tertiary,782.7875312360209
19513,PADILLA,CAUCA,centro_poblado,unclassified,527.288412610574
19513,PADILLA,CAUCA,rural,residential,7501.773270192819
19513,PADILLA,CAUCA,rural,secondary,8589.66999644461
19513,PADILLA,CAUCA,rural,service,3999.774385966428
19513,PADILLA,CAUCA,rural,tertiary,3757.108114313631
19513,PADILLA,CAUCA,rural,track,1264.7756573087067
19513,PADILLA,CAUCA,rural,unclassified,67024.467962478
19517,PAEZ (BELALCAZAR),CAUCA,cabecera,footway,105.7723720477289
19517,PAEZ (BELALCAZAR),CAUCA,cabecera,residential,5740.998685002293
19517,PAEZ (BELALCAZAR),CAUCA,cabecera,service,83.8152516614206
19517,PAEZ (BELALCAZAR),CAUCA,cabecera,steps,44.26133148121535
19517,PAEZ (BELALCAZAR),CAUCA,cabecera,tertiary,2104.583034699841
19517,PAEZ (BELALCAZAR),CAUCA,cabecera,track,341.03951811324833
19517,PAEZ (BELALCAZAR),CAUCA,cabecera,unclassified,598.2856411086048
19517,PAEZ (BELALCAZAR),CAUCA,centro_poblado,footway,58.520670889093935
19517,PAEZ (BELALCAZAR),CAUCA,centro_poblado,path,51.90568296736799
19517,PAEZ (BELALCAZAR),CAUCA,centro_poblado,primary,506.90112389402384
19517,PAEZ (BELALCAZAR),CAUCA,centro_poblado,residential,14208.136443781998
19517,PAEZ (BELALCAZAR),CAUCA,centro_poblado,service,62.64469982254981
19517,PAEZ (BELALCAZAR),CAUCA,centro_poblado,tertiary,2136.86744207128
19517,PAEZ (BELALCAZAR),CAUCA,centro_poblado,track,51.03645791691903
19517,PAEZ (BELALCAZAR),CAUCA,centro_poblado,unclassified,2151.3013029114386
19517,PAEZ (BELALCAZAR),CAUCA,rural,bridleway,12820.691203544355
19517,PAEZ (BELALCAZAR),CAUCA,rural,footway,796.0868886086005
19517,PAEZ (BELALCAZAR),CAUCA,rural,path,48645.11101858673
19517,PAEZ (BELALCAZAR),CAUCA,rural,primary,1589.8400673928402
19517,PAEZ (BELALCAZAR),CAUCA,rural,residential,22098.992287547353
19517,PAEZ (BELALCAZAR),CAUCA,rural,service,3490.7267698377177
19517,PAEZ (BELALCAZAR),CAUCA,rural,tertiary,167362.7919522722
19517,PAEZ (BELALCAZAR),CAUCA,rural,track,27691.934294008646
19517,PAEZ (BELALCAZAR),CAUCA,rural,unclassified,335092.4403229372
19532,PATIA (EL BORDO),CAUCA,cabecera,path,470.47963098701524
19532,PATIA (EL BORDO),CAUCA,cabecera,pedestrian,79.87895376861181
19532,PATIA (EL BORDO),CAUCA,cabecera,residential,32349.711264390226
19532,PATIA (EL BORDO),CAUCA,cabecera,service,760.1313036801391
19532,PATIA (EL BORDO),CAUCA,cabecera,steps,18.372441160645536
19532,PATIA (EL BORDO),CAUCA,cabecera,track,1.836724410352572
19532,PATIA (EL BORDO),CAUCA,cabecera,trunk,3256.1617944391924
19532,PATIA (EL BORDO),CAUCA,cabecera,unclassified,1275.2120134785787
19532,PATIA (EL BORDO),CAUCA,centro_poblado,residential,10650.486370488496
19532,PATIA (EL BORDO),CAUCA,centro_poblado,service,886.8425983223764
19532,PATIA (EL BORDO),CAUCA,centro_poblado,tertiary,1484.3206699153166
19532,PATIA (EL BORDO),CAUCA,centro_poblado,trunk,3471.670596287457
19532,PATIA (EL BORDO),CAUCA,centro_poblado,unclassified,1167.5138418810993
19532,PATIA (EL BORDO),CAUCA,rural,bridleway,6771.960133516536
19532,PATIA (EL BORDO),CAUCA,rural,path,2463.105542152475
19532,PATIA (EL BORDO),CAUCA,rural,residential,29826.489845964847
19532,PATIA (EL BORDO),CAUCA,rural,secondary,7258.7344192842975
19532,PATIA (EL BORDO),CAUCA,rural,service,8105.089534907541
19532,PATIA (EL BORDO),CAUCA,rural,tertiary,45902.87660584392
19532,PATIA (EL BORDO),CAUCA,rural,track,37271.496666993036
19532,PATIA (EL BORDO),CAUCA,rural,trunk,39684.609834457464
19532,PATIA (EL BORDO),CAUCA,rural,unclassified,371475.7767021566
19573,PUERTO TEJADA,CAUCA,cabecera,footway,580.3013936497978
19573,PUERTO TEJADA,CAUCA,cabecera,path,655.1472513221797
19573,PUERTO TEJADA,CAUCA,cabecera,pedestrian,312.7272594460819
19573,PUERTO TEJADA,CAUCA,cabecera,residential,56231.176025301706
19573,PUERTO TEJADA,CAUCA,cabecera,secondary,3927.357999786529
19573,PUERTO TEJADA,CAUCA,cabecera,service,2524.6253812234468
19573,PUERTO TEJADA,CAUCA,cabecera,tertiary,4521.614699650169
19573,PUERTO TEJADA,CAUCA,cabecera,trunk,4.242519119562549
19573,PUERTO TEJADA,CAUCA,centro_poblado,path,13.015755344986875
19573,PUERTO TEJADA,CAUCA,centro_poblado,residential,8049.162773632354
19573,PUERTO TEJADA,CAUCA,centro_poblado,secondary,335.29665577871174
19573,PUERTO TEJADA,CAUCA,centro_poblado,service,1700.4863963061025
19573,PUERTO TEJADA,CAUCA,centro_poblado,tertiary,647.6608421941326
19573,PUERTO TEJADA,CAUCA,centro_poblado,track,181.4686311231007
19573,PUERTO TEJADA,CAUCA,centro_poblado,trunk,267.81921022990093
19573,PUERTO TEJADA,CAUCA,centro_poblado,unclassified,554.1341415921024
19573,PUERTO TEJADA,CAUCA,rural,footway,143.20194278551543
19573,PUERTO TEJADA,CAUCA,rural,path,5051.425567136277
19573,PUERTO TEJADA,CAUCA,rural,pedestrian,42.50662740633412
19573,PUERTO TEJADA,CAUCA,rural,residential,10300.263981173333
19573,PUERTO TEJADA,CAUCA,rural,secondary,14170.607115184941
19573,PUERTO TEJADA,CAUCA,rural,service,19359.495564912573
19573,PUERTO TEJADA,CAUCA,rural,tertiary,3077.9438778976723
19573,PUERTO TEJADA,CAUCA,rural,track,32893.88670855479
19573,PUERTO TEJADA,CAUCA,rural,trunk,15172.828443076192
19573,PUERTO TEJADA,CAUCA,rural,unclassified,63328.04435987771
19585,PURACE (COCONUCO),CAUCA,cabecera,pedestrian,52.70842540610859
19585,PURACE (COCONUCO),CAUCA,cabecera,primary,1298.1184063397475
19585,PURACE (COCONUCO),CAUCA,cabecera,residential,3371.3596132560097
19585,PURACE (COCONUCO),CAUCA,cabecera,service,171.84772145830996
19585,PURACE (COCONUCO),CAUCA,cabecera,tertiary,140.48426264368965
19585,PURACE (COCONUCO),CAUCA,cabecera,unclassified,461.8739128548121
19585,PURACE (COCONUCO),CAUCA,centro_poblado,primary,383.21780277533543
19585,PURACE (COCONUCO),CAUCA,centro_poblado,residential,7386.762905355554
19585,PURACE (COCONUCO),CAUCA,centro_poblado,secondary,2174.9734805405956
19585,PURACE (COCONUCO),CAUCA,centro_poblado,unclassified,324.6403338170123
19585,PURACE (COCONUCO),CAUCA,rural,bridleway,9053.36783906905
19585,PURACE (COCONUCO),CAUCA,rural,footway,415.55113816757876
19585,PURACE (COCONUCO),CAUCA,rural,path,34266.29539458802
19585,PURACE (COCONUCO),CAUCA,rural,pedestrian,71.25701767606316
19585,PURACE (COCONUCO),CAUCA,rural,primary,35779.20319307611
19585,PURACE (COCONUCO),CAUCA,rural,residential,6623.694371044034
19585,PURACE (COCONUCO),CAUCA,rural,secondary,71754.50255006
19585,PURACE (COCONUCO),CAUCA,rural,service,549.8520106376717
19585,PURACE (COCONUCO),CAUCA,rural,tertiary,9257.130681075583
19585,PURACE (COCONUCO),CAUCA,rural,track,10014.002750930977
19585,PURACE (COCONUCO),CAUCA,rural,unclassified,218191.25915862026
19622,ROSAS,CAUCA,cabecera,footway,205.9795602135836
19622,ROSAS,CAUCA,cabecera,path,27.247691950948415
19622,ROSAS,CAUCA,cabecera,residential,2877.5192972961963
19622,ROSAS,CAUCA,cabecera,secondary,519.5702378539673
19622,ROSAS,CAUCA,cabecera,trunk,192.94665848970678
19622,ROSAS,CAUCA,cabecera,unclassified,77.30232051402727
19622,ROSAS,CAUCA,centro_poblado,footway,66.28650065494281
19622,ROSAS,CAUCA,centro_poblado,residential,1569.2506510913909
19622,ROSAS,CAUCA,centro_poblado,secondary,18.37989905438408
19622,ROSAS,CAUCA,centro_poblado,service,66.34420396942897
19622,ROSAS,CAUCA,centro_poblado,trunk,811.1923033859755
19622,ROSAS,CAUCA,centro_poblado,unclassified,638.8008071772591
19622,ROSAS,CAUCA,rural,bridleway,10884.545108535292
19622,ROSAS,CAUCA,rural,path,65708.16239715395
19622,ROSAS,CAUCA,rural,residential,14233.944422362452
19622,ROSAS,CAUCA,rural,secondary,6322.857839229817
19622,ROSAS,CAUCA,rural,service,6108.700456491069
19622,ROSAS,CAUCA,rural,tertiary,5355.425402025507
19622,ROSAS,CAUCA,rural,track,20710.436105843284
19622,ROSAS,CAUCA,rural,trunk,23219.5196031351
19622,ROSAS,CAUCA,rural,unclassified,134292.0422131483
19693,SAN SEBASTIAN,CAUCA,cabecera,bridleway,238.85961638227934
19693,SAN SEBASTIAN,CAUCA,cabecera,footway,24.85466931344433
19693,SAN SEBASTIAN,CAUCA,cabecera,path,558.0420695845673
19693,SAN SEBASTIAN,CAUCA,cabecera,residential,1398.2476779132846
19693,SAN SEBASTIAN,CAUCA,cabecera,secondary,1107.4420277989354
19693,SAN SEBASTIAN,CAUCA,cabecera,service,81.18046641722056
19693,SAN SEBASTIAN,CAUCA,cabecera,steps,17.707861588349704
19693,SAN SEBASTIAN,CAUCA,cabecera,tertiary,248.66498180614462
19693,SAN SEBASTIAN,CAUCA,centro_poblado,residential,5340.462842546572
19693,SAN SEBASTIAN,CAUCA,centro_poblado,secondary,1189.0097328557704
19693,SAN SEBASTIAN,CAUCA,centro_poblado,tertiary,827.2045999260888
19693,SAN SEBASTIAN,CAUCA,centro_poblado,track,156.26683397915727
19693,SAN SEBASTIAN,CAUCA,centro_poblado,unclassified,412.47823753592627
19693,SAN SEBASTIAN,CAUCA,rural,bridleway,8917.403689784613
19693,SAN SEBASTIAN,CAUCA,rural,path,15091.505415676906
19693,SAN SEBASTIAN,CAUCA,rural,residential,2305.6000876810554
19693,SAN SEBASTIAN,CAUCA,rural,secondary,33412.64805728287
19693,SAN SEBASTIAN,CAUCA,rural,service,45.96430769402759
19693,SAN SEBASTIAN,CAUCA,rural,tertiary,63879.74015540242
19693,SAN SEBASTIAN,CAUCA,rural,track,4208.29471242291
19693,SAN SEBASTIAN,CAUCA,rural,unclassified,94452.16594144891
19698,SANTANDER DE QUILICHAO,CAUCA,cabecera,bridleway,104.21543182913756
19698,SANTANDER DE QUILICHAO,CAUCA,cabecera,footway,36.54540311485968
19698,SANTANDER DE QUILICHAO,CAUCA,cabecera,path,1865.549860395534
19698,SANTANDER DE QUILICHAO,CAUCA,cabecera,primary,10057.293548970332
19698,SANTANDER DE QUILICHAO,CAUCA,cabecera,residential,116678.6538561578
19698,SANTANDER DE QUILICHAO,CAUCA,cabecera,service,6623.566798895152
19698,SANTANDER DE QUILICHAO,CAUCA,cabecera,steps,104.65574141294998
19698,SANTANDER DE QUILICHAO,CAUCA,cabecera,tertiary,6358.9426515305
19698,SANTANDER DE QUILICHAO,CAUCA,cabecera,track,2127.905886199705
19698,SANTANDER DE QUILICHAO,CAUCA,cabecera,trunk,2328.8075908805067
19698,SANTANDER DE QUILICHAO,CAUCA,cabecera,unclassified,7570.998079299578
19698,SANTANDER DE QUILICHAO,CAUCA,centro_poblado,footway,27.698311601605482
19698,SANTANDER DE QUILICHAO,CAUCA,centro_poblado,path,603.3023941016338
19698,SANTANDER DE QUILICHAO,CAUCA,centro_poblado,primary,1889.420783319694
19698,SANTANDER DE QUILICHAO,CAUCA,centro_poblado,residential,26589.50013087938
19698,SANTANDER DE QUILICHAO,CAUCA,centro_poblado,secondary,287.59165132504825
19698,SANTANDER DE QUILICHAO,CAUCA,centro_poblado,service,2184.695763965441
19698,SANTANDER DE QUILICHAO,CAUCA,centro_poblado,tertiary,9136.086153621027
19698,SANTANDER DE QUILICHAO,CAUCA,centro_poblado,track,486.04617784181846
19698,SANTANDER DE QUILICHAO,CAUCA,centro_poblado,trunk,4053.9196801801972
19698,SANTANDER DE QUILICHAO,CAUCA,centro_poblado,unclassified,13779.021275734902
19698,SANTANDER DE QUILICHAO,CAUCA,rural,bridleway,27871.479074767936
19698,SANTANDER DE QUILICHAO,CAUCA,rural,footway,780.4915602868842
19698,SANTANDER DE QUILICHAO,CAUCA,rural,path,260252.8666705645
19698,SANTANDER DE QUILICHAO,CAUCA,rural,primary,6327.59852882373
19698,SANTANDER DE QUILICHAO,CAUCA,rural,residential,97640.5062451514
19698,SANTANDER DE QUILICHAO,CAUCA,rural,secondary,9777.610805801974
19698,SANTANDER DE QUILICHAO,CAUCA,rural,service,58239.83301344678
19698,SANTANDER DE QUILICHAO,CAUCA,rural,steps,74.0647154717136
19698,SANTANDER DE QUILICHAO,CAUCA,rural,tertiary,48733.72191758876
19698,SANTANDER DE QUILICHAO,CAUCA,rural,track,79116.23776566007
19698,SANTANDER DE QUILICHAO,CAUCA,rural,trunk,36887.84035015076
19698,SANTANDER DE QUILICHAO,CAUCA,rural,unclassified,494480.132594739
19698,SANTANDER DE QUILICHAO,CAUCA,rural,unknown,1172.3333639452444
19701,SANTA ROSA,CAUCA,cabecera,pedestrian,339.32935697403013
19701,SANTA ROSA,CAUCA,cabecera,residential,3650.0617886410773
19701,SANTA ROSA,CAUCA,cabecera,service,245.00564159468274
19701,SANTA ROSA,CAUCA,cabecera,tertiary,1204.3427290037675
19701,SANTA ROSA,CAUCA,cabecera,track,132.54034162633386
19701,SANTA ROSA,CAUCA,centro_poblado,bridleway,29.753074103259557
19701,SANTA ROSA,CAUCA,centro_poblado,residential,3224.0331871560334
19701,SANTA ROSA,CAUCA,centro_poblado,service,107.33945436781647
19701,SANTA ROSA,CAUCA,centro_poblado,tertiary,359.6956066484173
19701,SANTA ROSA,CAUCA,centro_poblado,trunk,1178.2354473375822
19701,SANTA ROSA,CAUCA,rural,bridleway,38077.06058803072
19701,SANTA ROSA,CAUCA,rural,footway,3336.512742634582
19701,SANTA ROSA,CAUCA,rural,path,15461.62533719927
19701,SANTA ROSA,CAUCA,rural,residential,1801.4841044261354
19701,SANTA ROSA,CAUCA,rural,tertiary,37704.40435712184
19701,SANTA ROSA,CAUCA,rural,track,10604.52742954193
19701,SANTA ROSA,CAUCA,rural,trunk,76443.12931679233
19701,SANTA ROSA,CAUCA,rural,unclassified,14072.872434393521
19701,SANTA ROSA,CAUCA,rural,unknown,39.58250481957807
19743,SILVIA,CAUCA,cabecera,bridleway,1136.8891941568613
19743,SILVIA,CAUCA,cabecera,footway,168.04073453737368
19743,SILVIA,CAUCA,cabecera,path,4840.495821486894
19743,SILVIA,CAUCA,cabecera,pedestrian,401.4516642287258
19743,SILVIA,CAUCA,cabecera,residential,15963.239016237005
19743,SILVIA,CAUCA,cabecera,secondary,5809.1188014070285
19743,SILVIA,CAUCA,cabecera,service,3156.931518299969
19743,SILVIA,CAUCA,cabecera,steps,83.918795627778
19743,SILVIA,CAUCA,cabecera,tertiary,1767.200220804222
19743,SILVIA,CAUCA,cabecera,track,1625.460283697815
19743,SILVIA,CAUCA,cabecera,unclassified,7043.400504171781
19743,SILVIA,CAUCA,centro_poblado,residential,2669.796850931587
19743,SILVIA,CAUCA,centro_poblado,secondary,717.7292507936811
19743,SILVIA,CAUCA,centro_poblado,tertiary,96.58692298913962
19743,SILVIA,CAUCA,centro_poblado,unclassified,54.62186979898142
19743,SILVIA,CAUCA,rural,bridleway,137797.33583048556
19743,SILVIA,CAUCA,rural,footway,4579.02453735891
19743,SILVIA,CAUCA,rural,path,46646.06451235585
19743,SILVIA,CAUCA,rural,pedestrian,370.762756453112
19743,SILVIA,CAUCA,rural,primary,4866.170594489656
19743,SILVIA,CAUCA,rural,residential,9981.794747720662
19743,SILVIA,CAUCA,rural,secondary,52192.009148140816
19743,SILVIA,CAUCA,rural,service,12348.347949496914
19743,SILVIA,CAUCA,rural,tertiary,69040.27018527366
19743,SILVIA,CAUCA,rural,track,95273.50995688225
19743,SILVIA,CAUCA,rural,unclassified,285033.8723756738
19743,SILVIA,CAUCA,rural,unknown,18.02191694503596
19760,SOTARA (PAISPAMBA),CAUCA,cabecera,residential,3321.9556320667966
19760,SOTARA (PAISPAMBA),CAUCA,cabecera,secondary,141.39612254365028
19760,SOTARA (PAISPAMBA),CAUCA,cabecera,service,327.2099847200451
19760,SOTARA (PAISPAMBA),CAUCA,cabecera,tertiary,529.4996226374675
19760,SOTARA (PAISPAMBA),CAUCA,cabecera,unclassified,530.9216461431098
19760,SOTARA (PAISPAMBA),CAUCA,centro_poblado,bridleway,117.56949773223356
19760,SOTARA (PAISPAMBA),CAUCA,centro_poblado,residential,3754.8271157623212
19760,SOTARA (PAISPAMBA),CAUCA,centro_poblado,tertiary,902.6947041932906
19760,SOTARA (PAISPAMBA),CAUCA,centro_poblado,unclassified,129.83563484287146
19760,SOTARA (PAISPAMBA),CAUCA,rural,bridleway,26102.724789817374
19760,SOTARA (PAISPAMBA),CAUCA,rural,path,11129.237129924586
19760,SOTARA (PAISPAMBA),CAUCA,rural,residential,10323.915401519786
19760,SOTARA (PAISPAMBA),CAUCA,rural,secondary,12919.405954965325
19760,SOTARA (PAISPAMBA),CAUCA,rural,service,7046.903677696828
19760,SOTARA (PAISPAMBA),CAUCA,rural,tertiary,98926.43140451293
19760,SOTARA (PAISPAMBA),CAUCA,rural,track,22553.727984398454
19760,SOTARA (PAISPAMBA),CAUCA,rural,trunk,7895.432610086414
19760,SOTARA (PAISPAMBA),CAUCA,rural,unclassified,238599.05316146748
19780,SUAREZ,CAUCA,cabecera,residential,11787.873224794961
19780,SUAREZ,CAUCA,cabecera,secondary,2518.323282486268
19780,SUAREZ,CAUCA,cabecera,service,1320.687366604862
19780,SUAREZ,CAUCA,cabecera,tertiary,1441.3632149050604
19780,SUAREZ,CAUCA,cabecera,track,176.3799907688182
19780,SUAREZ,CAUCA,cabecera,unclassified,4268.736333953036
19780,SUAREZ,CAUCA,centro_poblado,residential,4201.513566684411
19780,SUAREZ,CAUCA,centro_poblado,secondary,2064.6365742685416
19780,SUAREZ,CAUCA,centro_poblado,unclassified,1515.7202295386699
19780,SUAREZ,CAUCA,rural,bridleway,468.67921805359657
19780,SUAREZ,CAUCA,rural,residential,10452.625336631594
19780,SUAREZ,CAUCA,rural,secondary,21636.006294093462
19780,SUAREZ,CAUCA,rural,service,570.0942279801613
19780,SUAREZ,CAUCA,rural,tertiary,311.6999651690023
19780,SUAREZ,CAUCA,rural,track,47950.37284972825
19780,SUAREZ,CAUCA,rural,unclassified,381879.6149281929
19785,SUCRE,CAUCA,cabecera,residential,2193.3551996623005
19785,SUCRE,CAUCA,cabecera,tertiary,920.78552538352
19785,SUCRE,CAUCA,cabecera,unclassified,229.40635506555103
19785,SUCRE,CAUCA,centro_poblado,residential,838.6197429318872
19785,SUCRE,CAUCA,centro_poblado,unclassified,949.6076527515839
19785,SUCRE,CAUCA,rural,path,182.0248909200559
19785,SUCRE,CAUCA,rural,residential,2930.957656360438
19785,SUCRE,CAUCA,rural,service,242.22833812611577
19785,SUCRE,CAUCA,rural,tertiary,7506.659117788124
19785,SUCRE,CAUCA,rural,unclassified,70619.87188644482
19809,TIMBIQUI,CAUCA,cabecera,residential,11013.728862720955
19809,TIMBIQUI,CAUCA,cabecera,unclassified,117.43871832602059
19809,TIMBIQUI,CAUCA,centro_poblado,footway,10169.072284337997
19809,TIMBIQUI,CAUCA,centro_poblado,path,324.1461216081002
19809,TIMBIQUI,CAUCA,centro_poblado,pedestrian,19.81688299027773
19809,TIMBIQUI,CAUCA,centro_poblado,residential,3725.603126252934
19809,TIMBIQUI,CAUCA,centro_poblado,steps,64.80734981174155
19809,TIMBIQUI,CAUCA,centro_poblado,unclassified,116.34129707562325
19809,TIMBIQUI,CAUCA,rural,footway,3186.0598427445652
19809,TIMBIQUI,CAUCA,rural,path,3673.4051918693635
19809,TIMBIQUI,CAUCA,rural,pedestrian,412.76608547822167
19809,TIMBIQUI,CAUCA,rural,track,27706.981285782836
19809,TIMBIQUI,CAUCA,rural,unclassified,8299.354973248683
19821,TORIBIO,CAUCA,cabecera,path,1333.019902486459
19821,TORIBIO,CAUCA,cabecera,residential,6765.448132252327
19821,TORIBIO,CAUCA,cabecera,secondary,2449.654962985898
19821,TORIBIO,CAUCA,cabecera,service,64.6029096331129
19821,TORIBIO,CAUCA,cabecera,track,271.2430470733865
19821,TORIBIO,CAUCA,cabecera,unclassified,830.0195171571404
19821,TORIBIO,CAUCA,centro_poblado,residential,7434.490565265299
19821,TORIBIO,CAUCA,centro_poblado,secondary,1098.514464869125
19821,TORIBIO,CAUCA,centro_poblado,service,73.34890205499026
19821,TORIBIO,CAUCA,centro_poblado,tertiary,374.20110691006425
19821,TORIBIO,CAUCA,centro_poblado,unclassified,132.3238899361896
19821,TORIBIO,CAUCA,rural,footway,40.84684060398581
19821,TORIBIO,CAUCA,rural,path,15332.191354863879
19821,TORIBIO,CAUCA,rural,residential,50149.05389344164
19821,TORIBIO,CAUCA,rural,secondary,22567.27833578681
19821,TORIBIO,CAUCA,rural,service,2039.986604189961
19821,TORIBIO,CAUCA,rural,tertiary,15846.56475129714
19821,TORIBIO,CAUCA,rural,track,6676.084494894243
19821,TORIBIO,CAUCA,rural,unclassified,227486.5314334006
19824,TOTORO,CAUCA,cabecera,primary,2155.997087116084
19824,TOTORO,CAUCA,cabecera,residential,3956.1183032444374
19824,TOTORO,CAUCA,cabecera,secondary,514.504436629856
19824,TOTORO,CAUCA,cabecera,unclassified,332.93695891195443
19824,TOTORO,CAUCA,centro_poblado,primary,296.5793268742341
19824,TOTORO,CAUCA,centro_poblado,residential,5033.847764581745
19824,TOTORO,CAUCA,centro_poblado,unclassified,244.7276273241127
19824,TOTORO,CAUCA,rural,bridleway,3566.9573068047785
19824,TOTORO,CAUCA,rural,path,1050.4973336504484
19824,TOTORO,CAUCA,rural,pedestrian,116.81514105045966
19824,TOTORO,CAUCA,rural,primary,40617.19627972233
19824,TOTORO,CAUCA,rural,residential,41114.37537110284
19824,TOTORO,CAUCA,rural,secondary,5079.562316911024
19824,TOTORO,CAUCA,rural,service,6843.388412241922
19824,TOTORO,CAUCA,rural,tertiary,41170.1338332963
19824,TOTORO,CAUCA,rural,track,9533.311593989472
19824,TOTORO,CAUCA,rural,trunk,2516.8095705453425
19824,TOTORO,CAUCA,rural,unclassified,262644.45071815036
19845,VILLA RICA,CAUCA,cabecera,footway,251.4217353909415
19845,VILLA RICA,CAUCA,cabecera,path,40.72829127562175
19845,VILLA RICA,CAUCA,cabecera,primary,2427.038130716745
19845,VILLA RICA,CAUCA,cabecera,residential,22199.035265955714
19845,VILLA RICA,CAUCA,cabecera,service,4026.6472365269333
19845,VILLA RICA,CAUCA,cabecera,tertiary,3868.384305237592
19845,VILLA RICA,CAUCA,cabecera,track,620.0289558792483
19845,VILLA RICA,CAUCA,cabecera,trunk,3266.625909445223
19845,VILLA RICA,CAUCA,cabecera,unclassified,3525.0401078062782
19845,VILLA RICA,CAUCA,centro_poblado,footway,118.54072261570903
19845,VILLA RICA,CAUCA,centro_poblado,path,31.37665501900857
19845,VILLA RICA,CAUCA,centro_poblado,residential,1406.7417170736837
19845,VILLA RICA,CAUCA,centro_poblado,service,282.0928715266974
19845,VILLA RICA,CAUCA,centro_poblado,trunk,1414.688696295095
19845,VILLA RICA,CAUCA,centro_poblado,unclassified,2235.7337482149387
19845,VILLA RICA,CAUCA,rural,footway,124.24677181842856
19845,VILLA RICA,CAUCA,rural,path,774.9559418558043
19845,VILLA RICA,CAUCA,rural,primary,7072.964681981585
19845,VILLA RICA,CAUCA,rural,residential,25835.651152744795
19845,VILLA RICA,CAUCA,rural,secondary,664.6460282191057
19845,VILLA RICA,CAUCA,rural,service,19996.679876116512
19845,VILLA RICA,CAUCA,rural,tertiary,2599.8123220483785
19845,VILLA RICA,CAUCA,rural,track,27245.60209688881
19845,VILLA RICA,CAUCA,rural,trunk,23138.605789416837
19845,VILLA RICA,CAUCA,rural,unclassified,59072.324614446894
20011,AGUACHICA,CESAR,cabecera,footway,4574.844835888233
20011,AGUACHICA,CESAR,cabecera,path,66.57060612945287
20011,AGUACHICA,CESAR,cabecera,pedestrian,711.402484609946
20011,AGUACHICA,CESAR,cabecera,residential,199152.72779862594
20011,AGUACHICA,CESAR,cabecera,secondary,9188.1299017438
20011,AGUACHICA,CESAR,cabecera,service,8292.976308379099
20011,AGUACHICA,CESAR,cabecera,tertiary,15244.009264599366
20011,AGUACHICA,CESAR,cabecera,track,379.84772365685797
20011,AGUACHICA,CESAR,cabecera,trunk,4226.912067395708
20011,AGUACHICA,CESAR,cabecera,unclassified,5260.724705753394
20011,AGUACHICA,CESAR,centro_poblado,pedestrian,38.60523328698798
20011,AGUACHICA,CESAR,centro_poblado,primary,777.3932445720687
20011,AGUACHICA,CESAR,centro_poblado,residential,13393.464792393119
20011,AGUACHICA,CESAR,centro_poblado,secondary,593.2090747914712
20011,AGUACHICA,CESAR,centro_poblado,service,1756.387459948013
20011,AGUACHICA,CESAR,centro_poblado,tertiary,1350.1967408652395
20011,AGUACHICA,CESAR,centro_poblado,track,575.9427674292458
20011,AGUACHICA,CESAR,centro_poblado,trunk,437.65674413508367
20011,AGUACHICA,CESAR,centro_poblado,unclassified,3419.587664497876
20011,AGUACHICA,CESAR,rural,cycleway,364.0291626065876
20011,AGUACHICA,CESAR,rural,footway,120.3089028319226
20011,AGUACHICA,CESAR,rural,path,2414.4910604652673
20011,AGUACHICA,CESAR,rural,primary,7363.546816615759
20011,AGUACHICA,CESAR,rural,residential,29627.432369835322
20011,AGUACHICA,CESAR,rural,secondary,4815.439150275554
20011,AGUACHICA,CESAR,rural,service,77563.26865931196
20011,AGUACHICA,CESAR,rural,tertiary,13886.95623264015
20011,AGUACHICA,CESAR,rural,track,97946.1694239509
20011,AGUACHICA,CESAR,rural,trunk,81127.66475485773
20011,AGUACHICA,CESAR,rural,unclassified,457175.6535364309
20013,AGUSTIN CODAZZI,CESAR,cabecera,footway,861.1938251300362
20013,AGUSTIN CODAZZI,CESAR,cabecera,primary,5343.300765790107
20013,AGUSTIN CODAZZI,CESAR,cabecera,residential,140704.37239551323
20013,AGUSTIN CODAZZI,CESAR,cabecera,secondary,7999.020628469512
20013,AGUSTIN CODAZZI,CESAR,cabecera,service,8823.729402444238
20013,AGUSTIN CODAZZI,CESAR,cabecera,tertiary,4188.114667481663
20013,AGUSTIN CODAZZI,CESAR,cabecera,track,1069.3862802611181
20013,AGUSTIN CODAZZI,CESAR,cabecera,unclassified,832.4653059650592
20013,AGUSTIN CODAZZI,CESAR,centro_poblado,primary,1460.7145383846048
20013,AGUSTIN CODAZZI,CESAR,centro_poblado,residential,27847.040338564326
20013,AGUSTIN CODAZZI,CESAR,centro_poblado,service,585.0551439569903
20013,AGUSTIN CODAZZI,CESAR,centro_poblado,tertiary,233.4523571269033
20013,AGUSTIN CODAZZI,CESAR,centro_poblado,track,14.463588197252406
20013,AGUSTIN CODAZZI,CESAR,centro_poblado,unclassified,2139.9221715225995
20013,AGUSTIN CODAZZI,CESAR,rural,bridleway,3114.272582431485
20013,AGUSTIN CODAZZI,CESAR,rural,path,4073.3480810646947
20013,AGUSTIN CODAZZI,CESAR,rural,primary,46509.90903016422
20013,AGUSTIN CODAZZI,CESAR,rural,residential,9408.088374748933
20013,AGUSTIN CODAZZI,CESAR,rural,service,58677.8406821181
20013,AGUSTIN CODAZZI,CESAR,rural,tertiary,27952.595636169845
20013,AGUSTIN CODAZZI,CESAR,rural,track,279905.6940863855
20013,AGUSTIN CODAZZI,CESAR,rural,unclassified,251208.9314609743
20032,ASTREA,CESAR,cabecera,residential,29936.41189582888
20032,ASTREA,CESAR,cabecera,service,73.6804641594473
20032,ASTREA,CESAR,cabecera,tertiary,1398.2911131072176
20032,ASTREA,CESAR,cabecera,unclassified,1118.8932861315727
20032,ASTREA,CESAR,centro_poblado,primary,1016.9119890159368
20032,ASTREA,CESAR,centro_poblado,residential,12668.563782844616
20032,ASTREA,CESAR,centro_poblado,tertiary,1248.0493006436095
20032,ASTREA,CESAR,centro_poblado,track,352.1570382858753
20032,ASTREA,CESAR,centro_poblado,unclassified,941.4877663189003
20032,ASTREA,CESAR,rural,primary,19855.2671025792
20032,ASTREA,CESAR,rural,residential,5422.999804009519
20032,ASTREA,CESAR,rural,service,14135.043633891524
20032,ASTREA,CESAR,rural,tertiary,30997.465512645016
20032,ASTREA,CESAR,rural,track,54085.12957384485
20032,ASTREA,CESAR,rural,unclassified,151663.40284039115
20045,BECERRIL,CESAR,cabecera,pedestrian,557.114897099973
20045,BECERRIL,CESAR,cabecera,primary,2180.8850020468544
20045,BECERRIL,CESAR,cabecera,residential,54613.357487175774
20045,BECERRIL,CESAR,cabecera,service,997.7764253683513
20045,BECERRIL,CESAR,cabecera,tertiary,1621.7965019737794
20045,BECERRIL,CESAR,cabecera,track,126.28750800437321
20045,BECERRIL,CESAR,cabecera,unclassified,1003.3490881660401
20045,BECERRIL,CESAR,centro_poblado,residential,2531.2995362120537
20045,BECERRIL,CESAR,centro_poblado,service,75.67459543105971
20045,BECERRIL,CESAR,centro_poblado,tertiary,548.6566501469408
20045,BECERRIL,CESAR,centro_poblado,unclassified,159.42415080334774
20045,BECERRIL,CESAR,rural,primary,24212.00191000893
20045,BECERRIL,CESAR,rural,residential,4642.959553416111
20045,BECERRIL,CESAR,rural,service,88254.96835215142
20045,BECERRIL,CESAR,rural,tertiary,16922.73050368004
20045,BECERRIL,CESAR,rural,track,36327.95547483717
20045,BECERRIL,CESAR,rural,unclassified,196840.7336494497
20060,BOSCONIA,CESAR,cabecera,path,58.497879319770234
20060,BOSCONIA,CESAR,cabecera,residential,87560.66075153125
20060,BOSCONIA,CESAR,cabecera,service,4476.525339881131
20060,BOSCONIA,CESAR,cabecera,track,3584.898868557563
20060,BOSCONIA,CESAR,cabecera,trunk,12841.335719344017
20060,BOSCONIA,CESAR,cabecera,unclassified,1328.0860756828122
20060,BOSCONIA,CESAR,cabecera,unknown,7565.012141225554
20060,BOSCONIA,CESAR,centro_poblado,footway,225.2532919332818
20060,BOSCONIA,CESAR,centro_poblado,residential,1203.7321323308865
20060,BOSCONIA,CESAR,centro_poblado,service,793.1920630005493
20060,BOSCONIA,CESAR,centro_poblado,track,128.5367378218863
20060,BOSCONIA,CESAR,centro_poblado,trunk,1945.8809915354327
20060,BOSCONIA,CESAR,centro_poblado,unclassified,840.72899163226
20060,BOSCONIA,CESAR,rural,residential,703.1239006674782
20060,BOSCONIA,CESAR,rural,service,24335.97394905516
20060,BOSCONIA,CESAR,rural,track,111603.97641058317
20060,BOSCONIA,CESAR,rural,trunk,87724.95418338332
20060,BOSCONIA,CESAR,rural,unclassified,125719.4767651366
20060,BOSCONIA,CESAR,rural,unknown,11547.835857153848
20175,CHIMICHAGUA,CESAR,cabecera,pedestrian,86.26178574091337
20175,CHIMICHAGUA,CESAR,cabecera,residential,41628.96510589981
20175,CHIMICHAGUA,CESAR,cabecera,service,196.96277530480782
20175,CHIMICHAGUA,CESAR,cabecera,tertiary,2764.023831097853
20175,CHIMICHAGUA,CESAR,cabecera,unclassified,166.27497114400745
20175,CHIMICHAGUA,CESAR,centro_poblado,primary,2324.0446499396494
20175,CHIMICHAGUA,CESAR,centro_poblado,residential,44364.70650183475
20175,CHIMICHAGUA,CESAR,centro_poblado,track,174.64429226723342
20175,CHIMICHAGUA,CESAR,centro_poblado,trunk,501.5231796848488
20175,CHIMICHAGUA,CESAR,centro_poblado,unclassified,4660.221299220834
20175,CHIMICHAGUA,CESAR,rural,pedestrian,94.94055698028292
20175,CHIMICHAGUA,CESAR,rural,primary,36391.466455362235
20175,CHIMICHAGUA,CESAR,rural,residential,18828.155288540267
20175,CHIMICHAGUA,CESAR,rural,service,6271.508187958906
20175,CHIMICHAGUA,CESAR,rural,tertiary,3466.3089697888904
20175,CHIMICHAGUA,CESAR,rural,track,82535.85355638155
20175,CHIMICHAGUA,CESAR,rural,trunk,9608.760100307809
20175,CHIMICHAGUA,CESAR,rural,unclassified,354504.43181721104
20175,CHIMICHAGUA,CESAR,rural,unknown,183.5123197273392
20178,CHIRIGUANA,CESAR,cabecera,residential,52460.22342490809
20178,CHIRIGUANA,CESAR,cabecera,secondary,958.9682823626727
20178,CHIRIGUANA,CESAR,cabecera,tertiary,3119.95368231893
20178,CHIRIGUANA,CESAR,cabecera,unclassified,1140.7674329557672
20178,CHIRIGUANA,CESAR,centro_poblado,path,587.8039924750924
20178,CHIRIGUANA,CESAR,centro_poblado,primary,2170.770815273373
20178,CHIRIGUANA,CESAR,centro_poblado,residential,50570.54509075847
20178,CHIRIGUANA,CESAR,centro_poblado,secondary,2140.3609655876835
20178,CHIRIGUANA,CESAR,centro_poblado,service,1365.001678652628
20178,CHIRIGUANA,CESAR,centro_poblado,track,287.43697147787896
20178,CHIRIGUANA,CESAR,centro_poblado,trunk,3210.9808209670255
20178,CHIRIGUANA,CESAR,centro_poblado,unclassified,5247.608323636663
20178,CHIRIGUANA,CESAR,centro_poblado,unknown,1885.3800308937664
20178,CHIRIGUANA,CESAR,rural,bridleway,862.0912454066765
20178,CHIRIGUANA,CESAR,rural,footway,241.263728729218
20178,CHIRIGUANA,CESAR,rural,primary,15253.4313155768
20178,CHIRIGUANA,CESAR,rural,residential,12167.251675157398
20178,CHIRIGUANA,CESAR,rural,secondary,16370.35199980369
20178,CHIRIGUANA,CESAR,rural,service,31497.99811504137
20178,CHIRIGUANA,CESAR,rural,track,48541.04000155151
20178,CHIRIGUANA,CESAR,rural,trunk,55920.180310978554
20178,CHIRIGUANA,CESAR,rural,unclassified,269826.96312540665
20178,CHIRIGUANA,CESAR,rural,unknown,1955.8225845740365
20228,CURUMANI,CESAR,cabecera,residential,81276.68382194711
20228,CURUMANI,CESAR,cabecera,service,444.64065836745306
20228,CURUMANI,CESAR,cabecera,track,617.0452615278434
20228,CURUMANI,CESAR,cabecera,trunk,2792.323726648477
20228,CURUMANI,CESAR,cabecera,unclassified,5108.473128009723
20228,CURUMANI,CESAR,centro_poblado,path,878.7779001101162
20228,CURUMANI,CESAR,centro_poblado,primary,1404.3154254554202
20228,CURUMANI,CESAR,centro_poblado,residential,33731.7682538184
20228,CURUMANI,CESAR,centro_poblado,service,635.3993941053564
20228,CURUMANI,CESAR,centro_poblado,tertiary,335.92712490643225
20228,CURUMANI,CESAR,centro_poblado,track,13.297241891497757
20228,CURUMANI,CESAR,centro_poblado,trunk,1537.6094294398058
20228,CURUMANI,CESAR,centro_poblado,unclassified,3128.0497687556017
20228,CURUMANI,CESAR,rural,path,2764.4350960799115
20228,CURUMANI,CESAR,rural,primary,5757.132611630061
20228,CURUMANI,CESAR,rural,residential,11312.491931347857
20228,CURUMANI,CESAR,rural,service,9967.202144337107
20228,CURUMANI,CESAR,rural,tertiary,2873.036530248636
20228,CURUMANI,CESAR,rural,track,41984.540403677725
20228,CURUMANI,CESAR,rural,trunk,34061.261314532836
20228,CURUMANI,CESAR,rural,unclassified,212170.4484330848
20238,EL COPEY,CESAR,cabecera,primary,1352.1822089808322
20238,EL COPEY,CESAR,cabecera,residential,69555.75070329776
20238,EL COPEY,CESAR,cabecera,service,855.9682749198688
20238,EL COPEY,CESAR,cabecera,tertiary,2252.410134448286
20238,EL COPEY,CESAR,cabecera,unclassified,479.7880238175139
20238,EL COPEY,CESAR,centro_poblado,residential,11378.662606203447
20238,EL COPEY,CESAR,centro_poblado,service,297.6557559852471
20238,EL COPEY,CESAR,centro_poblado,trunk,1094.406544889795
20238,EL COPEY,CESAR,centro_poblado,unclassified,3432.3630076402137
20238,EL COPEY,CESAR,centro_poblado,unknown,1366.321443324981
20238,EL COPEY,CESAR,rural,bridleway,973.4858391074174
20238,EL COPEY,CESAR,rural,primary,3417.395532596799
20238,EL COPEY,CESAR,rural,residential,8393.758651316188
20238,EL COPEY,CESAR,rural,service,33784.83429073387
20238,EL COPEY,CESAR,rural,tertiary,1318.5148716517956
20238,EL COPEY,CESAR,rural,track,209192.8039820925
20238,EL COPEY,CESAR,rural,trunk,48108.75102727581
20238,EL COPEY,CESAR,rural,unclassified,358925.0455899006
20238,EL COPEY,CESAR,rural,unknown,3964.914688586206
20250,EL PASO,CESAR,cabecera,primary,2562.8441148485963
20250,EL PASO,CESAR,cabecera,residential,24308.19724502682
20250,EL PASO,CESAR,cabecera,service,2139.5019155909486
20250,EL PASO,CESAR,cabecera,track,89.98566010985762
20250,EL PASO,CESAR,cabecera,unclassified,1143.9690126491096
20250,EL PASO,CESAR,centro_poblado,footway,405.8748252456373
20250,EL PASO,CESAR,centro_poblado,path,803.8119073042017
20250,EL PASO,CESAR,centro_poblado,primary,1112.6268307146256
20250,EL PASO,CESAR,centro_poblado,residential,112629.85449478566
20250,EL PASO,CESAR,centro_poblado,secondary,6705.3781542561155
20250,EL PASO,CESAR,centro_poblado,service,1589.9803148047067
20250,EL PASO,CESAR,centro_poblado,track,2.5721763202673182
20250,EL PASO,CESAR,centro_poblado,trunk,2471.6741647545514
20250,EL PASO,CESAR,centro_poblado,unclassified,3130.733125722033
20250,EL PASO,CESAR,centro_poblado,unknown,267.8338331400669
20250,EL PASO,CESAR,rural,path,16.994819449129327
20250,EL PASO,CESAR,rural,primary,25589.763472309263
20250,EL PASO,CESAR,rural,residential,13800.339865080074
20250,EL PASO,CESAR,rural,secondary,15620.74597387906
20250,EL PASO,CESAR,rural,service,71860.50784753186
20250,EL PASO,CESAR,rural,track,88699.17420962648
20250,EL PASO,CESAR,rural,trunk,59656.236760661435
20250,EL PASO,CESAR,rural,unclassified,250178.00956956422
20250,EL PASO,CESAR,rural,unknown,6925.853056103647
20295,GAMARRA,CESAR,cabecera,pedestrian,197.444583435729
20295,GAMARRA,CESAR,cabecera,residential,17583.58027789221
20295,GAMARRA,CESAR,cabecera,tertiary,1525.1795159305386
20295,GAMARRA,CESAR,cabecera,unclassified,5204.535824396471
20295,GAMARRA,CESAR,centro_poblado,pedestrian,338.52187177595306
20295,GAMARRA,CESAR,centro_poblado,residential,9161.34063646408
20295,GAMARRA,CESAR,centro_poblado,tertiary,54.074435711866954
20295,GAMARRA,CESAR,centro_poblado,track,1051.0716769451778
20295,GAMARRA,CESAR,centro_poblado,unclassified,6789.93302459233
20295,GAMARRA,CESAR,rural,footway,71.67625192130625
20295,GAMARRA,CESAR,rural,path,835.8994893157014
20295,GAMARRA,CESAR,rural,residential,1142.605117413485
20295,GAMARRA,CESAR,rural,service,3963.4692919654563
20295,GAMARRA,CESAR,rural,tertiary,16566.061263475043
20295,GAMARRA,CESAR,rural,track,22332.682722666905
20295,GAMARRA,CESAR,rural,trunk,920.2704777247138
20295,GAMARRA,CESAR,rural,unclassified,141651.7219773517
20383,LA GLORIA,CESAR,cabecera,pedestrian,314.6668262830813
20383,LA GLORIA,CESAR,cabecera,residential,13224.356639125523
20383,LA GLORIA,CESAR,cabecera,secondary,503.28350290526
20383,LA GLORIA,CESAR,cabecera,service,147.06569248945942
20383,LA GLORIA,CESAR,cabecera,tertiary,772.4721098563681
20383,LA GLORIA,CESAR,cabecera,unclassified,2102.207057617756
20383,LA GLORIA,CESAR,centro_poblado,pedestrian,85.87812341439493
20383,LA GLORIA,CESAR,centro_poblado,residential,19514.28302662526
20383,LA GLORIA,CESAR,centro_poblado,service,578.9728326456787
20383,LA GLORIA,CESAR,centro_poblado,tertiary,2519.207253960676
20383,LA GLORIA,CESAR,centro_poblado,track,158.30590402434188
20383,LA GLORIA,CESAR,centro_poblado,trunk,1431.444145823089
20383,LA GLORIA,CESAR,centro_poblado,unclassified,5092.384056027508
20383,LA GLORIA,CESAR,rural,pedestrian,112.18361660442095
20383,LA GLORIA,CESAR,rural,residential,3348.202440520953
20383,LA GLORIA,CESAR,rural,secondary,24636.205003205203
20383,LA GLORIA,CESAR,rural,service,32613.82286081538
20383,LA GLORIA,CESAR,rural,tertiary,9520.42563745227
20383,LA GLORIA,CESAR,rural,track,102770.97866406386
20383,LA GLORIA,CESAR,rural,trunk,35553.45787859836
20383,LA GLORIA,CESAR,rural,unclassified,373194.19767544675
20400,LA JAGUA DE IBIRICO,CESAR,cabecera,primary,2699.834616383688
20400,LA JAGUA DE IBIRICO,CESAR,cabecera,residential,97102.84150123679
20400,LA JAGUA DE IBIRICO,CESAR,cabecera,secondary,1159.8978215093773
20400,LA JAGUA DE IBIRICO,CESAR,cabecera,service,1242.4853539095166
20400,LA JAGUA DE IBIRICO,CESAR,cabecera,unclassified,1085.2854441702252
20400,LA JAGUA DE IBIRICO,CESAR,centro_poblado,primary,2344.5941230467733
20400,LA JAGUA DE IBIRICO,CESAR,centro_poblado,residential,26281.093112984097
20400,LA JAGUA DE IBIRICO,CESAR,centro_poblado,secondary,750.4532013229824
20400,LA JAGUA DE IBIRICO,CESAR,centro_poblado,service,274.70343119468953
20400,LA JAGUA DE IBIRICO,CESAR,centro_poblado,tertiary,1068.0214963936314
20400,LA JAGUA DE IBIRICO,CESAR,centro_poblado,unclassified,435.2704253235947
20400,LA JAGUA DE IBIRICO,CESAR,rural,footway,696.68989533814
20400,LA JAGUA DE IBIRICO,CESAR,rural,path,2980.977033400006
20400,LA JAGUA DE IBIRICO,CESAR,rural,primary,14762.58491145086
20400,LA JAGUA DE IBIRICO,CESAR,rural,residential,14978.775600273017
20400,LA JAGUA DE IBIRICO,CESAR,rural,secondary,17829.328944418743
20400,LA JAGUA DE IBIRICO,CESAR,rural,service,98000.9166133703
20400,LA JAGUA DE IBIRICO,CESAR,rural,tertiary,17169.435762371515
20400,LA JAGUA DE IBIRICO,CESAR,rural,track,42976.11209484651
20400,LA JAGUA DE IBIRICO,CESAR,rural,trunk,2017.0753082870808
20400,LA JAGUA DE IBIRICO,CESAR,rural,unclassified,354273.04690612794
20443,MANAURE BALCON DEL CESAR (MANA,CESAR,cabecera,footway,80.40318230115867
20443,MANAURE BALCON DEL CESAR (MANA,CESAR,cabecera,residential,23041.96400748023
20443,MANAURE BALCON DEL CESAR (MANA,CESAR,cabecera,secondary,2516.519254906404
20443,MANAURE BALCON DEL CESAR (MANA,CESAR,cabecera,service,275.51888998355577
20443,MANAURE BALCON DEL CESAR (MANA,CESAR,cabecera,track,214.29685498637795
20443,MANAURE BALCON DEL CESAR (MANA,CESAR,cabecera,unclassified,1406.9798873277655
20443,MANAURE BALCON DEL CESAR (MANA,CESAR,rural,footway,217.39314114101458
20443,MANAURE BALCON DEL CESAR (MANA,CESAR,rural,residential,3631.6300371279917
20443,MANAURE BALCON DEL CESAR (MANA,CESAR,rural,secondary,9873.503397870452
20443,MANAURE BALCON DEL CESAR (MANA,CESAR,rural,service,3114.9411958170035
20443,MANAURE BALCON DEL CESAR (MANA,CESAR,rural,track,30411.694483781397
20443,MANAURE BALCON DEL CESAR (MANA,CESAR,rural,unclassified,27201.373357863937
20517,PAILITAS,CESAR,cabecera,residential,36793.57498945535
20517,PAILITAS,CESAR,cabecera,service,1308.3235603340459
20517,PAILITAS,CESAR,cabecera,track,214.10073190858594
20517,PAILITAS,CESAR,cabecera,trunk,2403.7835292479454
20517,PAILITAS,CESAR,cabecera,unclassified,2340.3618390608867
20517,PAILITAS,CESAR,centro_poblado,residential,10417.654253639295
20517,PAILITAS,CESAR,centro_poblado,service,267.8652610125836
20517,PAILITAS,CESAR,centro_poblado,trunk,2039.252246898976
20517,PAILITAS,CESAR,centro_poblado,unclassified,231.3287324380496
20517,PAILITAS,CESAR,centro_poblado,unknown,54.053653198433175
20517,PAILITAS,CESAR,rural,bridleway,513.7661532729046
20517,PAILITAS,CESAR,rural,path,7386.007175409191
20517,PAILITAS,CESAR,rural,residential,7151.724586712232
20517,PAILITAS,CESAR,rural,service,14374.22505501285
20517,PAILITAS,CESAR,rural,track,47168.097576864515
20517,PAILITAS,CESAR,rural,trunk,34951.078694672324
20517,PAILITAS,CESAR,rural,unclassified,205867.56686642193
20517,PAILITAS,CESAR,rural,unknown,6023.936807050333
20550,PELAYA,CESAR,cabecera,path,9.87136335768394
20550,PELAYA,CESAR,cabecera,residential,44554.40740014854
20550,PELAYA,CESAR,cabecera,service,234.93274757070444
20550,PELAYA,CESAR,cabecera,track,281.3738914783829
20550,PELAYA,CESAR,cabecera,trunk,1686.5781883865532
20550,PELAYA,CESAR,cabecera,unclassified,1707.097661127641
20550,PELAYA,CESAR,cabecera,unknown,153.99766891170603
20550,PELAYA,CESAR,centro_poblado,pedestrian,1705.198451694204
20550,PELAYA,CESAR,centro_poblado,residential,11685.151719567786
20550,PELAYA,CESAR,centro_poblado,track,444.8697562686395
20550,PELAYA,CESAR,centro_poblado,unclassified,3028.542824669582
20550,PELAYA,CESAR,rural,path,404.2593480231794
20550,PELAYA,CESAR,rural,residential,6409.094253916153
20550,PELAYA,CESAR,rural,service,10729.74504773636
20550,PELAYA,CESAR,rural,track,61075.529332978906
20550,PELAYA,CESAR,rural,trunk,29832.561072888086
20550,PELAYA,CESAR,rural,unclassified,239546.11092641723
20550,PELAYA,CESAR,rural,unknown,6262.630181362194
20570,PUEBLO BELLO,CESAR,cabecera,footway,1270.3350539910034
20570,PUEBLO BELLO,CESAR,cabecera,residential,24002.92309665387
20570,PUEBLO BELLO,CESAR,cabecera,service,1172.2370740194365
20570,PUEBLO BELLO,CESAR,cabecera,tertiary,796.119673986092
20570,PUEBLO BELLO,CESAR,cabecera,track,467.1567188278781
20570,PUEBLO BELLO,CESAR,cabecera,unclassified,1071.2351868171045
20570,PUEBLO BELLO,CESAR,centro_poblado,residential,2480.7144461382786
20570,PUEBLO BELLO,CESAR,centro_poblado,service,104.78568258381435
20570,PUEBLO BELLO,CESAR,centro_poblado,unclassified,1242.626979584466
20570,PUEBLO BELLO,CESAR,rural,bridleway,25262.4469245945
20570,PUEBLO BELLO,CESAR,rural,footway,935.5051248283955
20570,PUEBLO BELLO,CESAR,rural,path,30320.9261528145
20570,PUEBLO BELLO,CESAR,rural,residential,14372.811361611144
20570,PUEBLO BELLO,CESAR,rural,service,2597.4122382307646
20570,PUEBLO BELLO,CESAR,rural,tertiary,19435.41843907299
20570,PUEBLO BELLO,CESAR,rural,track,11133.373099382092
20570,PUEBLO BELLO,CESAR,rural,unclassified,195445.2598885204
20614,RIO DE ORO,CESAR,cabecera,footway,157.00474680461963
20614,RIO DE ORO,CESAR,cabecera,path,108.98094852945235
20614,RIO DE ORO,CESAR,cabecera,primary,1697.7042809682375
20614,RIO DE ORO,CESAR,cabecera,residential,11923.811825024459
20614,RIO DE ORO,CESAR,cabecera,tertiary,1376.4421139482251
20614,RIO DE ORO,CESAR,cabecera,unclassified,1180.7955054894658
20614,RIO DE ORO,CESAR,centro_poblado,footway,136.068272520652
20614,RIO DE ORO,CESAR,centro_poblado,path,47.959364263167316
20614,RIO DE ORO,CESAR,centro_poblado,primary,233.66123097847623
20614,RIO DE ORO,CESAR,centro_poblado,residential,6833.927823121706
20614,RIO DE ORO,CESAR,centro_poblado,secondary,498.8629578554961
20614,RIO DE ORO,CESAR,centro_poblado,service,711.8511878477817
20614,RIO DE ORO,CESAR,centro_poblado,tertiary,1417.3533146343962
20614,RIO DE ORO,CESAR,centro_poblado,track,72.30927736513901
20614,RIO DE ORO,CESAR,centro_poblado,trunk,357.6489416683514
20614,RIO DE ORO,CESAR,centro_poblado,unclassified,3499.8219452154967
20614,RIO DE ORO,CESAR,rural,footway,120.81808567863582
20614,RIO DE ORO,CESAR,rural,path,813.1636841302332
20614,RIO DE ORO,CESAR,rural,primary,37172.27877121562
20614,RIO DE ORO,CESAR,rural,residential,3674.448923293981
20614,RIO DE ORO,CESAR,rural,secondary,630.5842501834544
20614,RIO DE ORO,CESAR,rural,service,32664.976068896925
20614,RIO DE ORO,CESAR,rural,tertiary,13106.362631378377
20614,RIO DE ORO,CESAR,rural,track,78531.67059344884
20614,RIO DE ORO,CESAR,rural,trunk,18978.01690730296
20614,RIO DE ORO,CESAR,rural,unclassified,254124.24875737765
20621,LA PAZ,CESAR,cabecera,path,64.10211272807071
20621,LA PAZ,CESAR,cabecera,primary,5819.236052835199
20621,LA PAZ,CESAR,cabecera,residential,50271.76416891113
20621,LA PAZ,CESAR,cabecera,secondary,5148.514111292797
20621,LA PAZ,CESAR,cabecera,service,1630.1980037976364
20621,LA PAZ,CESAR,cabecera,tertiary,3429.1872988204127
20621,LA PAZ,CESAR,cabecera,track,145.60786251579168
20621,LA PAZ,CESAR,cabecera,unclassified,336.14688139868497
20621,LA PAZ,CESAR,centro_poblado,primary,641.8233927196425
20621,LA PAZ,CESAR,centro_poblado,residential,13455.892495803657
20621,LA PAZ,CESAR,centro_poblado,service,92.27715894247713
20621,LA PAZ,CESAR,centro_poblado,tertiary,2428.5073740013777
20621,LA PAZ,CESAR,centro_poblado,unclassified,1987.1790530747844
20621,LA PAZ,CESAR,rural,footway,1451.469136545268
20621,LA PAZ,CESAR,rural,path,2599.8542760199634
20621,LA PAZ,CESAR,rural,primary,47398.24171211418
20621,LA PAZ,CESAR,rural,residential,25198.09517488929
20621,LA PAZ,CESAR,rural,secondary,10433.813955146637
20621,LA PAZ,CESAR,rural,service,24592.702851033908
20621,LA PAZ,CESAR,rural,tertiary,35022.51452601182
20621,LA PAZ,CESAR,rural,track,115328.00138500161
20621,LA PAZ,CESAR,rural,unclassified,268219.42979962914
20710,SAN ALBERTO,CESAR,cabecera,footway,2195.712776067974
20710,SAN ALBERTO,CESAR,cabecera,path,29.95550713249191
20710,SAN ALBERTO,CESAR,cabecera,pedestrian,2006.380699696363
20710,SAN ALBERTO,CESAR,cabecera,residential,37824.93683276249
20710,SAN ALBERTO,CESAR,cabecera,service,753.097841151141
20710,SAN ALBERTO,CESAR,cabecera,track,119.64022805122435
20710,SAN ALBERTO,CESAR,cabecera,trunk,2569.187432650504
20710,SAN ALBERTO,CESAR,cabecera,unclassified,312.29582034865484
20710,SAN ALBERTO,CESAR,centro_poblado,residential,3462.5530681639343
20710,SAN ALBERTO,CESAR,centro_poblado,secondary,465.62597071625925
20710,SAN ALBERTO,CESAR,centro_poblado,service,252.15817635223758
20710,SAN ALBERTO,CESAR,centro_poblado,tertiary,1134.210292707659
20710,SAN ALBERTO,CESAR,centro_poblado,track,193.19673651841575
20710,SAN ALBERTO,CESAR,centro_poblado,trunk,62.388235813286485
20710,SAN ALBERTO,CESAR,centro_poblado,unclassified,77.12827394092355
20710,SAN ALBERTO,CESAR,centro_poblado,unknown,284.9433134631322
20710,SAN ALBERTO,CESAR,rural,bridleway,379.44334974945946
20710,SAN ALBERTO,CESAR,rural,path,4360.846408613189
20710,SAN ALBERTO,CESAR,rural,residential,13144.336099465852
20710,SAN ALBERTO,CESAR,rural,secondary,473.33225592101167
20710,SAN ALBERTO,CESAR,rural,service,21179.402116371126
20710,SAN ALBERTO,CESAR,rural,tertiary,5484.394156530564
20710,SAN ALBERTO,CESAR,rural,track,291462.81938114
20710,SAN ALBERTO,CESAR,rural,trunk,58135.709010667946
20710,SAN ALBERTO,CESAR,rural,unclassified,201809.56773980145
20710,SAN ALBERTO,CESAR,rural,unknown,5144.224318526783
20750,SAN DIEGO,CESAR,cabecera,footway,79.10661827983604
20750,SAN DIEGO,CESAR,cabecera,primary,2086.061350844534
20750,SAN DIEGO,CESAR,cabecera,residential,28586.62892345758
20750,SAN DIEGO,CESAR,cabecera,service,1976.1008940673546
20750,SAN DIEGO,CESAR,cabecera,tertiary,856.2210587190907
20750,SAN DIEGO,CESAR,cabecera,unclassified,2794.4257597362157
20750,SAN DIEGO,CESAR,centro_poblado,primary,575.5880733767249
20750,SAN DIEGO,CESAR,centro_poblado,residential,22312.16754201242
20750,SAN DIEGO,CESAR,centro_poblado,service,63.02067179737812
20750,SAN DIEGO,CESAR,centro_poblado,tertiary,263.3769499471529
20750,SAN DIEGO,CESAR,centro_poblado,track,285.3601265006032
20750,SAN DIEGO,CESAR,centro_poblado,unclassified,2653.60133073894
20750,SAN DIEGO,CESAR,rural,primary,27522.265155122714
20750,SAN DIEGO,CESAR,rural,residential,1193.3708357369624
20750,SAN DIEGO,CESAR,rural,service,6043.307677051129
20750,SAN DIEGO,CESAR,rural,tertiary,15414.369918294069
20750,SAN DIEGO,CESAR,rural,track,70035.38359147705
20750,SAN DIEGO,CESAR,rural,unclassified,150845.39537981138
20770,SAN MARTIN,CESAR,cabecera,residential,28374.557862407837
20770,SAN MARTIN,CESAR,cabecera,secondary,1718.2838671159286
20770,SAN MARTIN,CESAR,cabecera,service,618.9914828110298
20770,SAN MARTIN,CESAR,cabecera,tertiary,676.0421210835005
20770,SAN MARTIN,CESAR,cabecera,trunk,398.966145796695
20770,SAN MARTIN,CESAR,cabecera,unclassified,663.8417190381854
20770,SAN MARTIN,CESAR,centro_poblado,residential,15821.268088993234
20770,SAN MARTIN,CESAR,centro_poblado,service,208.25277640013775
20770,SAN MARTIN,CESAR,centro_poblado,unclassified,1976.4778090913792
20770,SAN MARTIN,CESAR,rural,footway,234.05470189281738
20770,SAN MARTIN,CESAR,rural,path,10074.90477260639
20770,SAN MARTIN,CESAR,rural,pedestrian,643.2194314954781
20770,SAN MARTIN,CESAR,rural,residential,64215.91243150716
20770,SAN MARTIN,CESAR,rural,secondary,449.33485498157916
20770,SAN MARTIN,CESAR,rural,service,47198.33656213375
20770,SAN MARTIN,CESAR,rural,tertiary,399.0707073237601
20770,SAN MARTIN,CESAR,rural,track,150640.87737270448
20770,SAN MARTIN,CESAR,rural,trunk,46660.929671215
20770,SAN MARTIN,CESAR,rural,unclassified,398834.22320694424
20787,TAMALAMEQUE,CESAR,cabecera,residential,25495.814123808657
20787,TAMALAMEQUE,CESAR,cabecera,service,576.5123390139654
20787,TAMALAMEQUE,CESAR,cabecera,tertiary,1681.4754728306348
20787,TAMALAMEQUE,CESAR,cabecera,track,144.58371609308222
20787,TAMALAMEQUE,CESAR,cabecera,trunk,1973.6930018379403
20787,TAMALAMEQUE,CESAR,cabecera,unclassified,306.02008362957787
20787,TAMALAMEQUE,CESAR,centro_poblado,pedestrian,202.549772060927
20787,TAMALAMEQUE,CESAR,centro_poblado,residential,28147.197174935132
20787,TAMALAMEQUE,CESAR,centro_poblado,service,302.55005640947434
20787,TAMALAMEQUE,CESAR,centro_poblado,track,184.95221935906642
20787,TAMALAMEQUE,CESAR,centro_poblado,trunk,1220.963250539813
20787,TAMALAMEQUE,CESAR,centro_poblado,unclassified,4249.07708755917
20787,TAMALAMEQUE,CESAR,rural,pedestrian,23.847088099070266
20787,TAMALAMEQUE,CESAR,rural,residential,23668.785543276063
20787,TAMALAMEQUE,CESAR,rural,service,3764.7097480421935
20787,TAMALAMEQUE,CESAR,rural,track,37646.98280710935
20787,TAMALAMEQUE,CESAR,rural,trunk,33252.607139648964
20787,TAMALAMEQUE,CESAR,rural,unclassified,219353.4085138154
23068,AYAPEL,CORDOBA,cabecera,footway,184.04622287057205
23068,AYAPEL,CORDOBA,cabecera,path,5833.122185640931
23068,AYAPEL,CORDOBA,cabecera,pedestrian,832.9986218691456
23068,AYAPEL,CORDOBA,cabecera,residential,88465.30207507484
23068,AYAPEL,CORDOBA,cabecera,secondary,3765.8502990254256
23068,AYAPEL,CORDOBA,cabecera,service,7528.824226790164
23068,AYAPEL,CORDOBA,cabecera,track,4226.511833827339
23068,AYAPEL,CORDOBA,cabecera,unclassified,14832.997676067576
23068,AYAPEL,CORDOBA,centro_poblado,path,3437.485231198247
23068,AYAPEL,CORDOBA,centro_poblado,pedestrian,172.88164137467768
23068,AYAPEL,CORDOBA,centro_poblado,residential,13420.426092425336
23068,AYAPEL,CORDOBA,centro_poblado,secondary,485.5345881087343
23068,AYAPEL,CORDOBA,centro_poblado,track,99.0301105287149
23068,AYAPEL,CORDOBA,centro_poblado,unclassified,3309.415255961471
23068,AYAPEL,CORDOBA,rural,bridleway,11562.220955914621
23068,AYAPEL,CORDOBA,rural,footway,19.476062656948734
23068,AYAPEL,CORDOBA,rural,path,151010.6705028338
23068,AYAPEL,CORDOBA,rural,pedestrian,69.18151707972893
23068,AYAPEL,CORDOBA,rural,residential,6069.344941726161
23068,AYAPEL,CORDOBA,rural,secondary,38484.50034778701
23068,AYAPEL,CORDOBA,rural,service,2124.073680647406
23068,AYAPEL,CORDOBA,rural,track,163874.41910693856
23068,AYAPEL,CORDOBA,rural,unclassified,335960.7524033824
23090,CANALETE,CORDOBA,cabecera,pedestrian,1017.5982775352941
23090,CANALETE,CORDOBA,cabecera,residential,8769.115789370742
23090,CANALETE,CORDOBA,cabecera,tertiary,610.4836076504209
23090,CANALETE,CORDOBA,cabecera,unclassified,386.34537539624466
23090,CANALETE,CORDOBA,centro_poblado,residential,6249.2109359132655
23090,CANALETE,CORDOBA,centro_poblado,tertiary,833.243358183715
23090,CANALETE,CORDOBA,centro_poblado,unclassified,3850.070057635001
23090,CANALETE,CORDOBA,rural,pedestrian,11.700702398027882
23090,CANALETE,CORDOBA,rural,residential,5611.733777599638
23090,CANALETE,CORDOBA,rural,service,1340.646033671765
23090,CANALETE,CORDOBA,rural,tertiary,54129.19898599067
23090,CANALETE,CORDOBA,rural,track,9240.095388007578
23090,CANALETE,CORDOBA,rural,unclassified,192128.02798938908
23162,CERETE,CORDOBA,cabecera,footway,709.0547612254512
23162,CERETE,CORDOBA,cabecera,primary,8144.897331630835
23162,CERETE,CORDOBA,cabecera,residential,144129.97906968318
23162,CERETE,CORDOBA,cabecera,secondary,3159.613431364734
23162,CERETE,CORDOBA,cabecera,service,12801.724724119678
23162,CERETE,CORDOBA,cabecera,tertiary,8101.111172977305
23162,CERETE,CORDOBA,cabecera,track,1259.9732322185778
23162,CERETE,CORDOBA,cabecera,trunk,8490.045502635927
23162,CERETE,CORDOBA,cabecera,unclassified,7855.296324932271
23162,CERETE,CORDOBA,cabecera,unknown,783.0052308142497
23162,CERETE,CORDOBA,centro_poblado,footway,1248.4266322127016
23162,CERETE,CORDOBA,centro_poblado,path,94.21489932497335
23162,CERETE,CORDOBA,centro_poblado,primary,338.0893178746901
23162,CERETE,CORDOBA,centro_poblado,residential,46827.41056056778
23162,CERETE,CORDOBA,centro_poblado,service,1385.1268847655438
23162,CERETE,CORDOBA,centro_poblado,tertiary,1776.5520890441082
23162,CERETE,CORDOBA,centro_poblado,track,678.2359350425219
23162,CERETE,CORDOBA,centro_poblado,trunk,3159.3459028563407
23162,CERETE,CORDOBA,centro_poblado,unclassified,11892.67121903824
23162,CERETE,CORDOBA,rural,cycleway,1371.4230478444244
23162,CERETE,CORDOBA,rural,footway,1267.8950826966038
23162,CERETE,CORDOBA,rural,path,841.877275295794
23162,CERETE,CORDOBA,rural,primary,14996.978849998266
23162,CERETE,CORDOBA,rural,residential,49545.80493957818
23162,CERETE,CORDOBA,rural,secondary,148.23505982351878
23162,CERETE,CORDOBA,rural,service,24682.621298994894
23162,CERETE,CORDOBA,rural,tertiary,3014.39662961494
23162,CERETE,CORDOBA,rural,track,38205.19464322232
23162,CERETE,CORDOBA,rural,trunk,21055.847712837578
23162,CERETE,CORDOBA,rural,unclassified,237004.62464080338
23162,CERETE,CORDOBA,rural,unknown,130.3554858659064
23168,CHIMA,CORDOBA,cabecera,pedestrian,161.75023809424556
23168,CHIMA,CORDOBA,cabecera,residential,9740.586999920502
23168,CHIMA,CORDOBA,cabecera,service,171.21795170023643
23168,CHIMA,CORDOBA,cabecera,tertiary,118.27246063511137
23168,CHIMA,CORDOBA,cabecera,unclassified,96.6978389966622
23168,CHIMA,CORDOBA,centro_poblado,residential,20492.55880290707
23168,CHIMA,CORDOBA,centro_poblado,secondary,107.66721986785058
23168,CHIMA,CORDOBA,centro_poblado,tertiary,796.313900891621
23168,CHIMA,CORDOBA,centro_poblado,track,591.4594124579984
23168,CHIMA,CORDOBA,centro_poblado,unclassified,2565.603744435001
23168,CHIMA,CORDOBA,rural,bridleway,7966.956983857429
23168,CHIMA,CORDOBA,rural,footway,113.44939580304745
23168,CHIMA,CORDOBA,rural,path,1964.9685797518173
23168,CHIMA,CORDOBA,rural,pedestrian,91.50470427970332
23168,CHIMA,CORDOBA,rural,residential,10513.000955732841
23168,CHIMA,CORDOBA,rural,secondary,6070.80984629183
23168,CHIMA,CORDOBA,rural,service,8986.071138160987
23168,CHIMA,CORDOBA,rural,tertiary,20559.83574376053
23168,CHIMA,CORDOBA,rural,track,52175.72606146533
23168,CHIMA,CORDOBA,rural,unclassified,58870.42655487156
23182,CHINU,CORDOBA,cabecera,footway,126.23577513871152
23182,CHINU,CORDOBA,cabecera,path,764.6738474294588
23182,CHINU,CORDOBA,cabecera,pedestrian,77.22351670590324
23182,CHINU,CORDOBA,cabecera,residential,51233.30452951283
23182,CHINU,CORDOBA,cabecera,secondary,1150.727400552973
23182,CHINU,CORDOBA,cabecera,service,2593.0581456988207
23182,CHINU,CORDOBA,cabecera,tertiary,8707.341585641898
23182,CHINU,CORDOBA,cabecera,track,246.7680468400972
23182,CHINU,CORDOBA,cabecera,trunk,3449.3139641600173
23182,CHINU,CORDOBA,cabecera,unclassified,184.97380509005427
23182,CHINU,CORDOBA,centro_poblado,residential,17163.932861565107
23182,CHINU,CORDOBA,centro_poblado,secondary,279.4305854034072
23182,CHINU,CORDOBA,centro_poblado,service,111.05278442971192
23182,CHINU,CORDOBA,centro_poblado,tertiary,6429.192350310148
23182,CHINU,CORDOBA,centro_poblado,track,392.0164329393489
23182,CHINU,CORDOBA,centro_poblado,trunk,1702.5123445454492
23182,CHINU,CORDOBA,centro_poblado,unclassified,15920.476226494711
23182,CHINU,CORDOBA,rural,cycleway,1361.9964119322399
23182,CHINU,CORDOBA,rural,path,666.0350186842817
23182,CHINU,CORDOBA,rural,pedestrian,64.52319204123894
23182,CHINU,CORDOBA,rural,residential,19242.00274216516
23182,CHINU,CORDOBA,rural,secondary,10874.844820445578
23182,CHINU,CORDOBA,rural,service,22215.99093364974
23182,CHINU,CORDOBA,rural,tertiary,69125.94954752194
23182,CHINU,CORDOBA,rural,track,54221.553680877165
23182,CHINU,CORDOBA,rural,trunk,14889.380855984095
23182,CHINU,CORDOBA,rural,unclassified,273827.8311556596
23189,CIENAGA DE ORO,CORDOBA,cabecera,footway,185.2123469417963
23189,CIENAGA DE ORO,CORDOBA,cabecera,path,431.45754088504003
23189,CIENAGA DE ORO,CORDOBA,cabecera,pedestrian,900.0514161673682
23189,CIENAGA DE ORO,CORDOBA,cabecera,residential,51116.46665418579
23189,CIENAGA DE ORO,CORDOBA,cabecera,secondary,2619.5826103550776
23189,CIENAGA DE ORO,CORDOBA,cabecera,service,1673.1318057232493
23189,CIENAGA DE ORO,CORDOBA,cabecera,tertiary,2163.741648448894
23189,CIENAGA DE ORO,CORDOBA,cabecera,trunk,7942.362234222264
23189,CIENAGA DE ORO,CORDOBA,cabecera,unclassified,512.3715402156508
23189,CIENAGA DE ORO,CORDOBA,centro_poblado,footway,44.13386346779642
23189,CIENAGA DE ORO,CORDOBA,centro_poblado,residential,24822.807864621762
23189,CIENAGA DE ORO,CORDOBA,centro_poblado,service,1263.4818153070325
23189,CIENAGA DE ORO,CORDOBA,centro_poblado,tertiary,873.6863919642349
23189,CIENAGA DE ORO,CORDOBA,centro_poblado,trunk,1752.387825779465
23189,CIENAGA DE ORO,CORDOBA,centro_poblado,unclassified,10503.430747558254
23189,CIENAGA DE ORO,CORDOBA,rural,bridleway,144.38096423358772
23189,CIENAGA DE ORO,CORDOBA,rural,footway,361.25764077722516
23189,CIENAGA DE ORO,CORDOBA,rural,path,1548.1774394425227
23189,CIENAGA DE ORO,CORDOBA,rural,pedestrian,18.37369157172258
23189,CIENAGA DE ORO,CORDOBA,rural,residential,29890.85699120215
23189,CIENAGA DE ORO,CORDOBA,rural,secondary,11339.125083368475
23189,CIENAGA DE ORO,CORDOBA,rural,service,33324.710129790474
23189,CIENAGA DE ORO,CORDOBA,rural,tertiary,20432.971433079183
23189,CIENAGA DE ORO,CORDOBA,rural,track,28935.53837587458
23189,CIENAGA DE ORO,CORDOBA,rural,trunk,27192.35555498928
23189,CIENAGA DE ORO,CORDOBA,rural,unclassified,392719.60710707156
23300,COTORRA (BONGO),CORDOBA,cabecera,residential,15778.264721391812
23300,COTORRA (BONGO),CORDOBA,cabecera,service,1013.3929818645856
23300,COTORRA (BONGO),CORDOBA,cabecera,tertiary,3815.8786859464144
23300,COTORRA (BONGO),CORDOBA,cabecera,track,320.4261563164261
23300,COTORRA (BONGO),CORDOBA,cabecera,unclassified,4373.153740633551
23300,COTORRA (BONGO),CORDOBA,centro_poblado,footway,37.420520090161034
23300,COTORRA (BONGO),CORDOBA,centro_poblado,path,889.745561922021
23300,COTORRA (BONGO),CORDOBA,centro_poblado,primary,1226.280269471264
23300,COTORRA (BONGO),CORDOBA,centro_poblado,residential,8548.618872650339
23300,COTORRA (BONGO),CORDOBA,centro_poblado,service,172.84063060188444
23300,COTORRA (BONGO),CORDOBA,centro_poblado,tertiary,1210.8463114694018
23300,COTORRA (BONGO),CORDOBA,centro_poblado,track,11986.084419728497
23300,COTORRA (BONGO),CORDOBA,centro_poblado,unclassified,4010.737192644059
23300,COTORRA (BONGO),CORDOBA,rural,bridleway,3058.1951417706923
23300,COTORRA (BONGO),CORDOBA,rural,footway,31.706809433067047
23300,COTORRA (BONGO),CORDOBA,rural,path,721.4109941167708
23300,COTORRA (BONGO),CORDOBA,rural,primary,9291.968833821751
23300,COTORRA (BONGO),CORDOBA,rural,residential,10501.478436205576
23300,COTORRA (BONGO),CORDOBA,rural,service,2051.9398135395622
23300,COTORRA (BONGO),CORDOBA,rural,tertiary,11803.265539153052
23300,COTORRA (BONGO),CORDOBA,rural,track,72914.53830512369
23300,COTORRA (BONGO),CORDOBA,rural,unclassified,27950.384649213873
23417,LORICA,CORDOBA,cabecera,footway,283.2590957543
23417,LORICA,CORDOBA,cabecera,path,117.39885480942998
23417,LORICA,CORDOBA,cabecera,primary,3856.454267764761
23417,LORICA,CORDOBA,cabecera,residential,134220.73967488308
23417,LORICA,CORDOBA,cabecera,secondary,2751.9380880846725
23417,LORICA,CORDOBA,cabecera,service,2005.233239111475
23417,LORICA,CORDOBA,cabecera,steps,1266.0816693772056
23417,LORICA,CORDOBA,cabecera,track,2047.4815465733152
23417,LORICA,CORDOBA,cabecera,unclassified,3084.621623002349
23417,LORICA,CORDOBA,centro_poblado,footway,102.79937094538136
23417,LORICA,CORDOBA,centro_poblado,path,283.8439930075609
23417,LORICA,CORDOBA,centro_poblado,primary,1146.8030720191841
23417,LORICA,CORDOBA,centro_poblado,residential,61425.57608999811
23417,LORICA,CORDOBA,centro_poblado,secondary,1853.9235316139732
23417,LORICA,CORDOBA,centro_poblado,service,514.9153495541025
23417,LORICA,CORDOBA,centro_poblado,tertiary,11618.137937990892
23417,LORICA,CORDOBA,centro_poblado,track,2739.56197943147
23417,LORICA,CORDOBA,centro_poblado,unclassified,8630.289864076341
23417,LORICA,CORDOBA,rural,bridleway,5751.959752320896
23417,LORICA,CORDOBA,rural,footway,500.9121091971178
23417,LORICA,CORDOBA,rural,path,43412.09173481426
23417,LORICA,CORDOBA,rural,primary,44603.8659690636
23417,LORICA,CORDOBA,rural,residential,43147.97223136189
23417,LORICA,CORDOBA,rural,secondary,25318.988452797137
23417,LORICA,CORDOBA,rural,service,40413.29396328756
23417,LORICA,CORDOBA,rural,tertiary,114783.5303572948
23417,LORICA,CORDOBA,rural,track,330377.2684337854
23417,LORICA,CORDOBA,rural,unclassified,327808.9674052093
23419,LOS CORDOBAS,CORDOBA,cabecera,footway,44.64932540574739
23419,LOS CORDOBAS,CORDOBA,cabecera,residential,7773.598671444555
23419,LOS CORDOBAS,CORDOBA,cabecera,tertiary,2512.967284674827
23419,LOS CORDOBAS,CORDOBA,cabecera,unclassified,309.70107817584517
23419,LOS CORDOBAS,CORDOBA,centro_poblado,footway,63.93025014393673
23419,LOS CORDOBAS,CORDOBA,centro_poblado,path,199.7137165885109
23419,LOS CORDOBAS,CORDOBA,centro_poblado,residential,10381.961472861054
23419,LOS CORDOBAS,CORDOBA,centro_poblado,service,81.75985666363141
23419,LOS CORDOBAS,CORDOBA,centro_poblado,tertiary,783.6117196323921
23419,LOS CORDOBAS,CORDOBA,centro_poblado,track,19.800648659103526
23419,LOS CORDOBAS,CORDOBA,centro_poblado,trunk,298.7211998095048
23419,LOS CORDOBAS,CORDOBA,centro_poblado,unclassified,3311.9086974546776
23419,LOS CORDOBAS,CORDOBA,rural,bridleway,1196.4463120506819
23419,LOS CORDOBAS,CORDOBA,rural,path,1359.9352821464704
23419,LOS CORDOBAS,CORDOBA,rural,residential,2680.091656334756
23419,LOS CORDOBAS,CORDOBA,rural,service,468.13966052863066
23419,LOS CORDOBAS,CORDOBA,rural,tertiary,18344.125335106615
23419,LOS CORDOBAS,CORDOBA,rural,track,21931.53322874181
23419,LOS CORDOBAS,CORDOBA,rural,trunk,32297.21118740362
23419,LOS CORDOBAS,CORDOBA,rural,unclassified,168012.8184591573
23464,MOMIL,CORDOBA,cabecera,residential,30014.457630599463
23464,MOMIL,CORDOBA,cabecera,secondary,447.4294565248814
23464,MOMIL,CORDOBA,cabecera,service,12.145416809332616
23464,MOMIL,CORDOBA,cabecera,tertiary,3486.6329279149813
23464,MOMIL,CORDOBA,centro_poblado,residential,7434.361314340495
23464,MOMIL,CORDOBA,centro_poblado,secondary,1029.492038634445
23464,MOMIL,CORDOBA,centro_poblado,service,272.3301672123836
23464,MOMIL,CORDOBA,centro_poblado,tertiary,483.5724355313846
23464,MOMIL,CORDOBA,centro_poblado,unclassified,12.472302515370076
23464,MOMIL,CORDOBA,rural,footway,36.58715377454313
23464,MOMIL,CORDOBA,rural,path,8613.535011603279
23464,MOMIL,CORDOBA,rural,residential,1732.3924000860857
23464,MOMIL,CORDOBA,rural,secondary,25375.67912000121
23464,MOMIL,CORDOBA,rural,service,15513.209330147736
23464,MOMIL,CORDOBA,rural,tertiary,11287.194104082455
23464,MOMIL,CORDOBA,rural,track,19491.30078656634
23464,MOMIL,CORDOBA,rural,unclassified,22395.05517863986
23466,MONTELIBANO,CORDOBA,cabecera,footway,2419.720116818128
23466,MONTELIBANO,CORDOBA,cabecera,living_street,376.1364529690031
23466,MONTELIBANO,CORDOBA,cabecera,path,517.863118750256
23466,MONTELIBANO,CORDOBA,cabecera,residential,133323.0179986232
23466,MONTELIBANO,CORDOBA,cabecera,secondary,4288.4424415161875
23466,MONTELIBANO,CORDOBA,cabecera,service,11214.313164957895
23466,MONTELIBANO,CORDOBA,cabecera,tertiary,13714.664404205203
23466,MONTELIBANO,CORDOBA,cabecera,track,2078.3734303440106
23466,MONTELIBANO,CORDOBA,cabecera,unclassified,6858.2638525482525
23466,MONTELIBANO,CORDOBA,centro_poblado,footway,101.95917459745768
23466,MONTELIBANO,CORDOBA,centro_poblado,residential,34221.050198529774
23466,MONTELIBANO,CORDOBA,centro_poblado,track,130.37456862953815
23466,MONTELIBANO,CORDOBA,centro_poblado,unclassified,1766.1220405973256
23466,MONTELIBANO,CORDOBA,rural,path,2440.9608153533854
23466,MONTELIBANO,CORDOBA,rural,residential,24262.97030846571
23466,MONTELIBANO,CORDOBA,rural,secondary,18731.76233350124
23466,MONTELIBANO,CORDOBA,rural,service,9850.399733327231
23466,MONTELIBANO,CORDOBA,rural,tertiary,29190.272905396738
23466,MONTELIBANO,CORDOBA,rural,track,59175.85177010518
23466,MONTELIBANO,CORDOBA,rural,unclassified,321861.693527373
23500,MOÑITOS,CORDOBA,cabecera,residential,19590.81369355011
23500,MOÑITOS,CORDOBA,cabecera,unclassified,200.60728951579574
23500,MOÑITOS,CORDOBA,centro_poblado,path,33.063338032945374
23500,MOÑITOS,CORDOBA,centro_poblado,residential,12752.053551084151
23500,MOÑITOS,CORDOBA,centro_poblado,secondary,775.2448005580826
23500,MOÑITOS,CORDOBA,centro_poblado,tertiary,1043.2064136931995
23500,MOÑITOS,CORDOBA,centro_poblado,track,261.70803434990154
23500,MOÑITOS,CORDOBA,centro_poblado,unclassified,86.99393375937848
23500,MOÑITOS,CORDOBA,rural,footway,1674.7042184427619
23500,MOÑITOS,CORDOBA,rural,path,6512.849287196019
23500,MOÑITOS,CORDOBA,rural,residential,18253.338732272638
23500,MOÑITOS,CORDOBA,rural,secondary,23504.763265822876
23500,MOÑITOS,CORDOBA,rural,steps,116.72567613071479
23500,MOÑITOS,CORDOBA,rural,tertiary,3597.4956737165803
23500,MOÑITOS,CORDOBA,rural,track,9898.641337287376
23500,MOÑITOS,CORDOBA,rural,unclassified,245758.69088655763
23555,PLANETA RICA,CORDOBA,cabecera,footway,125.83712325451813
23555,PLANETA RICA,CORDOBA,cabecera,path,1032.4666165535834
23555,PLANETA RICA,CORDOBA,cabecera,pedestrian,27.21098123985169
23555,PLANETA RICA,CORDOBA,cabecera,residential,79381.19793659692
23555,PLANETA RICA,CORDOBA,cabecera,secondary,2384.1258705998716
23555,PLANETA RICA,CORDOBA,cabecera,service,2001.394534291003
23555,PLANETA RICA,CORDOBA,cabecera,trunk,4350.301877545683
23555,PLANETA RICA,CORDOBA,cabecera,unclassified,2151.3534962500435
23555,PLANETA RICA,CORDOBA,centro_poblado,path,510.97103260620645
23555,PLANETA RICA,CORDOBA,centro_poblado,residential,26573.50162965885
23555,PLANETA RICA,CORDOBA,centro_poblado,service,187.63855472987473
23555,PLANETA RICA,CORDOBA,centro_poblado,tertiary,2895.4111918440562
23555,PLANETA RICA,CORDOBA,centro_poblado,track,14.222716095511538
23555,PLANETA RICA,CORDOBA,centro_poblado,trunk,824.2763559776399
23555,PLANETA RICA,CORDOBA,centro_poblado,unclassified,7998.954197959513
23555,PLANETA RICA,CORDOBA,rural,footway,65.12545435108512
23555,PLANETA RICA,CORDOBA,rural,path,31.87898905328077
23555,PLANETA RICA,CORDOBA,rural,residential,12464.017071948645
23555,PLANETA RICA,CORDOBA,rural,service,38966.35422769659
23555,PLANETA RICA,CORDOBA,rural,tertiary,31447.78820295708
23555,PLANETA RICA,CORDOBA,rural,track,68934.06026242457
23555,PLANETA RICA,CORDOBA,rural,trunk,41356.78753414265
23555,PLANETA RICA,CORDOBA,rural,unclassified,454978.49887523707
23574,PUERTO ESCONDIDO,CORDOBA,cabecera,residential,10673.319933396391
23574,PUERTO ESCONDIDO,CORDOBA,cabecera,service,787.232927156884
23574,PUERTO ESCONDIDO,CORDOBA,cabecera,tertiary,3026.6706055337
23574,PUERTO ESCONDIDO,CORDOBA,cabecera,unclassified,3846.6960540082055
23574,PUERTO ESCONDIDO,CORDOBA,centro_poblado,residential,8944.103523519743
23574,PUERTO ESCONDIDO,CORDOBA,centro_poblado,tertiary,706.9418162171139
23574,PUERTO ESCONDIDO,CORDOBA,centro_poblado,track,25.149811610647347
23574,PUERTO ESCONDIDO,CORDOBA,centro_poblado,unclassified,3531.6612916966947
23574,PUERTO ESCONDIDO,CORDOBA,rural,residential,11690.277328379163
23574,PUERTO ESCONDIDO,CORDOBA,rural,service,1139.2894791081842
23574,PUERTO ESCONDIDO,CORDOBA,rural,tertiary,17080.134615598174
23574,PUERTO ESCONDIDO,CORDOBA,rural,track,39858.29713903162
23574,PUERTO ESCONDIDO,CORDOBA,rural,unclassified,264156.8945296679
23586,PURISIMA,CORDOBA,cabecera,residential,25434.882976058765
23586,PURISIMA,CORDOBA,cabecera,secondary,1434.9391177296486
23586,PURISIMA,CORDOBA,cabecera,service,953.9484807074911
23586,PURISIMA,CORDOBA,cabecera,tertiary,776.2105505757211
23586,PURISIMA,CORDOBA,cabecera,track,105.42563547983089
23586,PURISIMA,CORDOBA,cabecera,unclassified,151.3165391296431
23586,PURISIMA,CORDOBA,centro_poblado,residential,6560.031223316826
23586,PURISIMA,CORDOBA,centro_poblado,secondary,2808.492827115777
23586,PURISIMA,CORDOBA,centro_poblado,service,1002.1411604010225
23586,PURISIMA,CORDOBA,centro_poblado,tertiary,1338.9290853572527
23586,PURISIMA,CORDOBA,centro_poblado,track,223.2182542641669
23586,PURISIMA,CORDOBA,centro_poblado,unclassified,844.720400028799
23586,PURISIMA,CORDOBA,rural,path,9163.031944613584
23586,PURISIMA,CORDOBA,rural,residential,2691.1510222728684
23586,PURISIMA,CORDOBA,rural,secondary,8741.924272637802
23586,PURISIMA,CORDOBA,rural,service,9515.680609498446
23586,PURISIMA,CORDOBA,rural,tertiary,25753.099170671983
23586,PURISIMA,CORDOBA,rural,track,21802.61533163273
23586,PURISIMA,CORDOBA,rural,unclassified,20944.858480713054
23660,SAHAGUN,CORDOBA,cabecera,cycleway,6824.262508038896
23660,SAHAGUN,CORDOBA,cabecera,footway,194.88592056929363
23660,SAHAGUN,CORDOBA,cabecera,path,33.646854292005386
23660,SAHAGUN,CORDOBA,cabecera,pedestrian,162.0295734998977
23660,SAHAGUN,CORDOBA,cabecera,residential,130359.10281547972
23660,SAHAGUN,CORDOBA,cabecera,secondary,1080.9041124662062
23660,SAHAGUN,CORDOBA,cabecera,service,3332.651205975758
23660,SAHAGUN,CORDOBA,cabecera,tertiary,9526.89533416146
23660,SAHAGUN,CORDOBA,cabecera,track,2033.0869759536588
23660,SAHAGUN,CORDOBA,cabecera,trunk,9932.706536731286
23660,SAHAGUN,CORDOBA,cabecera,unclassified,7562.407793487416
23660,SAHAGUN,CORDOBA,centro_poblado,footway,333.2863754365387
23660,SAHAGUN,CORDOBA,centro_poblado,path,158.25707599801876
23660,SAHAGUN,CORDOBA,centro_poblado,residential,36887.75010504162
23660,SAHAGUN,CORDOBA,centro_poblado,secondary,1472.0320395318372
23660,SAHAGUN,CORDOBA,centro_poblado,service,1252.9276770240176
23660,SAHAGUN,CORDOBA,centro_poblado,tertiary,4578.928973778443
23660,SAHAGUN,CORDOBA,centro_poblado,track,230.2814118484164
23660,SAHAGUN,CORDOBA,centro_poblado,trunk,11359.429188844875
23660,SAHAGUN,CORDOBA,centro_poblado,unclassified,12796.69554392194
23660,SAHAGUN,CORDOBA,rural,cycleway,30.759101925352276
23660,SAHAGUN,CORDOBA,rural,footway,426.2458215269533
23660,SAHAGUN,CORDOBA,rural,path,449.814975408315
23660,SAHAGUN,CORDOBA,rural,residential,35800.13805965381
23660,SAHAGUN,CORDOBA,rural,secondary,25052.08981898346
23660,SAHAGUN,CORDOBA,rural,service,44196.970331989345
23660,SAHAGUN,CORDOBA,rural,tertiary,43755.07439449004
23660,SAHAGUN,CORDOBA,rural,track,70888.8000365967
23660,SAHAGUN,CORDOBA,rural,trunk,50527.38080223423
23660,SAHAGUN,CORDOBA,rural,unclassified,561980.6243351514
23670,SAN ANDRES DE SOTAVENTO,CORDOBA,cabecera,pedestrian,152.9443843382664
23670,SAN ANDRES DE SOTAVENTO,CORDOBA,cabecera,residential,14830.756273050527
23670,SAN ANDRES DE SOTAVENTO,CORDOBA,cabecera,secondary,1857.6818031480875
23670,SAN ANDRES DE SOTAVENTO,CORDOBA,cabecera,service,334.79169114082737
23670,SAN ANDRES DE SOTAVENTO,CORDOBA,cabecera,tertiary,2918.70510713704
23670,SAN ANDRES DE SOTAVENTO,CORDOBA,cabecera,track,178.45286783879703
23670,SAN ANDRES DE SOTAVENTO,CORDOBA,cabecera,unclassified,763.8830338403864
23670,SAN ANDRES DE SOTAVENTO,CORDOBA,centro_poblado,residential,4010.34361054635
23670,SAN ANDRES DE SOTAVENTO,CORDOBA,centro_poblado,tertiary,6812.506391108494
23670,SAN ANDRES DE SOTAVENTO,CORDOBA,centro_poblado,track,170.4564048831
23670,SAN ANDRES DE SOTAVENTO,CORDOBA,centro_poblado,unclassified,4521.309045035758
23670,SAN ANDRES DE SOTAVENTO,CORDOBA,rural,bridleway,1415.7681302436831
23670,SAN ANDRES DE SOTAVENTO,CORDOBA,rural,residential,9572.278238804172
23670,SAN ANDRES DE SOTAVENTO,CORDOBA,rural,secondary,8303.870985374386
23670,SAN ANDRES DE SOTAVENTO,CORDOBA,rural,service,362.6143031291824
23670,SAN ANDRES DE SOTAVENTO,CORDOBA,rural,tertiary,20181.27184969558
23670,SAN ANDRES DE SOTAVENTO,CORDOBA,rural,track,13665.415422597851
23670,SAN ANDRES DE SOTAVENTO,CORDOBA,rural,unclassified,138019.2317895586
23672,SAN ANTERO,CORDOBA,cabecera,path,31.00852885759825
23672,SAN ANTERO,CORDOBA,cabecera,pedestrian,95.33709675344096
23672,SAN ANTERO,CORDOBA,cabecera,primary,2189.372307004375
23672,SAN ANTERO,CORDOBA,cabecera,residential,38170.60393296745
23672,SAN ANTERO,CORDOBA,cabecera,service,440.28751489155945
23672,SAN ANTERO,CORDOBA,cabecera,tertiary,6979.844398711304
23672,SAN ANTERO,CORDOBA,cabecera,track,418.55294641793915
23672,SAN ANTERO,CORDOBA,cabecera,unclassified,1273.3258129154683
23672,SAN ANTERO,CORDOBA,centro_poblado,footway,544.4173531661783
23672,SAN ANTERO,CORDOBA,centro_poblado,path,124.49075424786766
23672,SAN ANTERO,CORDOBA,centro_poblado,primary,1340.3689866200452
23672,SAN ANTERO,CORDOBA,centro_poblado,residential,28792.411785926764
23672,SAN ANTERO,CORDOBA,centro_poblado,secondary,605.6382652574001
23672,SAN ANTERO,CORDOBA,centro_poblado,service,1313.9704399803743
23672,SAN ANTERO,CORDOBA,centro_poblado,tertiary,1439.8851968547574
23672,SAN ANTERO,CORDOBA,centro_poblado,track,420.2583542070463
23672,SAN ANTERO,CORDOBA,centro_poblado,unclassified,4013.0160772735167
23672,SAN ANTERO,CORDOBA,rural,cycleway,1116.4581763588767
23672,SAN ANTERO,CORDOBA,rural,footway,10.446532313643004
23672,SAN ANTERO,CORDOBA,rural,path,22945.67354873448
23672,SAN ANTERO,CORDOBA,rural,primary,13962.843819205542
23672,SAN ANTERO,CORDOBA,rural,residential,18680.57902317697
23672,SAN ANTERO,CORDOBA,rural,secondary,2084.3370112483035
23672,SAN ANTERO,CORDOBA,rural,service,22742.95247030754
23672,SAN ANTERO,CORDOBA,rural,tertiary,13267.21406770253
23672,SAN ANTERO,CORDOBA,rural,track,26352.126412994246
23672,SAN ANTERO,CORDOBA,rural,unclassified,52479.452424697156
23675,SAN BERNARDO DEL VIENTO,CORDOBA,cabecera,residential,23025.018055756955
23675,SAN BERNARDO DEL VIENTO,CORDOBA,cabecera,secondary,3848.0193932519887
23675,SAN BERNARDO DEL VIENTO,CORDOBA,cabecera,service,119.69700722938929
23675,SAN BERNARDO DEL VIENTO,CORDOBA,cabecera,track,615.5461229678266
23675,SAN BERNARDO DEL VIENTO,CORDOBA,cabecera,unclassified,2412.3843063339013
23675,SAN BERNARDO DEL VIENTO,CORDOBA,centro_poblado,pedestrian,109.09812193156706
23675,SAN BERNARDO DEL VIENTO,CORDOBA,centro_poblado,residential,20245.930533645234
23675,SAN BERNARDO DEL VIENTO,CORDOBA,centro_poblado,secondary,924.0190338308555
23675,SAN BERNARDO DEL VIENTO,CORDOBA,centro_poblado,unclassified,4023.1772187206943
23675,SAN BERNARDO DEL VIENTO,CORDOBA,rural,footway,73.90571277267671
23675,SAN BERNARDO DEL VIENTO,CORDOBA,rural,path,667.4503329537808
23675,SAN BERNARDO DEL VIENTO,CORDOBA,rural,residential,11658.153820665631
23675,SAN BERNARDO DEL VIENTO,CORDOBA,rural,secondary,19217.50822523334
23675,SAN BERNARDO DEL VIENTO,CORDOBA,rural,service,2548.601186065701
23675,SAN BERNARDO DEL VIENTO,CORDOBA,rural,track,37388.05253758197
23675,SAN BERNARDO DEL VIENTO,CORDOBA,rural,unclassified,226016.66777402072
23678,SAN CARLOS,CORDOBA,cabecera,primary,243.8073767287854
23678,SAN CARLOS,CORDOBA,cabecera,residential,13534.456975054243
23678,SAN CARLOS,CORDOBA,cabecera,tertiary,64.98891366475313
23678,SAN CARLOS,CORDOBA,cabecera,track,41.92473572571317
23678,SAN CARLOS,CORDOBA,cabecera,unclassified,487.65264468075867
23678,SAN CARLOS,CORDOBA,centro_poblado,primary,116.85921914932126
23678,SAN CARLOS,CORDOBA,centro_poblado,residential,14078.408469787488
23678,SAN CARLOS,CORDOBA,centro_poblado,service,214.28149562131108
23678,SAN CARLOS,CORDOBA,centro_poblado,tertiary,1595.3631334024703
23678,SAN CARLOS,CORDOBA,centro_poblado,track,188.70381623695175
23678,SAN CARLOS,CORDOBA,centro_poblado,trunk,303.97893596609504
23678,SAN CARLOS,CORDOBA,centro_poblado,unclassified,9295.587877290409
23678,SAN CARLOS,CORDOBA,rural,path,540.9962346037282
23678,SAN CARLOS,CORDOBA,rural,primary,25346.856167624002
23678,SAN CARLOS,CORDOBA,rural,residential,8322.59276226098
23678,SAN CARLOS,CORDOBA,rural,service,11997.324759711611
23678,SAN CARLOS,CORDOBA,rural,tertiary,30472.808068496994
23678,SAN CARLOS,CORDOBA,rural,track,40201.31550097237
23678,SAN CARLOS,CORDOBA,rural,trunk,2368.5346186339884
23678,SAN CARLOS,CORDOBA,rural,unclassified,284104.2789317666
23682,SAN JOSE DE URE,CORDOBA,cabecera,path,39.89909155162247
23682,SAN JOSE DE URE,CORDOBA,cabecera,pedestrian,117.84483893820465
23682,SAN JOSE DE URE,CORDOBA,cabecera,residential,11119.48065932993
23682,SAN JOSE DE URE,CORDOBA,cabecera,service,4.240624455880439
23682,SAN JOSE DE URE,CORDOBA,cabecera,tertiary,927.6361392319207
23682,SAN JOSE DE URE,CORDOBA,cabecera,unclassified,1207.5045119228735
23682,SAN JOSE DE URE,CORDOBA,centro_poblado,path,82.41498915586283
23682,SAN JOSE DE URE,CORDOBA,centro_poblado,residential,4217.181777935007
23682,SAN JOSE DE URE,CORDOBA,centro_poblado,service,153.8899531984435
23682,SAN JOSE DE URE,CORDOBA,centro_poblado,tertiary,289.32537390468497
23682,SAN JOSE DE URE,CORDOBA,centro_poblado,track,171.53283699646838
23682,SAN JOSE DE URE,CORDOBA,centro_poblado,unclassified,2186.4000748414137
23682,SAN JOSE DE URE,CORDOBA,rural,path,10700.642026048748
23682,SAN JOSE DE URE,CORDOBA,rural,residential,1451.988479562597
23682,SAN JOSE DE URE,CORDOBA,rural,secondary,816.5476399210362
23682,SAN JOSE DE URE,CORDOBA,rural,service,2409.9641369180886
23682,SAN JOSE DE URE,CORDOBA,rural,tertiary,14714.648979796195
23682,SAN JOSE DE URE,CORDOBA,rural,track,58252.768842375306
23682,SAN JOSE DE URE,CORDOBA,rural,unclassified,139322.53735017823
23686,SAN PELAYO,CORDOBA,cabecera,primary,5296.9396078186355
23686,SAN PELAYO,CORDOBA,cabecera,residential,27233.869145732493
23686,SAN PELAYO,CORDOBA,cabecera,service,177.12679217770966
23686,SAN PELAYO,CORDOBA,cabecera,tertiary,1268.8553795839337
23686,SAN PELAYO,CORDOBA,cabecera,track,794.888643807305
23686,SAN PELAYO,CORDOBA,cabecera,unclassified,1428.6403108537647
23686,SAN PELAYO,CORDOBA,centro_poblado,primary,3404.8343237337313
23686,SAN PELAYO,CORDOBA,centro_poblado,residential,27135.033601246683
23686,SAN PELAYO,CORDOBA,centro_poblado,secondary,1869.301830513831
23686,SAN PELAYO,CORDOBA,centro_poblado,service,254.19458938785056
23686,SAN PELAYO,CORDOBA,centro_poblado,tertiary,4497.2978544156285
23686,SAN PELAYO,CORDOBA,centro_poblado,track,929.6094878807097
23686,SAN PELAYO,CORDOBA,centro_poblado,unclassified,14745.182756168331
23686,SAN PELAYO,CORDOBA,centro_poblado,unknown,530.3516076017626
23686,SAN PELAYO,CORDOBA,rural,footway,666.3665117246305
23686,SAN PELAYO,CORDOBA,rural,path,1226.6543075194395
23686,SAN PELAYO,CORDOBA,rural,primary,20218.362508724655
23686,SAN PELAYO,CORDOBA,rural,residential,29561.740138790767
23686,SAN PELAYO,CORDOBA,rural,secondary,11380.637082655834
23686,SAN PELAYO,CORDOBA,rural,service,8802.387198144077
23686,SAN PELAYO,CORDOBA,rural,tertiary,41862.83565761787
23686,SAN PELAYO,CORDOBA,rural,track,59178.16782936972
23686,SAN PELAYO,CORDOBA,rural,unclassified,281723.74342790095
23686,SAN PELAYO,CORDOBA,rural,unknown,1349.127914352719
23807,TIERRALTA,CORDOBA,cabecera,footway,752.3676313976941
23807,TIERRALTA,CORDOBA,cabecera,path,8529.895829553192
23807,TIERRALTA,CORDOBA,cabecera,residential,106379.94957348313
23807,TIERRALTA,CORDOBA,cabecera,secondary,10802.76984902574
23807,TIERRALTA,CORDOBA,cabecera,service,2926.4305187116133
23807,TIERRALTA,CORDOBA,cabecera,tertiary,1048.8958870890297
23807,TIERRALTA,CORDOBA,cabecera,track,4600.646219189546
23807,TIERRALTA,CORDOBA,cabecera,unclassified,1888.8766406536397
23807,TIERRALTA,CORDOBA,centro_poblado,bridleway,23.971045380160923
23807,TIERRALTA,CORDOBA,centro_poblado,path,107.01562364520159
23807,TIERRALTA,CORDOBA,centro_poblado,pedestrian,171.6311534091637
23807,TIERRALTA,CORDOBA,centro_poblado,residential,32742.439334244795
23807,TIERRALTA,CORDOBA,centro_poblado,secondary,3114.2952200715517
23807,TIERRALTA,CORDOBA,centro_poblado,service,92.58264338879627
23807,TIERRALTA,CORDOBA,centro_poblado,tertiary,1184.0597254545366
23807,TIERRALTA,CORDOBA,centro_poblado,track,752.3846708513896
23807,TIERRALTA,CORDOBA,centro_poblado,unclassified,7331.42485474982
23807,TIERRALTA,CORDOBA,rural,bridleway,11726.658826957859
23807,TIERRALTA,CORDOBA,rural,footway,1106.8757272901034
23807,TIERRALTA,CORDOBA,rural,path,29044.279463646217
23807,TIERRALTA,CORDOBA,rural,residential,33048.70088716779
23807,TIERRALTA,CORDOBA,rural,secondary,25431.764326261553
23807,TIERRALTA,CORDOBA,rural,service,14151.44547224182
23807,TIERRALTA,CORDOBA,rural,tertiary,26331.77284743758
23807,TIERRALTA,CORDOBA,rural,track,176760.74313417138
23807,TIERRALTA,CORDOBA,rural,unclassified,502286.87884902064
23855,VALENCIA,CORDOBA,cabecera,residential,43796.47062230716
23855,VALENCIA,CORDOBA,cabecera,secondary,6011.860652618791
23855,VALENCIA,CORDOBA,cabecera,service,1299.1962034578778
23855,VALENCIA,CORDOBA,cabecera,tertiary,1945.134120654664
23855,VALENCIA,CORDOBA,cabecera,track,1056.9534520477546
23855,VALENCIA,CORDOBA,cabecera,unclassified,3948.7230455571253
23855,VALENCIA,CORDOBA,centro_poblado,path,63.31350090571182
23855,VALENCIA,CORDOBA,centro_poblado,pedestrian,227.04656718537555
23855,VALENCIA,CORDOBA,centro_poblado,residential,12402.65808465741
23855,VALENCIA,CORDOBA,centro_poblado,service,21.12664741361637
23855,VALENCIA,CORDOBA,centro_poblado,tertiary,1598.3344696893844
23855,VALENCIA,CORDOBA,centro_poblado,unclassified,3197.2448802147624
23855,VALENCIA,CORDOBA,rural,bridleway,14516.631706993983
23855,VALENCIA,CORDOBA,rural,path,30814.15650995636
23855,VALENCIA,CORDOBA,rural,pedestrian,351.6700386883116
23855,VALENCIA,CORDOBA,rural,residential,21594.828115654684
23855,VALENCIA,CORDOBA,rural,secondary,30745.427385181203
23855,VALENCIA,CORDOBA,rural,service,8968.283232470389
23855,VALENCIA,CORDOBA,rural,tertiary,50861.45663405832
23855,VALENCIA,CORDOBA,rural,track,99418.95728211898
23855,VALENCIA,CORDOBA,rural,unclassified,438660.5728497923
25001,AGUA DE DIOS,CUNDINAMARCA,cabecera,path,217.0356319415129
25001,AGUA DE DIOS,CUNDINAMARCA,cabecera,residential,34154.594427096694
25001,AGUA DE DIOS,CUNDINAMARCA,cabecera,service,695.0084838233804
25001,AGUA DE DIOS,CUNDINAMARCA,cabecera,tertiary,6445.490165643583
25001,AGUA DE DIOS,CUNDINAMARCA,cabecera,unclassified,3847.480004261936
25001,AGUA DE DIOS,CUNDINAMARCA,rural,residential,8089.278068990036
25001,AGUA DE DIOS,CUNDINAMARCA,rural,service,12982.288444723492
25001,AGUA DE DIOS,CUNDINAMARCA,rural,tertiary,16908.767360664137
25001,AGUA DE DIOS,CUNDINAMARCA,rural,track,2680.2803740479812
25001,AGUA DE DIOS,CUNDINAMARCA,rural,unclassified,80920.01097499342
25035,ANAPOIMA,CUNDINAMARCA,cabecera,bridleway,156.8124468919778
25035,ANAPOIMA,CUNDINAMARCA,cabecera,cycleway,1647.5893449960665
25035,ANAPOIMA,CUNDINAMARCA,cabecera,footway,1389.3676883887053
25035,ANAPOIMA,CUNDINAMARCA,cabecera,path,50.08937522388937
25035,ANAPOIMA,CUNDINAMARCA,cabecera,pedestrian,190.05423147199616
25035,ANAPOIMA,CUNDINAMARCA,cabecera,primary,3337.2749238390293
25035,ANAPOIMA,CUNDINAMARCA,cabecera,residential,47489.64701663884
25035,ANAPOIMA,CUNDINAMARCA,cabecera,service,6372.380617858857
25035,ANAPOIMA,CUNDINAMARCA,cabecera,tertiary,6172.543721701836
25035,ANAPOIMA,CUNDINAMARCA,cabecera,track,1271.466536904714
25035,ANAPOIMA,CUNDINAMARCA,cabecera,unclassified,1970.6898365199843
25035,ANAPOIMA,CUNDINAMARCA,centro_poblado,path,85.94041103698463
25035,ANAPOIMA,CUNDINAMARCA,centro_poblado,residential,2326.244831502352
25035,ANAPOIMA,CUNDINAMARCA,centro_poblado,secondary,257.2791241303235
25035,ANAPOIMA,CUNDINAMARCA,centro_poblado,service,183.17339965970496
25035,ANAPOIMA,CUNDINAMARCA,centro_poblado,tertiary,688.7908071632592
25035,ANAPOIMA,CUNDINAMARCA,centro_poblado,track,83.00749131013954
25035,ANAPOIMA,CUNDINAMARCA,centro_poblado,unclassified,400.2244469096736
25035,ANAPOIMA,CUNDINAMARCA,rural,bridleway,794.2394075050308
25035,ANAPOIMA,CUNDINAMARCA,rural,cycleway,983.9791222315654
25035,ANAPOIMA,CUNDINAMARCA,rural,footway,782.3593880274259
25035,ANAPOIMA,CUNDINAMARCA,rural,path,5798.158067992512
25035,ANAPOIMA,CUNDINAMARCA,rural,pedestrian,485.25607610960947
25035,ANAPOIMA,CUNDINAMARCA,rural,primary,9143.287454213398
25035,ANAPOIMA,CUNDINAMARCA,rural,residential,94477.51400279693
25035,ANAPOIMA,CUNDINAMARCA,rural,secondary,8847.589070404809
25035,ANAPOIMA,CUNDINAMARCA,rural,service,29686.10957391433
25035,ANAPOIMA,CUNDINAMARCA,rural,tertiary,45789.38709752806
25035,ANAPOIMA,CUNDINAMARCA,rural,track,13435.898714804556
25035,ANAPOIMA,CUNDINAMARCA,rural,unclassified,160540.21163241708
25040,ANOLAIMA,CUNDINAMARCA,cabecera,footway,463.0830475189951
25040,ANOLAIMA,CUNDINAMARCA,cabecera,path,110.82475910445531
25040,ANOLAIMA,CUNDINAMARCA,cabecera,residential,9998.022739011592
25040,ANOLAIMA,CUNDINAMARCA,cabecera,service,618.2489497220391
25040,ANOLAIMA,CUNDINAMARCA,cabecera,steps,117.46937306408199
25040,ANOLAIMA,CUNDINAMARCA,cabecera,tertiary,3588.6655523865793
25040,ANOLAIMA,CUNDINAMARCA,cabecera,track,157.21412705566024
25040,ANOLAIMA,CUNDINAMARCA,cabecera,unclassified,1183.4187700285054
25040,ANOLAIMA,CUNDINAMARCA,centro_poblado,residential,4673.803439817352
25040,ANOLAIMA,CUNDINAMARCA,centro_poblado,service,110.96252076377301
25040,ANOLAIMA,CUNDINAMARCA,centro_poblado,tertiary,1457.5267248968185
25040,ANOLAIMA,CUNDINAMARCA,centro_poblado,unclassified,2640.4724969896542
25040,ANOLAIMA,CUNDINAMARCA,rural,bridleway,3263.6919555311033
25040,ANOLAIMA,CUNDINAMARCA,rural,residential,9384.053736843038
25040,ANOLAIMA,CUNDINAMARCA,rural,service,14010.159522676688
25040,ANOLAIMA,CUNDINAMARCA,rural,tertiary,48444.55017393675
25040,ANOLAIMA,CUNDINAMARCA,rural,track,19655.215208667465
25040,ANOLAIMA,CUNDINAMARCA,rural,unclassified,172286.23259329633
25053,ARBELAEZ,CUNDINAMARCA,cabecera,footway,331.6763413779257
25053,ARBELAEZ,CUNDINAMARCA,cabecera,residential,15932.110915666166
25053,ARBELAEZ,CUNDINAMARCA,cabecera,service,1683.5878024958586
25053,ARBELAEZ,CUNDINAMARCA,cabecera,steps,34.98488979796883
25053,ARBELAEZ,CUNDINAMARCA,cabecera,tertiary,2457.967401418341
25053,ARBELAEZ,CUNDINAMARCA,cabecera,unclassified,1301.4267201893317
25053,ARBELAEZ,CUNDINAMARCA,centro_poblado,tertiary,138.0474931835804
25053,ARBELAEZ,CUNDINAMARCA,centro_poblado,unclassified,1057.6272360655123
25053,ARBELAEZ,CUNDINAMARCA,rural,path,81.67817190324386
25053,ARBELAEZ,CUNDINAMARCA,rural,residential,31758.312874178802
25053,ARBELAEZ,CUNDINAMARCA,rural,service,10542.633188824162
25053,ARBELAEZ,CUNDINAMARCA,rural,tertiary,14191.605948594515
25053,ARBELAEZ,CUNDINAMARCA,rural,track,4624.957717113231
25053,ARBELAEZ,CUNDINAMARCA,rural,unclassified,130853.84328986169
25099,BOJACA,CUNDINAMARCA,cabecera,footway,1000.8203851572877
25099,BOJACA,CUNDINAMARCA,cabecera,residential,12036.520153597481
25099,BOJACA,CUNDINAMARCA,cabecera,service,334.54620277179856
25099,BOJACA,CUNDINAMARCA,cabecera,tertiary,1406.472515524952
25099,BOJACA,CUNDINAMARCA,cabecera,track,133.0694037473832
25099,BOJACA,CUNDINAMARCA,cabecera,unclassified,1691.5667104531053
25099,BOJACA,CUNDINAMARCA,rural,bridleway,9457.821893111084
25099,BOJACA,CUNDINAMARCA,rural,cycleway,2849.6488816124306
25099,BOJACA,CUNDINAMARCA,rural,footway,636.4693335736965
25099,BOJACA,CUNDINAMARCA,rural,path,13214.199178545494
25099,BOJACA,CUNDINAMARCA,rural,primary,21724.415571538557
25099,BOJACA,CUNDINAMARCA,rural,residential,7898.46545854369
25099,BOJACA,CUNDINAMARCA,rural,service,34092.50255867675
25099,BOJACA,CUNDINAMARCA,rural,tertiary,28064.532310096176
25099,BOJACA,CUNDINAMARCA,rural,track,30193.044496006343
25099,BOJACA,CUNDINAMARCA,rural,unclassified,60418.758721166494
25126,CAJICA,CUNDINAMARCA,cabecera,cycleway,6016.205323538747
25126,CAJICA,CUNDINAMARCA,cabecera,footway,3079.819024633558
25126,CAJICA,CUNDINAMARCA,cabecera,path,473.6671760271939
25126,CAJICA,CUNDINAMARCA,cabecera,pedestrian,58.44043286770154
25126,CAJICA,CUNDINAMARCA,cabecera,residential,85147.33750107506
25126,CAJICA,CUNDINAMARCA,cabecera,secondary,4908.708023778066
25126,CAJICA,CUNDINAMARCA,cabecera,service,19750.000032285352
25126,CAJICA,CUNDINAMARCA,cabecera,tertiary,751.1933191157784
25126,CAJICA,CUNDINAMARCA,cabecera,trunk,2936.007912072041
25126,CAJICA,CUNDINAMARCA,cabecera,unclassified,588.0042596379832
25126,CAJICA,CUNDINAMARCA,centro_poblado,cycleway,1809.9540682440784
25126,CAJICA,CUNDINAMARCA,centro_poblado,footway,6694.9320010381625
25126,CAJICA,CUNDINAMARCA,centro_poblado,residential,52545.660916564244
25126,CAJICA,CUNDINAMARCA,centro_poblado,secondary,883.6552516576941
25126,CAJICA,CUNDINAMARCA,centro_poblado,service,18710.433575890514
25126,CAJICA,CUNDINAMARCA,centro_poblado,tertiary,900.3110681011747
25126,CAJICA,CUNDINAMARCA,centro_poblado,track,54.18454066320095
25126,CAJICA,CUNDINAMARCA,centro_poblado,trunk,2217.89944731096
25126,CAJICA,CUNDINAMARCA,centro_poblado,unclassified,191.2487736700149
25126,CAJICA,CUNDINAMARCA,rural,bridleway,1612.6223221275222
25126,CAJICA,CUNDINAMARCA,rural,cycleway,9447.354211542242
25126,CAJICA,CUNDINAMARCA,rural,footway,5571.337158466543
25126,CAJICA,CUNDINAMARCA,rural,path,2760.7997441410444
25126,CAJICA,CUNDINAMARCA,rural,residential,81452.531584173
25126,CAJICA,CUNDINAMARCA,rural,secondary,7804.670302505726
25126,CAJICA,CUNDINAMARCA,rural,service,74784.31327903389
25126,CAJICA,CUNDINAMARCA,rural,steps,42.75296856765561
25126,CAJICA,CUNDINAMARCA,rural,tertiary,5343.843250124441
25126,CAJICA,CUNDINAMARCA,rural,track,11958.264202539955
25126,CAJICA,CUNDINAMARCA,rural,trunk,22642.457675260866
25126,CAJICA,CUNDINAMARCA,rural,unclassified,28984.85972778749
25126,CAJICA,CUNDINAMARCA,rural,unknown,138.98001218805678
25148,CAPARRAPI,CUNDINAMARCA,cabecera,residential,6554.975804220077
25148,CAPARRAPI,CUNDINAMARCA,cabecera,tertiary,2849.9540423077965
25148,CAPARRAPI,CUNDINAMARCA,cabecera,track,83.24325405693818
25148,CAPARRAPI,CUNDINAMARCA,cabecera,unclassified,362.5516400959466
25148,CAPARRAPI,CUNDINAMARCA,centro_poblado,footway,23.892025985581306
25148,CAPARRAPI,CUNDINAMARCA,centro_poblado,residential,4130.203057287387
25148,CAPARRAPI,CUNDINAMARCA,centro_poblado,service,780.8360240392512
25148,CAPARRAPI,CUNDINAMARCA,centro_poblado,tertiary,968.8260048220493
25148,CAPARRAPI,CUNDINAMARCA,centro_poblado,track,180.37736148107547
25148,CAPARRAPI,CUNDINAMARCA,centro_poblado,unclassified,983.8028852279685
25148,CAPARRAPI,CUNDINAMARCA,rural,bridleway,4994.306673968984
25148,CAPARRAPI,CUNDINAMARCA,rural,footway,13.659622620535728
25148,CAPARRAPI,CUNDINAMARCA,rural,residential,3640.071418464489
25148,CAPARRAPI,CUNDINAMARCA,rural,service,28129.02318075715
25148,CAPARRAPI,CUNDINAMARCA,rural,tertiary,45245.92895162821
25148,CAPARRAPI,CUNDINAMARCA,rural,track,47041.009443357085
25148,CAPARRAPI,CUNDINAMARCA,rural,trunk,57254.01779369799
25148,CAPARRAPI,CUNDINAMARCA,rural,unclassified,208359.04615379998
25151,CAQUEZA,CUNDINAMARCA,cabecera,footway,306.47930253552016
25151,CAQUEZA,CUNDINAMARCA,cabecera,path,236.96721020265508
25151,CAQUEZA,CUNDINAMARCA,cabecera,residential,11271.538742672732
25151,CAQUEZA,CUNDINAMARCA,cabecera,secondary,2645.288439708308
25151,CAQUEZA,CUNDINAMARCA,cabecera,service,346.4951004147636
25151,CAQUEZA,CUNDINAMARCA,cabecera,tertiary,1343.3407405331866
25151,CAQUEZA,CUNDINAMARCA,cabecera,track,154.2226036267172
25151,CAQUEZA,CUNDINAMARCA,cabecera,unclassified,1557.1824969900827
25151,CAQUEZA,CUNDINAMARCA,rural,bridleway,12998.311171373713
25151,CAQUEZA,CUNDINAMARCA,rural,footway,218.81168211348051
25151,CAQUEZA,CUNDINAMARCA,rural,path,8050.281398973641
25151,CAQUEZA,CUNDINAMARCA,rural,residential,27432.164305499893
25151,CAQUEZA,CUNDINAMARCA,rural,secondary,19342.362080030478
25151,CAQUEZA,CUNDINAMARCA,rural,service,25943.59326798305
25151,CAQUEZA,CUNDINAMARCA,rural,tertiary,25195.71888143419
25151,CAQUEZA,CUNDINAMARCA,rural,track,12264.036895360192
25151,CAQUEZA,CUNDINAMARCA,rural,trunk,28501.2363861528
25151,CAQUEZA,CUNDINAMARCA,rural,unclassified,163260.64305266106
25154,CARMEN DE CARUPA,CUNDINAMARCA,cabecera,residential,7224.560035855447
25154,CARMEN DE CARUPA,CUNDINAMARCA,cabecera,tertiary,836.7947010962985
25154,CARMEN DE CARUPA,CUNDINAMARCA,cabecera,unclassified,226.4365669787092
25154,CARMEN DE CARUPA,CUNDINAMARCA,rural,bridleway,24883.669074212856
25154,CARMEN DE CARUPA,CUNDINAMARCA,rural,path,1935.5368036305304
25154,CARMEN DE CARUPA,CUNDINAMARCA,rural,residential,10071.134015058291
25154,CARMEN DE CARUPA,CUNDINAMARCA,rural,service,658.4466029102616
25154,CARMEN DE CARUPA,CUNDINAMARCA,rural,tertiary,12024.34908113855
25154,CARMEN DE CARUPA,CUNDINAMARCA,rural,track,27792.822435385533
25154,CARMEN DE CARUPA,CUNDINAMARCA,rural,unclassified,359362.11702193564
25178,CHIPAQUE,CUNDINAMARCA,cabecera,cycleway,356.3323331152463
25178,CHIPAQUE,CUNDINAMARCA,cabecera,footway,90.77058755194719
25178,CHIPAQUE,CUNDINAMARCA,cabecera,residential,5847.002675506512
25178,CHIPAQUE,CUNDINAMARCA,cabecera,service,55.26418783065735
25178,CHIPAQUE,CUNDINAMARCA,cabecera,steps,123.85363482400483
25178,CHIPAQUE,CUNDINAMARCA,cabecera,tertiary,488.67617114075057
25178,CHIPAQUE,CUNDINAMARCA,cabecera,trunk,209.2035813361216
25178,CHIPAQUE,CUNDINAMARCA,centro_poblado,residential,153.21097246440706
25178,CHIPAQUE,CUNDINAMARCA,centro_poblado,service,1944.7504150349973
25178,CHIPAQUE,CUNDINAMARCA,centro_poblado,trunk,817.8152434562704
25178,CHIPAQUE,CUNDINAMARCA,centro_poblado,unclassified,553.5589199053726
25178,CHIPAQUE,CUNDINAMARCA,rural,bridleway,499.8700292560287
25178,CHIPAQUE,CUNDINAMARCA,rural,footway,423.08615315940096
25178,CHIPAQUE,CUNDINAMARCA,rural,path,9838.189459385427
25178,CHIPAQUE,CUNDINAMARCA,rural,residential,14519.659387699405
25178,CHIPAQUE,CUNDINAMARCA,rural,secondary,7322.734219566614
25178,CHIPAQUE,CUNDINAMARCA,rural,service,24084.46610387496
25178,CHIPAQUE,CUNDINAMARCA,rural,steps,48.57472379685395
25178,CHIPAQUE,CUNDINAMARCA,rural,tertiary,28595.73818052907
25178,CHIPAQUE,CUNDINAMARCA,rural,track,57516.57516470909
25178,CHIPAQUE,CUNDINAMARCA,rural,trunk,21967.107196672863
25178,CHIPAQUE,CUNDINAMARCA,rural,unclassified,133352.5320466443
25181,CHOACHI,CUNDINAMARCA,cabecera,bridleway,41.90482939020052
25181,CHOACHI,CUNDINAMARCA,cabecera,footway,305.02293167465825
25181,CHOACHI,CUNDINAMARCA,cabecera,path,121.045932060626
25181,CHOACHI,CUNDINAMARCA,cabecera,residential,11938.115948166243
25181,CHOACHI,CUNDINAMARCA,cabecera,secondary,1603.1273006801482
25181,CHOACHI,CUNDINAMARCA,cabecera,service,706.0904539335286
25181,CHOACHI,CUNDINAMARCA,cabecera,tertiary,392.6093181428091
25181,CHOACHI,CUNDINAMARCA,cabecera,track,371.3884361438346
25181,CHOACHI,CUNDINAMARCA,cabecera,unclassified,2958.0349065500695
25181,CHOACHI,CUNDINAMARCA,cabecera,unknown,237.49730614425016
25181,CHOACHI,CUNDINAMARCA,centro_poblado,service,151.55182473211386
25181,CHOACHI,CUNDINAMARCA,centro_poblado,track,147.49938789915626
25181,CHOACHI,CUNDINAMARCA,centro_poblado,unclassified,1499.6476078097633
25181,CHOACHI,CUNDINAMARCA,rural,bridleway,18620.703520858144
25181,CHOACHI,CUNDINAMARCA,rural,footway,2208.767320795333
25181,CHOACHI,CUNDINAMARCA,rural,path,53946.24804498589
25181,CHOACHI,CUNDINAMARCA,rural,residential,18002.355799445373
25181,CHOACHI,CUNDINAMARCA,rural,secondary,25344.01965780704
25181,CHOACHI,CUNDINAMARCA,rural,service,12038.363759777047
25181,CHOACHI,CUNDINAMARCA,rural,tertiary,5214.928596882519
25181,CHOACHI,CUNDINAMARCA,rural,track,56608.322467863014
25181,CHOACHI,CUNDINAMARCA,rural,unclassified,189864.52528219766
25183,CHOCONTA,CUNDINAMARCA,cabecera,bridleway,61.15460120050781
25183,CHOCONTA,CUNDINAMARCA,cabecera,footway,235.3152801730171
25183,CHOCONTA,CUNDINAMARCA,cabecera,path,393.59303213255725
25183,CHOCONTA,CUNDINAMARCA,cabecera,residential,20789.938898272736
25183,CHOCONTA,CUNDINAMARCA,cabecera,secondary,1222.0141828948308
25183,CHOCONTA,CUNDINAMARCA,cabecera,service,1319.9584766598934
25183,CHOCONTA,CUNDINAMARCA,cabecera,tertiary,3646.6803207788107
25183,CHOCONTA,CUNDINAMARCA,cabecera,track,599.4983585570632
25183,CHOCONTA,CUNDINAMARCA,cabecera,trunk,4874.222759226049
25183,CHOCONTA,CUNDINAMARCA,cabecera,unclassified,1478.060842539792
25183,CHOCONTA,CUNDINAMARCA,rural,bridleway,2807.232399084272
25183,CHOCONTA,CUNDINAMARCA,rural,footway,362.5397259584831
25183,CHOCONTA,CUNDINAMARCA,rural,path,19701.782921536957
25183,CHOCONTA,CUNDINAMARCA,rural,primary,12538.299181206836
25183,CHOCONTA,CUNDINAMARCA,rural,residential,42457.29024042874
25183,CHOCONTA,CUNDINAMARCA,rural,secondary,15519.926474331325
25183,CHOCONTA,CUNDINAMARCA,rural,service,53755.39849663919
25183,CHOCONTA,CUNDINAMARCA,rural,steps,167.1532759435216
25183,CHOCONTA,CUNDINAMARCA,rural,tertiary,17401.892947018438
25183,CHOCONTA,CUNDINAMARCA,rural,track,51430.11538999672
25183,CHOCONTA,CUNDINAMARCA,rural,trunk,37636.575564691055
25183,CHOCONTA,CUNDINAMARCA,rural,unclassified,344001.12602013006
25200,COGUA,CUNDINAMARCA,cabecera,path,73.60257415294294
25200,COGUA,CUNDINAMARCA,cabecera,residential,12455.75411896064
25200,COGUA,CUNDINAMARCA,cabecera,service,400.82745495109805
25200,COGUA,CUNDINAMARCA,cabecera,tertiary,2248.313353532507
25200,COGUA,CUNDINAMARCA,cabecera,unclassified,97.36454560121228
25200,COGUA,CUNDINAMARCA,centro_poblado,residential,10730.590938387344
25200,COGUA,CUNDINAMARCA,centro_poblado,secondary,686.2178618410062
25200,COGUA,CUNDINAMARCA,centro_poblado,service,2151.1838812319065
25200,COGUA,CUNDINAMARCA,centro_poblado,tertiary,2618.258570883693
25200,COGUA,CUNDINAMARCA,centro_poblado,track,202.63335594298306
25200,COGUA,CUNDINAMARCA,centro_poblado,trunk,1267.5117076254626
25200,COGUA,CUNDINAMARCA,centro_poblado,unclassified,2418.209664217776
25200,COGUA,CUNDINAMARCA,rural,footway,64.80344007829602
25200,COGUA,CUNDINAMARCA,rural,path,2599.90593577031
25200,COGUA,CUNDINAMARCA,rural,primary,2495.246242097396
25200,COGUA,CUNDINAMARCA,rural,residential,48623.19658409353
25200,COGUA,CUNDINAMARCA,rural,secondary,2338.472264538015
25200,COGUA,CUNDINAMARCA,rural,service,62899.942997334445
25200,COGUA,CUNDINAMARCA,rural,tertiary,41599.60959393437
25200,COGUA,CUNDINAMARCA,rural,track,35151.41053801342
25200,COGUA,CUNDINAMARCA,rural,trunk,11588.229377774469
25200,COGUA,CUNDINAMARCA,rural,unclassified,157524.55293545392
25214,COTA,CUNDINAMARCA,cabecera,bridleway,0.16062388909722577
25214,COTA,CUNDINAMARCA,cabecera,cycleway,887.4410543576249
25214,COTA,CUNDINAMARCA,cabecera,footway,1085.1821546136991
25214,COTA,CUNDINAMARCA,cabecera,path,158.11153317687143
25214,COTA,CUNDINAMARCA,cabecera,pedestrian,716.2880363062034
25214,COTA,CUNDINAMARCA,cabecera,primary,111.38253485694659
25214,COTA,CUNDINAMARCA,cabecera,residential,42679.06669959939
25214,COTA,CUNDINAMARCA,cabecera,secondary,2733.2178057638284
25214,COTA,CUNDINAMARCA,cabecera,service,3490.590050495394
25214,COTA,CUNDINAMARCA,rural,bridleway,8097.154724492131
25214,COTA,CUNDINAMARCA,rural,cycleway,2314.5256795648384
25214,COTA,CUNDINAMARCA,rural,footway,9439.179874681051
25214,COTA,CUNDINAMARCA,rural,path,3712.3127532792214
25214,COTA,CUNDINAMARCA,rural,pedestrian,4016.510815531198
25214,COTA,CUNDINAMARCA,rural,primary,21619.311499580952
25214,COTA,CUNDINAMARCA,rural,residential,63868.087103504935
25214,COTA,CUNDINAMARCA,rural,secondary,4401.213368325339
25214,COTA,CUNDINAMARCA,rural,service,152441.20447452873
25214,COTA,CUNDINAMARCA,rural,steps,135.68548677906102
25214,COTA,CUNDINAMARCA,rural,tertiary,8612.569339738997
25214,COTA,CUNDINAMARCA,rural,track,12860.05819078553
25214,COTA,CUNDINAMARCA,rural,trunk,10747.79086132782
25214,COTA,CUNDINAMARCA,rural,unclassified,17854.85962285419
25260,EL ROSAL,CUNDINAMARCA,cabecera,cycleway,928.4900068548434
25260,EL ROSAL,CUNDINAMARCA,cabecera,footway,4239.476780729293
25260,EL ROSAL,CUNDINAMARCA,cabecera,residential,19521.782595716704
25260,EL ROSAL,CUNDINAMARCA,cabecera,service,1064.6711014365926
25260,EL ROSAL,CUNDINAMARCA,cabecera,tertiary,2527.864129372018
25260,EL ROSAL,CUNDINAMARCA,cabecera,track,33.06639688209733
25260,EL ROSAL,CUNDINAMARCA,cabecera,unclassified,26.338645938796102
25260,EL ROSAL,CUNDINAMARCA,centro_poblado,residential,495.82737969935596
25260,EL ROSAL,CUNDINAMARCA,centro_poblado,service,458.8214062159096
25260,EL ROSAL,CUNDINAMARCA,centro_poblado,tertiary,257.6627820706139
25260,EL ROSAL,CUNDINAMARCA,centro_poblado,unclassified,208.25434952833004
25260,EL ROSAL,CUNDINAMARCA,rural,footway,954.4667444317722
25260,EL ROSAL,CUNDINAMARCA,rural,path,1784.6149727673983
25260,EL ROSAL,CUNDINAMARCA,rural,residential,22681.990213211513
25260,EL ROSAL,CUNDINAMARCA,rural,service,86641.72593018599
25260,EL ROSAL,CUNDINAMARCA,rural,steps,10.322973651536909
25260,EL ROSAL,CUNDINAMARCA,rural,tertiary,10247.762002949057
25260,EL ROSAL,CUNDINAMARCA,rural,track,11301.248704525691
25260,EL ROSAL,CUNDINAMARCA,rural,trunk,9109.252180751193
25260,EL ROSAL,CUNDINAMARCA,rural,unclassified,101099.77068129317
25269,FACATATIVA,CUNDINAMARCA,cabecera,cycleway,1104.5137037310033
25269,FACATATIVA,CUNDINAMARCA,cabecera,footway,15767.153833124734
25269,FACATATIVA,CUNDINAMARCA,cabecera,path,2503.4400254876255
25269,FACATATIVA,CUNDINAMARCA,cabecera,pedestrian,1477.1996744798485
25269,FACATATIVA,CUNDINAMARCA,cabecera,primary,7498.167019294218
25269,FACATATIVA,CUNDINAMARCA,cabecera,residential,91255.9708016283
25269,FACATATIVA,CUNDINAMARCA,cabecera,secondary,7177.8865332804335
25269,FACATATIVA,CUNDINAMARCA,cabecera,service,25386.034042057752
25269,FACATATIVA,CUNDINAMARCA,cabecera,tertiary,8635.737776465481
25269,FACATATIVA,CUNDINAMARCA,cabecera,track,1527.4651567654385
25269,FACATATIVA,CUNDINAMARCA,cabecera,unclassified,4784.5714868203395
25269,FACATATIVA,CUNDINAMARCA,cabecera,unknown,5.500525620252744
25269,FACATATIVA,CUNDINAMARCA,centro_poblado,footway,68.28640642160114
25269,FACATATIVA,CUNDINAMARCA,centro_poblado,primary,864.3955337286452
25269,FACATATIVA,CUNDINAMARCA,centro_poblado,residential,4885.38207089512
25269,FACATATIVA,CUNDINAMARCA,centro_poblado,secondary,1806.2471026507278
25269,FACATATIVA,CUNDINAMARCA,centro_poblado,service,2035.1889160538767
25269,FACATATIVA,CUNDINAMARCA,centro_poblado,trunk,1217.4372797337167
25269,FACATATIVA,CUNDINAMARCA,centro_poblado,unclassified,2749.335055355149
25269,FACATATIVA,CUNDINAMARCA,rural,bridleway,4694.072919789076
25269,FACATATIVA,CUNDINAMARCA,rural,cycleway,2392.6798569765274
25269,FACATATIVA,CUNDINAMARCA,rural,footway,1729.8619493326432
25269,FACATATIVA,CUNDINAMARCA,rural,path,5251.422580498364
25269,FACATATIVA,CUNDINAMARCA,rural,primary,10984.13423646968
25269,FACATATIVA,CUNDINAMARCA,rural,residential,26988.239794273977
25269,FACATATIVA,CUNDINAMARCA,rural,secondary,10723.879383111831
25269,FACATATIVA,CUNDINAMARCA,rural,service,94122.38746171203
25269,FACATATIVA,CUNDINAMARCA,rural,tertiary,1144.906717733523
25269,FACATATIVA,CUNDINAMARCA,rural,track,35851.213744985085
25269,FACATATIVA,CUNDINAMARCA,rural,trunk,9951.344431403139
25269,FACATATIVA,CUNDINAMARCA,rural,unclassified,170119.88631269036
25269,FACATATIVA,CUNDINAMARCA,rural,unknown,2459.354108550842
25279,FOMEQUE,CUNDINAMARCA,cabecera,footway,134.23989634222158
25279,FOMEQUE,CUNDINAMARCA,cabecera,residential,8550.810933779423
25279,FOMEQUE,CUNDINAMARCA,cabecera,service,567.8317731770533
25279,FOMEQUE,CUNDINAMARCA,cabecera,steps,174.2239741104341
25279,FOMEQUE,CUNDINAMARCA,cabecera,tertiary,2154.557557497387
25279,FOMEQUE,CUNDINAMARCA,cabecera,track,118.71976075841675
25279,FOMEQUE,CUNDINAMARCA,cabecera,unclassified,2902.3188277933677
25279,FOMEQUE,CUNDINAMARCA,centro_poblado,footway,35.00931401040033
25279,FOMEQUE,CUNDINAMARCA,centro_poblado,path,13.989695281809023
25279,FOMEQUE,CUNDINAMARCA,centro_poblado,residential,297.26383783332506
25279,FOMEQUE,CUNDINAMARCA,centro_poblado,service,83.3192179783692
25279,FOMEQUE,CUNDINAMARCA,centro_poblado,tertiary,533.5117052871994
25279,FOMEQUE,CUNDINAMARCA,centro_poblado,unclassified,42.31956710009502
25279,FOMEQUE,CUNDINAMARCA,rural,bridleway,26185.816551122887
25279,FOMEQUE,CUNDINAMARCA,rural,footway,407.54914511511845
25279,FOMEQUE,CUNDINAMARCA,rural,path,30399.418108334685
25279,FOMEQUE,CUNDINAMARCA,rural,residential,3177.4222452328495
25279,FOMEQUE,CUNDINAMARCA,rural,service,15567.68161410217
25279,FOMEQUE,CUNDINAMARCA,rural,steps,32.93714847870231
25279,FOMEQUE,CUNDINAMARCA,rural,tertiary,82381.80236774642
25279,FOMEQUE,CUNDINAMARCA,rural,track,35635.77350500147
25279,FOMEQUE,CUNDINAMARCA,rural,unclassified,233948.65248293633
25281,FOSCA,CUNDINAMARCA,cabecera,path,102.32573130127226
25281,FOSCA,CUNDINAMARCA,cabecera,residential,2470.60944321202
25281,FOSCA,CUNDINAMARCA,cabecera,service,86.52697718190221
25281,FOSCA,CUNDINAMARCA,cabecera,tertiary,1001.7819176158853
25281,FOSCA,CUNDINAMARCA,cabecera,unclassified,611.1732313684876
25281,FOSCA,CUNDINAMARCA,centro_poblado,residential,315.8695570757886
25281,FOSCA,CUNDINAMARCA,centro_poblado,service,273.9638649678475
25281,FOSCA,CUNDINAMARCA,centro_poblado,unclassified,708.6208277305692
25281,FOSCA,CUNDINAMARCA,rural,bridleway,1064.9370199745733
25281,FOSCA,CUNDINAMARCA,rural,path,1820.4115214844007
25281,FOSCA,CUNDINAMARCA,rural,residential,6214.13616048973
25281,FOSCA,CUNDINAMARCA,rural,service,11456.438180660374
25281,FOSCA,CUNDINAMARCA,rural,tertiary,17664.115867262466
25281,FOSCA,CUNDINAMARCA,rural,track,17082.193436690148
25281,FOSCA,CUNDINAMARCA,rural,unclassified,112034.74595177184
25286,FUNZA,CUNDINAMARCA,cabecera,cycleway,5584.695478634525
25286,FUNZA,CUNDINAMARCA,cabecera,footway,5594.949494414341
25286,FUNZA,CUNDINAMARCA,cabecera,path,189.7215665479875
25286,FUNZA,CUNDINAMARCA,cabecera,pedestrian,109.5951599416134
25286,FUNZA,CUNDINAMARCA,cabecera,primary,9170.73999648399
25286,FUNZA,CUNDINAMARCA,cabecera,residential,67038.84917083972
25286,FUNZA,CUNDINAMARCA,cabecera,secondary,5547.193524406572
25286,FUNZA,CUNDINAMARCA,cabecera,service,38398.29445260541
25286,FUNZA,CUNDINAMARCA,cabecera,steps,114.45123172967061
25286,FUNZA,CUNDINAMARCA,cabecera,tertiary,5662.920751249056
25286,FUNZA,CUNDINAMARCA,cabecera,track,653.6842469426787
25286,FUNZA,CUNDINAMARCA,cabecera,unclassified,1480.6019823093766
25286,FUNZA,CUNDINAMARCA,centro_poblado,residential,428.34793352135523
25286,FUNZA,CUNDINAMARCA,centro_poblado,service,95.07241861059065
25286,FUNZA,CUNDINAMARCA,centro_poblado,tertiary,478.50260843723765
25286,FUNZA,CUNDINAMARCA,centro_poblado,unclassified,381.94681643443766
25286,FUNZA,CUNDINAMARCA,rural,footway,4058.374791603321
25286,FUNZA,CUNDINAMARCA,rural,path,168.49399252512268
25286,FUNZA,CUNDINAMARCA,rural,primary,10383.33993478136
25286,FUNZA,CUNDINAMARCA,rural,residential,8757.899004089797
25286,FUNZA,CUNDINAMARCA,rural,secondary,105.54721182083551
25286,FUNZA,CUNDINAMARCA,rural,service,159703.63361219893
25286,FUNZA,CUNDINAMARCA,rural,tertiary,15651.897183205765
25286,FUNZA,CUNDINAMARCA,rural,track,12344.26643171653
25286,FUNZA,CUNDINAMARCA,rural,trunk,1820.5398693976379
25286,FUNZA,CUNDINAMARCA,rural,unclassified,26769.406532163655
25295,GACHANCIPA,CUNDINAMARCA,cabecera,footway,249.81211428163658
25295,GACHANCIPA,CUNDINAMARCA,cabecera,path,54.71794503320694
25295,GACHANCIPA,CUNDINAMARCA,cabecera,pedestrian,707.9226611992506
25295,GACHANCIPA,CUNDINAMARCA,cabecera,residential,10940.39218187421
25295,GACHANCIPA,CUNDINAMARCA,cabecera,service,2314.219686405751
25295,GACHANCIPA,CUNDINAMARCA,cabecera,tertiary,2195.213214335445
25295,GACHANCIPA,CUNDINAMARCA,cabecera,trunk,2775.3868869743073
25295,GACHANCIPA,CUNDINAMARCA,cabecera,unclassified,695.5193027266007
25295,GACHANCIPA,CUNDINAMARCA,centro_poblado,residential,1694.4867543117489
25295,GACHANCIPA,CUNDINAMARCA,centro_poblado,service,400.471185266573
25295,GACHANCIPA,CUNDINAMARCA,centro_poblado,trunk,1310.616031404396
25295,GACHANCIPA,CUNDINAMARCA,centro_poblado,unclassified,338.38548414691695
25295,GACHANCIPA,CUNDINAMARCA,rural,footway,32.75920041392804
25295,GACHANCIPA,CUNDINAMARCA,rural,path,63.093662087772074
25295,GACHANCIPA,CUNDINAMARCA,rural,pedestrian,109.25213206185151
25295,GACHANCIPA,CUNDINAMARCA,rural,residential,24957.07902377454
25295,GACHANCIPA,CUNDINAMARCA,rural,service,35296.422726834986
25295,GACHANCIPA,CUNDINAMARCA,rural,tertiary,6734.47447035551
25295,GACHANCIPA,CUNDINAMARCA,rural,track,4545.731594659008
25295,GACHANCIPA,CUNDINAMARCA,rural,trunk,11285.781200133484
25295,GACHANCIPA,CUNDINAMARCA,rural,unclassified,49351.93960491148
25297,GACHETA,CUNDINAMARCA,cabecera,footway,28.864087393479736
25297,GACHETA,CUNDINAMARCA,cabecera,path,228.430209615531
25297,GACHETA,CUNDINAMARCA,cabecera,residential,10601.7125378544
25297,GACHETA,CUNDINAMARCA,cabecera,secondary,1671.1422294625254
25297,GACHETA,CUNDINAMARCA,cabecera,service,455.5376557863276
25297,GACHETA,CUNDINAMARCA,cabecera,unclassified,583.197445596827
25297,GACHETA,CUNDINAMARCA,centro_poblado,unclassified,115.76553483517478
25297,GACHETA,CUNDINAMARCA,rural,bridleway,6426.03445116505
25297,GACHETA,CUNDINAMARCA,rural,footway,1040.4060132851823
25297,GACHETA,CUNDINAMARCA,rural,path,16308.528510187663
25297,GACHETA,CUNDINAMARCA,rural,residential,3203.906672380445
25297,GACHETA,CUNDINAMARCA,rural,secondary,7833.067986927696
25297,GACHETA,CUNDINAMARCA,rural,service,1859.0165846092773
25297,GACHETA,CUNDINAMARCA,rural,tertiary,943.6843176071826
25297,GACHETA,CUNDINAMARCA,rural,track,24073.290600968223
25297,GACHETA,CUNDINAMARCA,rural,unclassified,144050.07499110093
25307,GIRARDOT,CUNDINAMARCA,cabecera,cycleway,2760.004695436651
25307,GIRARDOT,CUNDINAMARCA,cabecera,footway,54193.98315151813
25307,GIRARDOT,CUNDINAMARCA,cabecera,path,755.357881296842
25307,GIRARDOT,CUNDINAMARCA,cabecera,pedestrian,2123.2745794884954
25307,GIRARDOT,CUNDINAMARCA,cabecera,primary,19574.581745318905
25307,GIRARDOT,CUNDINAMARCA,cabecera,residential,198254.54149481698
25307,GIRARDOT,CUNDINAMARCA,cabecera,secondary,8966.121004510595
25307,GIRARDOT,CUNDINAMARCA,cabecera,service,52958.22376794302
25307,GIRARDOT,CUNDINAMARCA,cabecera,steps,392.2782589372341
25307,GIRARDOT,CUNDINAMARCA,cabecera,tertiary,30761.563826168906
25307,GIRARDOT,CUNDINAMARCA,cabecera,track,4843.332178738005
25307,GIRARDOT,CUNDINAMARCA,cabecera,unclassified,6918.198552803874
25307,GIRARDOT,CUNDINAMARCA,centro_poblado,primary,2365.1119230710733
25307,GIRARDOT,CUNDINAMARCA,centro_poblado,residential,11990.421740631407
25307,GIRARDOT,CUNDINAMARCA,centro_poblado,service,305.6737938659314
25307,GIRARDOT,CUNDINAMARCA,centro_poblado,unclassified,1508.5028143124066
25307,GIRARDOT,CUNDINAMARCA,rural,cycleway,14897.319779905236
25307,GIRARDOT,CUNDINAMARCA,rural,path,4496.200103164641
25307,GIRARDOT,CUNDINAMARCA,rural,primary,22965.883103192064
25307,GIRARDOT,CUNDINAMARCA,rural,residential,17569.56608604129
25307,GIRARDOT,CUNDINAMARCA,rural,service,17284.618695287263
25307,GIRARDOT,CUNDINAMARCA,rural,tertiary,11.624440652218553
25307,GIRARDOT,CUNDINAMARCA,rural,track,9667.12099405182
25307,GIRARDOT,CUNDINAMARCA,rural,unclassified,55361.351661969245
25312,GRANADA,CUNDINAMARCA,cabecera,residential,3129.231228364964
25312,GRANADA,CUNDINAMARCA,cabecera,service,278.69654539116294
25312,GRANADA,CUNDINAMARCA,cabecera,tertiary,988.6222785348947
25312,GRANADA,CUNDINAMARCA,cabecera,unclassified,579.8944570196971
25312,GRANADA,CUNDINAMARCA,centro_poblado,footway,154.90011529493148
25312,GRANADA,CUNDINAMARCA,centro_poblado,path,82.3562184597026
25312,GRANADA,CUNDINAMARCA,centro_poblado,residential,763.4707331840589
25312,GRANADA,CUNDINAMARCA,centro_poblado,service,1542.1773543539184
25312,GRANADA,CUNDINAMARCA,centro_poblado,steps,65.71648335803391
25312,GRANADA,CUNDINAMARCA,centro_poblado,trunk,3287.66307699081
25312,GRANADA,CUNDINAMARCA,centro_poblado,unclassified,1196.6681083667963
25312,GRANADA,CUNDINAMARCA,rural,bridleway,364.67951220910805
25312,GRANADA,CUNDINAMARCA,rural,footway,585.1124799903265
25312,GRANADA,CUNDINAMARCA,rural,path,2584.9374195721675
25312,GRANADA,CUNDINAMARCA,rural,residential,12882.112136768146
25312,GRANADA,CUNDINAMARCA,rural,service,11805.835262393624
25312,GRANADA,CUNDINAMARCA,rural,steps,130.84964654832112
25312,GRANADA,CUNDINAMARCA,rural,tertiary,1134.0428530054933
25312,GRANADA,CUNDINAMARCA,rural,track,3187.8178113383015
25312,GRANADA,CUNDINAMARCA,rural,trunk,24567.02237621286
25312,GRANADA,CUNDINAMARCA,rural,unclassified,95757.580466008
25317,GUACHETA,CUNDINAMARCA,cabecera,residential,8409.969718512491
25317,GUACHETA,CUNDINAMARCA,cabecera,service,280.7407235427761
25317,GUACHETA,CUNDINAMARCA,cabecera,tertiary,1768.580024318379
25317,GUACHETA,CUNDINAMARCA,cabecera,track,252.23763434366782
25317,GUACHETA,CUNDINAMARCA,cabecera,unclassified,1840.2070396519794
25317,GUACHETA,CUNDINAMARCA,rural,bridleway,3224.377027374416
25317,GUACHETA,CUNDINAMARCA,rural,footway,151.1370077452118
25317,GUACHETA,CUNDINAMARCA,rural,path,62.54262838958172
25317,GUACHETA,CUNDINAMARCA,rural,residential,4078.761070397284
25317,GUACHETA,CUNDINAMARCA,rural,service,27346.840873769073
25317,GUACHETA,CUNDINAMARCA,rural,tertiary,26655.509253420045
25317,GUACHETA,CUNDINAMARCA,rural,track,23541.41247715072
25317,GUACHETA,CUNDINAMARCA,rural,unclassified,249950.62923109936
25320,GUADUAS,CUNDINAMARCA,cabecera,footway,115.06475332899282
25320,GUADUAS,CUNDINAMARCA,cabecera,path,82.75873801726587
25320,GUADUAS,CUNDINAMARCA,cabecera,residential,42370.2704249797
25320,GUADUAS,CUNDINAMARCA,cabecera,service,8442.405610931572
25320,GUADUAS,CUNDINAMARCA,cabecera,track,461.66293942662173
25320,GUADUAS,CUNDINAMARCA,cabecera,trunk,7293.157175630548
25320,GUADUAS,CUNDINAMARCA,cabecera,unclassified,12446.522184711223
25320,GUADUAS,CUNDINAMARCA,centro_poblado,footway,44.8833500983427
25320,GUADUAS,CUNDINAMARCA,centro_poblado,pedestrian,88.36676221568982
25320,GUADUAS,CUNDINAMARCA,centro_poblado,primary,1328.364342550729
25320,GUADUAS,CUNDINAMARCA,centro_poblado,residential,13612.193847728335
25320,GUADUAS,CUNDINAMARCA,centro_poblado,service,358.6709214896201
25320,GUADUAS,CUNDINAMARCA,centro_poblado,track,73.9066975873421
25320,GUADUAS,CUNDINAMARCA,centro_poblado,trunk,2675.4435323164557
25320,GUADUAS,CUNDINAMARCA,centro_poblado,unclassified,978.3089881293199
25320,GUADUAS,CUNDINAMARCA,rural,bridleway,6895.656901381136
25320,GUADUAS,CUNDINAMARCA,rural,footway,260.4389454555261
25320,GUADUAS,CUNDINAMARCA,rural,path,10765.926232127522
25320,GUADUAS,CUNDINAMARCA,rural,primary,26463.297310286223
25320,GUADUAS,CUNDINAMARCA,rural,residential,28945.73660095656
25320,GUADUAS,CUNDINAMARCA,rural,service,43549.012900790396
25320,GUADUAS,CUNDINAMARCA,rural,track,56250.212541630826
25320,GUADUAS,CUNDINAMARCA,rural,trunk,82331.23871340495
25320,GUADUAS,CUNDINAMARCA,rural,unclassified,332003.3657315098
25320,GUADUAS,CUNDINAMARCA,rural,unknown,39.418464308507
25322,GUASCA,CUNDINAMARCA,cabecera,footway,651.1969591688057
25322,GUASCA,CUNDINAMARCA,cabecera,residential,10227.407681405526
25322,GUASCA,CUNDINAMARCA,cabecera,secondary,1941.6328836415196
25322,GUASCA,CUNDINAMARCA,cabecera,service,1630.915173496787
25322,GUASCA,CUNDINAMARCA,cabecera,tertiary,2351.573767700539
25322,GUASCA,CUNDINAMARCA,cabecera,unclassified,2553.2182575365664
25322,GUASCA,CUNDINAMARCA,centro_poblado,residential,749.1070022190424
25322,GUASCA,CUNDINAMARCA,centro_poblado,unclassified,396.0278259741708
25322,GUASCA,CUNDINAMARCA,rural,bridleway,8584.21559871148
25322,GUASCA,CUNDINAMARCA,rural,footway,878.278159902263
25322,GUASCA,CUNDINAMARCA,rural,path,83615.98280003262
25322,GUASCA,CUNDINAMARCA,rural,primary,5916.484802640034
25322,GUASCA,CUNDINAMARCA,rural,residential,63966.648347044276
25322,GUASCA,CUNDINAMARCA,rural,secondary,28397.294612259455
25322,GUASCA,CUNDINAMARCA,rural,service,90518.13179561327
25322,GUASCA,CUNDINAMARCA,rural,tertiary,21240.42029779343
25322,GUASCA,CUNDINAMARCA,rural,track,53197.27208655916
25322,GUASCA,CUNDINAMARCA,rural,unclassified,272512.429353992
25372,JUNIN,CUNDINAMARCA,cabecera,residential,4583.422643796135
25372,JUNIN,CUNDINAMARCA,cabecera,service,29.45857324846905
25372,JUNIN,CUNDINAMARCA,cabecera,tertiary,84.15965441280241
25372,JUNIN,CUNDINAMARCA,cabecera,unclassified,770.3989037938651
25372,JUNIN,CUNDINAMARCA,centro_poblado,residential,4244.510372841573
25372,JUNIN,CUNDINAMARCA,centro_poblado,secondary,1420.4821001436258
25372,JUNIN,CUNDINAMARCA,centro_poblado,tertiary,167.41515972847947
25372,JUNIN,CUNDINAMARCA,centro_poblado,unclassified,1598.1542204137636
25372,JUNIN,CUNDINAMARCA,rural,bridleway,29124.258656180868
25372,JUNIN,CUNDINAMARCA,rural,footway,344.2378617388564
25372,JUNIN,CUNDINAMARCA,rural,path,22633.72886868615
25372,JUNIN,CUNDINAMARCA,rural,residential,3249.729298736066
25372,JUNIN,CUNDINAMARCA,rural,secondary,17859.242696161116
25372,JUNIN,CUNDINAMARCA,rural,service,2167.18023358534
25372,JUNIN,CUNDINAMARCA,rural,tertiary,11474.167606029712
25372,JUNIN,CUNDINAMARCA,rural,track,23406.37012511901
25372,JUNIN,CUNDINAMARCA,rural,unclassified,206164.54563524498
25394,LA PALMA,CUNDINAMARCA,cabecera,path,178.72969143601372
25394,LA PALMA,CUNDINAMARCA,cabecera,residential,10220.75223967314
25394,LA PALMA,CUNDINAMARCA,cabecera,service,162.96546012603446
25394,LA PALMA,CUNDINAMARCA,cabecera,tertiary,2199.7915568046305
25394,LA PALMA,CUNDINAMARCA,cabecera,track,77.54378673456544
25394,LA PALMA,CUNDINAMARCA,cabecera,unclassified,22.30775573658024
25394,LA PALMA,CUNDINAMARCA,rural,path,3875.12521792532
25394,LA PALMA,CUNDINAMARCA,rural,residential,6426.251505267055
25394,LA PALMA,CUNDINAMARCA,rural,service,4729.745606882654
25394,LA PALMA,CUNDINAMARCA,rural,tertiary,44664.12163798723
25394,LA PALMA,CUNDINAMARCA,rural,track,14373.233217134819
25394,LA PALMA,CUNDINAMARCA,rural,unclassified,71146.37063974065
25402,LA VEGA,CUNDINAMARCA,cabecera,footway,510.52951305544417
25402,LA VEGA,CUNDINAMARCA,cabecera,residential,14987.18997756477
25402,LA VEGA,CUNDINAMARCA,cabecera,service,1572.9724046327312
25402,LA VEGA,CUNDINAMARCA,cabecera,tertiary,226.96826465387846
25402,LA VEGA,CUNDINAMARCA,cabecera,trunk,7621.2004941798605
25402,LA VEGA,CUNDINAMARCA,cabecera,unclassified,2192.724259967973
25402,LA VEGA,CUNDINAMARCA,centro_poblado,residential,169.20989241326973
25402,LA VEGA,CUNDINAMARCA,centro_poblado,service,100.48911500301296
25402,LA VEGA,CUNDINAMARCA,centro_poblado,trunk,1176.7118683725198
25402,LA VEGA,CUNDINAMARCA,centro_poblado,unclassified,256.2248482373044
25402,LA VEGA,CUNDINAMARCA,rural,footway,257.0430330071413
25402,LA VEGA,CUNDINAMARCA,rural,path,685.2465581251929
25402,LA VEGA,CUNDINAMARCA,rural,residential,53981.470492415865
25402,LA VEGA,CUNDINAMARCA,rural,service,28851.16245361672
25402,LA VEGA,CUNDINAMARCA,rural,tertiary,14159.377419852624
25402,LA VEGA,CUNDINAMARCA,rural,track,19698.53883702732
25402,LA VEGA,CUNDINAMARCA,rural,trunk,39144.11134972701
25402,LA VEGA,CUNDINAMARCA,rural,unclassified,245379.28181766035
25407,LENGUAZAQUE,CUNDINAMARCA,cabecera,path,206.0872959328115
25407,LENGUAZAQUE,CUNDINAMARCA,cabecera,pedestrian,74.43314137867381
25407,LENGUAZAQUE,CUNDINAMARCA,cabecera,residential,6276.580077466348
25407,LENGUAZAQUE,CUNDINAMARCA,cabecera,service,209.304810110907
25407,LENGUAZAQUE,CUNDINAMARCA,cabecera,tertiary,1137.66842960812
25407,LENGUAZAQUE,CUNDINAMARCA,cabecera,track,192.28378099518557
25407,LENGUAZAQUE,CUNDINAMARCA,cabecera,unclassified,798.6198128717111
25407,LENGUAZAQUE,CUNDINAMARCA,rural,bridleway,4162.463807548134
25407,LENGUAZAQUE,CUNDINAMARCA,rural,path,3624.0073336070604
25407,LENGUAZAQUE,CUNDINAMARCA,rural,residential,3013.214478189001
25407,LENGUAZAQUE,CUNDINAMARCA,rural,service,33844.00203824361
25407,LENGUAZAQUE,CUNDINAMARCA,rural,tertiary,37539.84187397636
25407,LENGUAZAQUE,CUNDINAMARCA,rural,track,105333.78479607381
25407,LENGUAZAQUE,CUNDINAMARCA,rural,unclassified,258296.91908094333
25430,MADRID,CUNDINAMARCA,cabecera,cycleway,7220.9048404572695
25430,MADRID,CUNDINAMARCA,cabecera,footway,32591.10099633218
25430,MADRID,CUNDINAMARCA,cabecera,path,1549.246865844949
25430,MADRID,CUNDINAMARCA,cabecera,pedestrian,43.85973992866916
25430,MADRID,CUNDINAMARCA,cabecera,primary,5471.640237944918
25430,MADRID,CUNDINAMARCA,cabecera,residential,70660.34964262942
25430,MADRID,CUNDINAMARCA,cabecera,secondary,4224.827480074421
25430,MADRID,CUNDINAMARCA,cabecera,service,37921.62825747484
25430,MADRID,CUNDINAMARCA,cabecera,tertiary,10447.869688318327
25430,MADRID,CUNDINAMARCA,cabecera,track,583.1392384464426
25430,MADRID,CUNDINAMARCA,cabecera,unclassified,643.6529695783819
25430,MADRID,CUNDINAMARCA,centro_poblado,cycleway,81.17101081422496
25430,MADRID,CUNDINAMARCA,centro_poblado,footway,155.230155418552
25430,MADRID,CUNDINAMARCA,centro_poblado,path,75.39941407216583
25430,MADRID,CUNDINAMARCA,centro_poblado,primary,64.9124281799793
25430,MADRID,CUNDINAMARCA,centro_poblado,residential,4387.610896209897
25430,MADRID,CUNDINAMARCA,centro_poblado,service,2047.4596080463677
25430,MADRID,CUNDINAMARCA,centro_poblado,steps,6.276147725312429
25430,MADRID,CUNDINAMARCA,centro_poblado,tertiary,1318.9269970173254
25430,MADRID,CUNDINAMARCA,centro_poblado,track,2.7748496729566896
25430,MADRID,CUNDINAMARCA,centro_poblado,trunk,3230.86272239937
25430,MADRID,CUNDINAMARCA,centro_poblado,unclassified,1597.2860897687162
25430,MADRID,CUNDINAMARCA,rural,cycleway,10179.692548443889
25430,MADRID,CUNDINAMARCA,rural,footway,4868.188287122864
25430,MADRID,CUNDINAMARCA,rural,path,1601.1529727437676
25430,MADRID,CUNDINAMARCA,rural,primary,19326.408715417794
25430,MADRID,CUNDINAMARCA,rural,residential,23953.928043030246
25430,MADRID,CUNDINAMARCA,rural,secondary,3652.516631621993
25430,MADRID,CUNDINAMARCA,rural,service,180249.72371262728
25430,MADRID,CUNDINAMARCA,rural,steps,20.437103545539763
25430,MADRID,CUNDINAMARCA,rural,tertiary,34335.45000561688
25430,MADRID,CUNDINAMARCA,rural,track,32770.26706061212
25430,MADRID,CUNDINAMARCA,rural,trunk,5775.312418729458
25430,MADRID,CUNDINAMARCA,rural,unclassified,65623.1021880684
25438,MEDINA,CUNDINAMARCA,cabecera,bridleway,219.83580628058985
25438,MEDINA,CUNDINAMARCA,cabecera,footway,86.0000536884985
25438,MEDINA,CUNDINAMARCA,cabecera,pedestrian,100.498742032867
25438,MEDINA,CUNDINAMARCA,cabecera,residential,13404.925228128417
25438,MEDINA,CUNDINAMARCA,cabecera,secondary,1439.7279412434912
25438,MEDINA,CUNDINAMARCA,cabecera,service,44.48114479885984
25438,MEDINA,CUNDINAMARCA,cabecera,unclassified,1068.7888410245944
25438,MEDINA,CUNDINAMARCA,centro_poblado,residential,4242.179183473979
25438,MEDINA,CUNDINAMARCA,centro_poblado,unclassified,123.10825098920962
25438,MEDINA,CUNDINAMARCA,rural,bridleway,20564.174373536847
25438,MEDINA,CUNDINAMARCA,rural,path,4468.4295096424685
25438,MEDINA,CUNDINAMARCA,rural,residential,6457.088437789773
25438,MEDINA,CUNDINAMARCA,rural,secondary,44479.110853826365
25438,MEDINA,CUNDINAMARCA,rural,service,2235.154161623369
25438,MEDINA,CUNDINAMARCA,rural,track,7939.37843667296
25438,MEDINA,CUNDINAMARCA,rural,unclassified,205694.9528727018
25473,MOSQUERA,CUNDINAMARCA,cabecera,cycleway,6753.373851121573
25473,MOSQUERA,CUNDINAMARCA,cabecera,footway,31649.12481138361
25473,MOSQUERA,CUNDINAMARCA,cabecera,path,1696.9717846595422
25473,MOSQUERA,CUNDINAMARCA,cabecera,pedestrian,62.815124438432896
25473,MOSQUERA,CUNDINAMARCA,cabecera,primary,23009.69098685033
25473,MOSQUERA,CUNDINAMARCA,cabecera,residential,96770.73219547916
25473,MOSQUERA,CUNDINAMARCA,cabecera,secondary,7522.595179336811
25473,MOSQUERA,CUNDINAMARCA,cabecera,service,98474.59709132499
25473,MOSQUERA,CUNDINAMARCA,cabecera,steps,98.83121388810771
25473,MOSQUERA,CUNDINAMARCA,cabecera,tertiary,5715.640188442746
25473,MOSQUERA,CUNDINAMARCA,cabecera,track,2472.342020880087
25473,MOSQUERA,CUNDINAMARCA,cabecera,unclassified,9807.024787511878
25473,MOSQUERA,CUNDINAMARCA,centro_poblado,primary,15.444609068237511
25473,MOSQUERA,CUNDINAMARCA,centro_poblado,residential,400.076778005653
25473,MOSQUERA,CUNDINAMARCA,centro_poblado,secondary,97.2355929399682
25473,MOSQUERA,CUNDINAMARCA,centro_poblado,service,4030.2967980216436
25473,MOSQUERA,CUNDINAMARCA,centro_poblado,track,373.9445274292112
25473,MOSQUERA,CUNDINAMARCA,centro_poblado,unclassified,674.2997524718326
25473,MOSQUERA,CUNDINAMARCA,rural,cycleway,1457.7708157028678
25473,MOSQUERA,CUNDINAMARCA,rural,footway,5080.851824138464
25473,MOSQUERA,CUNDINAMARCA,rural,path,2110.464934558601
25473,MOSQUERA,CUNDINAMARCA,rural,primary,12967.145482338712
25473,MOSQUERA,CUNDINAMARCA,rural,residential,13239.784972597186
25473,MOSQUERA,CUNDINAMARCA,rural,secondary,2885.4950535075563
25473,MOSQUERA,CUNDINAMARCA,rural,service,67800.62350637426
25473,MOSQUERA,CUNDINAMARCA,rural,tertiary,5519.681154994833
25473,MOSQUERA,CUNDINAMARCA,rural,track,41100.703682353495
25473,MOSQUERA,CUNDINAMARCA,rural,unclassified,95872.97961035479
25473,MOSQUERA,CUNDINAMARCA,rural,unknown,4321.1847035604915
25486,NEMOCON,CUNDINAMARCA,cabecera,footway,857.6825835331381
25486,NEMOCON,CUNDINAMARCA,cabecera,pedestrian,99.83035087548149
25486,NEMOCON,CUNDINAMARCA,cabecera,residential,9693.987075200166
25486,NEMOCON,CUNDINAMARCA,cabecera,secondary,1794.504893089165
25486,NEMOCON,CUNDINAMARCA,cabecera,service,814.4684867764221
25486,NEMOCON,CUNDINAMARCA,cabecera,tertiary,1301.5775002984842
25486,NEMOCON,CUNDINAMARCA,cabecera,unclassified,466.048961490604
25486,NEMOCON,CUNDINAMARCA,centro_poblado,residential,3699.437786813779
25486,NEMOCON,CUNDINAMARCA,centro_poblado,secondary,1060.5434718951633
25486,NEMOCON,CUNDINAMARCA,centro_poblado,service,1520.121247419269
25486,NEMOCON,CUNDINAMARCA,centro_poblado,track,43.23370746171783
25486,NEMOCON,CUNDINAMARCA,centro_poblado,unclassified,878.4881698751072
25486,NEMOCON,CUNDINAMARCA,rural,path,634.8666584618225
25486,NEMOCON,CUNDINAMARCA,rural,residential,17286.15930295524
25486,NEMOCON,CUNDINAMARCA,rural,secondary,8224.757110025324
25486,NEMOCON,CUNDINAMARCA,rural,service,62909.86834245494
25486,NEMOCON,CUNDINAMARCA,rural,tertiary,13050.227721343797
25486,NEMOCON,CUNDINAMARCA,rural,track,20450.154958631025
25486,NEMOCON,CUNDINAMARCA,rural,trunk,10558.5029044949
25486,NEMOCON,CUNDINAMARCA,rural,unclassified,110329.16378399695
25488,NILO,CUNDINAMARCA,cabecera,residential,6764.67822370947
25488,NILO,CUNDINAMARCA,cabecera,service,391.9720471356243
25488,NILO,CUNDINAMARCA,cabecera,unclassified,2386.364034380872
25488,NILO,CUNDINAMARCA,centro_poblado,footway,435.1245684591937
25488,NILO,CUNDINAMARCA,centro_poblado,residential,7011.6751853284095
25488,NILO,CUNDINAMARCA,centro_poblado,service,5078.358957178523
25488,NILO,CUNDINAMARCA,centro_poblado,trunk,3572.453704506134
25488,NILO,CUNDINAMARCA,centro_poblado,unclassified,1287.6677881420171
25488,NILO,CUNDINAMARCA,rural,footway,9284.686086461954
25488,NILO,CUNDINAMARCA,rural,path,209.02995591390774
25488,NILO,CUNDINAMARCA,rural,residential,28971.131893556794
25488,NILO,CUNDINAMARCA,rural,secondary,207.54936303925032
25488,NILO,CUNDINAMARCA,rural,service,16337.609169095032
25488,NILO,CUNDINAMARCA,rural,tertiary,4560.9812802621445
25488,NILO,CUNDINAMARCA,rural,track,7931.8410994024
25488,NILO,CUNDINAMARCA,rural,trunk,29346.653186515872
25488,NILO,CUNDINAMARCA,rural,unclassified,217969.83385901977
25491,NOCAIMA,CUNDINAMARCA,cabecera,residential,5480.29207079776
25491,NOCAIMA,CUNDINAMARCA,cabecera,service,53.83594224581705
25491,NOCAIMA,CUNDINAMARCA,cabecera,tertiary,1715.9571093239422
25491,NOCAIMA,CUNDINAMARCA,cabecera,track,29.609273873550503
25491,NOCAIMA,CUNDINAMARCA,cabecera,unclassified,54.9481825376192
25491,NOCAIMA,CUNDINAMARCA,centro_poblado,residential,1875.9651932431534
25491,NOCAIMA,CUNDINAMARCA,centro_poblado,service,176.27414088467214
25491,NOCAIMA,CUNDINAMARCA,centro_poblado,trunk,547.7899749308817
25491,NOCAIMA,CUNDINAMARCA,rural,path,9745.936433907573
25491,NOCAIMA,CUNDINAMARCA,rural,residential,25941.79857501024
25491,NOCAIMA,CUNDINAMARCA,rural,service,20729.659552545527
25491,NOCAIMA,CUNDINAMARCA,rural,tertiary,15829.41911270655
25491,NOCAIMA,CUNDINAMARCA,rural,track,1521.3607790056305
25491,NOCAIMA,CUNDINAMARCA,rural,trunk,14941.254329977537
25491,NOCAIMA,CUNDINAMARCA,rural,unclassified,126472.80508794232
25513,PACHO,CUNDINAMARCA,cabecera,cycleway,126.73542867429641
25513,PACHO,CUNDINAMARCA,cabecera,footway,203.1436340839835
25513,PACHO,CUNDINAMARCA,cabecera,pedestrian,140.63419812996145
25513,PACHO,CUNDINAMARCA,cabecera,residential,36310.9058737735
25513,PACHO,CUNDINAMARCA,cabecera,secondary,899.1858187197549
25513,PACHO,CUNDINAMARCA,cabecera,service,1051.674751232117
25513,PACHO,CUNDINAMARCA,cabecera,tertiary,8472.761128843857
25513,PACHO,CUNDINAMARCA,cabecera,track,219.28871040852982
25513,PACHO,CUNDINAMARCA,cabecera,unclassified,3609.944606766707
25513,PACHO,CUNDINAMARCA,centro_poblado,residential,2091.383917144671
25513,PACHO,CUNDINAMARCA,centro_poblado,service,6.878685040226664
25513,PACHO,CUNDINAMARCA,centro_poblado,unclassified,63.85482353337977
25513,PACHO,CUNDINAMARCA,rural,bridleway,3152.139289382636
25513,PACHO,CUNDINAMARCA,rural,path,22561.21014778548
25513,PACHO,CUNDINAMARCA,rural,pedestrian,287.88326668211363
25513,PACHO,CUNDINAMARCA,rural,residential,32778.63537495025
25513,PACHO,CUNDINAMARCA,rural,secondary,18986.240075176927
25513,PACHO,CUNDINAMARCA,rural,service,22140.853622342223
25513,PACHO,CUNDINAMARCA,rural,tertiary,30442.763309671613
25513,PACHO,CUNDINAMARCA,rural,track,83456.57179121317
25513,PACHO,CUNDINAMARCA,rural,unclassified,258364.06754402647
25530,PARATEBUENO (LA NAGUAYA),CUNDINAMARCA,cabecera,residential,13375.622357302556
25530,PARATEBUENO (LA NAGUAYA),CUNDINAMARCA,cabecera,service,45.50257230738576
25530,PARATEBUENO (LA NAGUAYA),CUNDINAMARCA,cabecera,tertiary,225.25500340284964
25530,PARATEBUENO (LA NAGUAYA),CUNDINAMARCA,cabecera,trunk,976.3452123671132
25530,PARATEBUENO (LA NAGUAYA),CUNDINAMARCA,cabecera,unclassified,395.9982875576598
25530,PARATEBUENO (LA NAGUAYA),CUNDINAMARCA,centro_poblado,bridleway,56.73679575181582
25530,PARATEBUENO (LA NAGUAYA),CUNDINAMARCA,centro_poblado,residential,7719.30148024243
25530,PARATEBUENO (LA NAGUAYA),CUNDINAMARCA,centro_poblado,service,133.34141535694675
25530,PARATEBUENO (LA NAGUAYA),CUNDINAMARCA,centro_poblado,tertiary,891.2787859641431
25530,PARATEBUENO (LA NAGUAYA),CUNDINAMARCA,centro_poblado,track,81.8422367832815
25530,PARATEBUENO (LA NAGUAYA),CUNDINAMARCA,centro_poblado,trunk,1622.6855465230528
25530,PARATEBUENO (LA NAGUAYA),CUNDINAMARCA,centro_poblado,unclassified,299.1597783036373
25530,PARATEBUENO (LA NAGUAYA),CUNDINAMARCA,rural,bridleway,8632.822032845226
25530,PARATEBUENO (LA NAGUAYA),CUNDINAMARCA,rural,footway,104.51045660145307
25530,PARATEBUENO (LA NAGUAYA),CUNDINAMARCA,rural,residential,10256.626078309948
25530,PARATEBUENO (LA NAGUAYA),CUNDINAMARCA,rural,secondary,2302.9188370777442
25530,PARATEBUENO (LA NAGUAYA),CUNDINAMARCA,rural,service,9274.664647499108
25530,PARATEBUENO (LA NAGUAYA),CUNDINAMARCA,rural,tertiary,28267.799197873846
25530,PARATEBUENO (LA NAGUAYA),CUNDINAMARCA,rural,track,112234.78828172434
25530,PARATEBUENO (LA NAGUAYA),CUNDINAMARCA,rural,trunk,49100.741025666975
25530,PARATEBUENO (LA NAGUAYA),CUNDINAMARCA,rural,unclassified,156590.0721781166
25535,PASCA,CUNDINAMARCA,cabecera,footway,94.81228506357463
25535,PASCA,CUNDINAMARCA,cabecera,residential,6562.684896462447
25535,PASCA,CUNDINAMARCA,cabecera,service,38.56749332514094
25535,PASCA,CUNDINAMARCA,cabecera,tertiary,1225.5597347131122
25535,PASCA,CUNDINAMARCA,cabecera,track,50.79893833519274
25535,PASCA,CUNDINAMARCA,cabecera,unclassified,219.10518006366442
25535,PASCA,CUNDINAMARCA,centro_poblado,residential,48.89552017617292
25535,PASCA,CUNDINAMARCA,centro_poblado,tertiary,160.13886942998852
25535,PASCA,CUNDINAMARCA,centro_poblado,unclassified,1621.9612471995367
25535,PASCA,CUNDINAMARCA,rural,bridleway,9787.95354764496
25535,PASCA,CUNDINAMARCA,rural,footway,29.422867985153427
25535,PASCA,CUNDINAMARCA,rural,path,26316.32580112353
25535,PASCA,CUNDINAMARCA,rural,residential,9964.555906391595
25535,PASCA,CUNDINAMARCA,rural,service,4657.698411343574
25535,PASCA,CUNDINAMARCA,rural,tertiary,28674.269293856727
25535,PASCA,CUNDINAMARCA,rural,track,19274.899526755617
25535,PASCA,CUNDINAMARCA,rural,unclassified,181531.68367280494
25572,PUERTO SALGAR,CUNDINAMARCA,cabecera,footway,1476.8242613463506
25572,PUERTO SALGAR,CUNDINAMARCA,cabecera,primary,2045.1042440576928
25572,PUERTO SALGAR,CUNDINAMARCA,cabecera,residential,21052.61136886846
25572,PUERTO SALGAR,CUNDINAMARCA,cabecera,service,1437.1376540031995
25572,PUERTO SALGAR,CUNDINAMARCA,cabecera,tertiary,791.8361221084709
25572,PUERTO SALGAR,CUNDINAMARCA,cabecera,track,122.35446403806576
25572,PUERTO SALGAR,CUNDINAMARCA,cabecera,unclassified,5338.990462542515
25572,PUERTO SALGAR,CUNDINAMARCA,centro_poblado,residential,3219.360307604678
25572,PUERTO SALGAR,CUNDINAMARCA,centro_poblado,service,140.6299638536035
25572,PUERTO SALGAR,CUNDINAMARCA,centro_poblado,track,50.86233066422291
25572,PUERTO SALGAR,CUNDINAMARCA,centro_poblado,trunk,387.16120700011953
25572,PUERTO SALGAR,CUNDINAMARCA,centro_poblado,unclassified,888.9656952758221
25572,PUERTO SALGAR,CUNDINAMARCA,rural,bridleway,59.49028355424804
25572,PUERTO SALGAR,CUNDINAMARCA,rural,footway,251.31588771545773
25572,PUERTO SALGAR,CUNDINAMARCA,rural,primary,2735.7461750213542
25572,PUERTO SALGAR,CUNDINAMARCA,rural,residential,7823.0074072212965
25572,PUERTO SALGAR,CUNDINAMARCA,rural,service,37644.82381348381
25572,PUERTO SALGAR,CUNDINAMARCA,rural,tertiary,14065.18782189217
25572,PUERTO SALGAR,CUNDINAMARCA,rural,track,54033.63790117996
25572,PUERTO SALGAR,CUNDINAMARCA,rural,trunk,102523.18071715428
25572,PUERTO SALGAR,CUNDINAMARCA,rural,unclassified,178709.25442499324
25594,QUETAME,CUNDINAMARCA,cabecera,path,567.346874936348
25594,QUETAME,CUNDINAMARCA,cabecera,residential,2706.0259823418664
25594,QUETAME,CUNDINAMARCA,cabecera,tertiary,1464.5335145512406
25594,QUETAME,CUNDINAMARCA,cabecera,track,63.71865834085587
25594,QUETAME,CUNDINAMARCA,cabecera,unclassified,452.9613083170021
25594,QUETAME,CUNDINAMARCA,centro_poblado,footway,77.75556814017328
25594,QUETAME,CUNDINAMARCA,centro_poblado,path,2.036319324738741
25594,QUETAME,CUNDINAMARCA,centro_poblado,residential,320.18939973865474
25594,QUETAME,CUNDINAMARCA,centro_poblado,service,142.3513205666911
25594,QUETAME,CUNDINAMARCA,centro_poblado,tertiary,708.5207298267202
25594,QUETAME,CUNDINAMARCA,centro_poblado,trunk,1162.790295662502
25594,QUETAME,CUNDINAMARCA,centro_poblado,unclassified,367.70720171782534
25594,QUETAME,CUNDINAMARCA,rural,bridleway,17328.99400737055
25594,QUETAME,CUNDINAMARCA,rural,footway,518.7908985774136
25594,QUETAME,CUNDINAMARCA,rural,path,24250.09049269673
25594,QUETAME,CUNDINAMARCA,rural,residential,5737.836010670722
25594,QUETAME,CUNDINAMARCA,rural,service,14393.453858413815
25594,QUETAME,CUNDINAMARCA,rural,tertiary,1547.8510368062946
25594,QUETAME,CUNDINAMARCA,rural,track,18061.203646825183
25594,QUETAME,CUNDINAMARCA,rural,trunk,16017.734169570891
25594,QUETAME,CUNDINAMARCA,rural,unclassified,126883.0666656519
25596,QUIPILE,CUNDINAMARCA,cabecera,footway,44.623519563723384
25596,QUIPILE,CUNDINAMARCA,cabecera,path,134.16933386566964
25596,QUIPILE,CUNDINAMARCA,cabecera,residential,939.5382201949049
25596,QUIPILE,CUNDINAMARCA,cabecera,service,17.792221907272445
25596,QUIPILE,CUNDINAMARCA,cabecera,tertiary,865.6153093102794
25596,QUIPILE,CUNDINAMARCA,centro_poblado,path,22.079295360239513
25596,QUIPILE,CUNDINAMARCA,centro_poblado,residential,3780.067271732293
25596,QUIPILE,CUNDINAMARCA,centro_poblado,tertiary,355.0480178134847
25596,QUIPILE,CUNDINAMARCA,centro_poblado,unclassified,115.77829717801937
25596,QUIPILE,CUNDINAMARCA,rural,bridleway,3438.8584624254536
25596,QUIPILE,CUNDINAMARCA,rural,path,3107.143414827651
25596,QUIPILE,CUNDINAMARCA,rural,residential,1226.1840918297303
25596,QUIPILE,CUNDINAMARCA,rural,service,1900.8402090084112
25596,QUIPILE,CUNDINAMARCA,rural,tertiary,28359.68905344432
25596,QUIPILE,CUNDINAMARCA,rural,track,15168.41573047619
25596,QUIPILE,CUNDINAMARCA,rural,unclassified,202535.67168575575
25599,APULO,CUNDINAMARCA,cabecera,footway,15.214109386740082
25599,APULO,CUNDINAMARCA,cabecera,path,515.4727490552622
25599,APULO,CUNDINAMARCA,cabecera,primary,2006.063163917702
25599,APULO,CUNDINAMARCA,cabecera,residential,17882.97195772547
25599,APULO,CUNDINAMARCA,cabecera,service,574.1890482278438
25599,APULO,CUNDINAMARCA,cabecera,tertiary,1036.3992619003802
25599,APULO,CUNDINAMARCA,cabecera,track,56.3350764273347
25599,APULO,CUNDINAMARCA,cabecera,unclassified,2303.0516150899407
25599,APULO,CUNDINAMARCA,rural,bridleway,1323.89595905248
25599,APULO,CUNDINAMARCA,rural,footway,46.72176232264271
25599,APULO,CUNDINAMARCA,rural,path,15425.319937842207
25599,APULO,CUNDINAMARCA,rural,primary,10864.180518413441
25599,APULO,CUNDINAMARCA,rural,residential,37195.10191001317
25599,APULO,CUNDINAMARCA,rural,secondary,4763.167042123694
25599,APULO,CUNDINAMARCA,rural,service,11274.859537161246
25599,APULO,CUNDINAMARCA,rural,tertiary,13664.670806738319
25599,APULO,CUNDINAMARCA,rural,track,14293.845928479044
25599,APULO,CUNDINAMARCA,rural,unclassified,151443.78926974823
25612,RICAURTE,CUNDINAMARCA,cabecera,cycleway,5351.405047032423
25612,RICAURTE,CUNDINAMARCA,cabecera,footway,2452.5300512634585
25612,RICAURTE,CUNDINAMARCA,cabecera,path,3928.2548913579244
25612,RICAURTE,CUNDINAMARCA,cabecera,primary,5446.155882637321
25612,RICAURTE,CUNDINAMARCA,cabecera,residential,86273.16231649964
25612,RICAURTE,CUNDINAMARCA,cabecera,service,27260.76404260475
25612,RICAURTE,CUNDINAMARCA,cabecera,steps,46.31114209048262
25612,RICAURTE,CUNDINAMARCA,cabecera,tertiary,8956.423750398477
25612,RICAURTE,CUNDINAMARCA,cabecera,track,2032.9886611877573
25612,RICAURTE,CUNDINAMARCA,cabecera,unclassified,136.08360631202444
25612,RICAURTE,CUNDINAMARCA,centro_poblado,cycleway,725.7466402433273
25612,RICAURTE,CUNDINAMARCA,centro_poblado,primary,423.45241026947957
25612,RICAURTE,CUNDINAMARCA,centro_poblado,residential,11440.410287925477
25612,RICAURTE,CUNDINAMARCA,centro_poblado,secondary,71.33622106881896
25612,RICAURTE,CUNDINAMARCA,centro_poblado,service,812.8650256915929
25612,RICAURTE,CUNDINAMARCA,centro_poblado,tertiary,3029.7033085871376
25612,RICAURTE,CUNDINAMARCA,centro_poblado,unclassified,2846.9328212973783
25612,RICAURTE,CUNDINAMARCA,rural,cycleway,2502.6230627460354
25612,RICAURTE,CUNDINAMARCA,rural,footway,104.40415037664175
25612,RICAURTE,CUNDINAMARCA,rural,path,41.67510580763465
25612,RICAURTE,CUNDINAMARCA,rural,primary,3708.6259773010647
25612,RICAURTE,CUNDINAMARCA,rural,residential,26123.411898133356
25612,RICAURTE,CUNDINAMARCA,rural,secondary,3.4410869246908566
25612,RICAURTE,CUNDINAMARCA,rural,service,19039.281821357232
25612,RICAURTE,CUNDINAMARCA,rural,tertiary,33937.61287764332
25612,RICAURTE,CUNDINAMARCA,rural,track,1995.6198402180044
25612,RICAURTE,CUNDINAMARCA,rural,trunk,5219.44549227431
25612,RICAURTE,CUNDINAMARCA,rural,unclassified,65295.38079231456
25645,SAN ANTONIO DEL TEQUENDAMA,CUNDINAMARCA,cabecera,bridleway,150.2978428028197
25645,SAN ANTONIO DEL TEQUENDAMA,CUNDINAMARCA,cabecera,footway,110.7500847699734
25645,SAN ANTONIO DEL TEQUENDAMA,CUNDINAMARCA,cabecera,residential,1872.1072797081147
25645,SAN ANTONIO DEL TEQUENDAMA,CUNDINAMARCA,cabecera,service,257.67677180318344
25645,SAN ANTONIO DEL TEQUENDAMA,CUNDINAMARCA,cabecera,steps,77.47007257588871
25645,SAN ANTONIO DEL TEQUENDAMA,CUNDINAMARCA,cabecera,tertiary,517.9361106865364
25645,SAN ANTONIO DEL TEQUENDAMA,CUNDINAMARCA,cabecera,unclassified,652.1500981243805
25645,SAN ANTONIO DEL TEQUENDAMA,CUNDINAMARCA,centro_poblado,residential,3669.7895392762166
25645,SAN ANTONIO DEL TEQUENDAMA,CUNDINAMARCA,centro_poblado,secondary,1483.1356627739654
25645,SAN ANTONIO DEL TEQUENDAMA,CUNDINAMARCA,centro_poblado,service,3.1271982994912104
25645,SAN ANTONIO DEL TEQUENDAMA,CUNDINAMARCA,centro_poblado,tertiary,647.6109103580109
25645,SAN ANTONIO DEL TEQUENDAMA,CUNDINAMARCA,centro_poblado,unclassified,1782.1675542846651
25645,SAN ANTONIO DEL TEQUENDAMA,CUNDINAMARCA,rural,bridleway,8120.7616451728645
25645,SAN ANTONIO DEL TEQUENDAMA,CUNDINAMARCA,rural,footway,2605.623432016067
25645,SAN ANTONIO DEL TEQUENDAMA,CUNDINAMARCA,rural,path,17474.542698297137
25645,SAN ANTONIO DEL TEQUENDAMA,CUNDINAMARCA,rural,residential,39995.6603506679
25645,SAN ANTONIO DEL TEQUENDAMA,CUNDINAMARCA,rural,secondary,16347.66024895371
25645,SAN ANTONIO DEL TEQUENDAMA,CUNDINAMARCA,rural,service,11568.034748380105
25645,SAN ANTONIO DEL TEQUENDAMA,CUNDINAMARCA,rural,steps,7.640740916294363
25645,SAN ANTONIO DEL TEQUENDAMA,CUNDINAMARCA,rural,tertiary,15173.543502825903
25645,SAN ANTONIO DEL TEQUENDAMA,CUNDINAMARCA,rural,track,7959.534744475733
25645,SAN ANTONIO DEL TEQUENDAMA,CUNDINAMARCA,rural,unclassified,129372.08537731715
25649,SAN BERNARDO,CUNDINAMARCA,cabecera,footway,183.45115445881316
25649,SAN BERNARDO,CUNDINAMARCA,cabecera,residential,10971.928883195655
25649,SAN BERNARDO,CUNDINAMARCA,cabecera,tertiary,681.3718157640409
25649,SAN BERNARDO,CUNDINAMARCA,cabecera,unclassified,118.25207596473223
25649,SAN BERNARDO,CUNDINAMARCA,centro_poblado,residential,137.8021866712029
25649,SAN BERNARDO,CUNDINAMARCA,centro_poblado,tertiary,368.24021041117584
25649,SAN BERNARDO,CUNDINAMARCA,centro_poblado,unclassified,104.39260717208604
25649,SAN BERNARDO,CUNDINAMARCA,rural,bridleway,8197.666787060552
25649,SAN BERNARDO,CUNDINAMARCA,rural,path,3321.929443789115
25649,SAN BERNARDO,CUNDINAMARCA,rural,residential,13169.514202785318
25649,SAN BERNARDO,CUNDINAMARCA,rural,service,505.26886982143003
25649,SAN BERNARDO,CUNDINAMARCA,rural,tertiary,11776.273923241426
25649,SAN BERNARDO,CUNDINAMARCA,rural,track,11882.706201857345
25649,SAN BERNARDO,CUNDINAMARCA,rural,unclassified,136552.6191433818
25658,SAN FRANCISCO,CUNDINAMARCA,cabecera,footway,2.171716608854957
25658,SAN FRANCISCO,CUNDINAMARCA,cabecera,path,173.09682864013402
25658,SAN FRANCISCO,CUNDINAMARCA,cabecera,residential,9875.799730519131
25658,SAN FRANCISCO,CUNDINAMARCA,cabecera,service,372.12075533494317
25658,SAN FRANCISCO,CUNDINAMARCA,cabecera,tertiary,2054.278231343038
25658,SAN FRANCISCO,CUNDINAMARCA,cabecera,unclassified,628.4181012427237
25658,SAN FRANCISCO,CUNDINAMARCA,rural,bridleway,3992.491641318744
25658,SAN FRANCISCO,CUNDINAMARCA,rural,footway,1901.367093385995
25658,SAN FRANCISCO,CUNDINAMARCA,rural,path,1095.5787162106126
25658,SAN FRANCISCO,CUNDINAMARCA,rural,residential,33589.00073806329
25658,SAN FRANCISCO,CUNDINAMARCA,rural,service,21303.84353335654
25658,SAN FRANCISCO,CUNDINAMARCA,rural,tertiary,16803.570050698443
25658,SAN FRANCISCO,CUNDINAMARCA,rural,track,25734.486846748892
25658,SAN FRANCISCO,CUNDINAMARCA,rural,trunk,25406.902570352944
25658,SAN FRANCISCO,CUNDINAMARCA,rural,unclassified,126772.08088123484
25718,SASAIMA,CUNDINAMARCA,cabecera,primary,1359.4541811062877
25718,SASAIMA,CUNDINAMARCA,cabecera,residential,5218.484910844305
25718,SASAIMA,CUNDINAMARCA,cabecera,service,82.24295278216863
25718,SASAIMA,CUNDINAMARCA,cabecera,tertiary,1420.9770032235308
25718,SASAIMA,CUNDINAMARCA,cabecera,unclassified,469.16351445327695
25718,SASAIMA,CUNDINAMARCA,centro_poblado,primary,325.02648577706793
25718,SASAIMA,CUNDINAMARCA,centro_poblado,residential,1231.0661262533886
25718,SASAIMA,CUNDINAMARCA,centro_poblado,service,874.1787431110564
25718,SASAIMA,CUNDINAMARCA,centro_poblado,unclassified,616.7640276397931
25718,SASAIMA,CUNDINAMARCA,rural,bridleway,14002.734709428583
25718,SASAIMA,CUNDINAMARCA,rural,footway,112.01171102560309
25718,SASAIMA,CUNDINAMARCA,rural,path,2970.56354436707
25718,SASAIMA,CUNDINAMARCA,rural,primary,12461.407819354337
25718,SASAIMA,CUNDINAMARCA,rural,residential,29437.377530914684
25718,SASAIMA,CUNDINAMARCA,rural,service,27972.563942145025
25718,SASAIMA,CUNDINAMARCA,rural,tertiary,11561.368070282653
25718,SASAIMA,CUNDINAMARCA,rural,track,13100.46906161083
25718,SASAIMA,CUNDINAMARCA,rural,unclassified,186162.58065551883
25736,SESQUILE,CUNDINAMARCA,cabecera,pedestrian,113.02084832553359
25736,SESQUILE,CUNDINAMARCA,cabecera,residential,9748.893050789282
25736,SESQUILE,CUNDINAMARCA,cabecera,secondary,875.850746993538
25736,SESQUILE,CUNDINAMARCA,cabecera,service,295.70196498106134
25736,SESQUILE,CUNDINAMARCA,cabecera,steps,20.482632978139197
25736,SESQUILE,CUNDINAMARCA,cabecera,tertiary,98.56010575372272
25736,SESQUILE,CUNDINAMARCA,cabecera,track,46.64374499251639
25736,SESQUILE,CUNDINAMARCA,cabecera,unclassified,323.14089508115006
25736,SESQUILE,CUNDINAMARCA,centro_poblado,footway,133.67402617387017
25736,SESQUILE,CUNDINAMARCA,centro_poblado,path,397.89413394984024
25736,SESQUILE,CUNDINAMARCA,centro_poblado,residential,8520.67717971897
25736,SESQUILE,CUNDINAMARCA,centro_poblado,secondary,555.4607735546322
25736,SESQUILE,CUNDINAMARCA,centro_poblado,service,1083.1949230580506
25736,SESQUILE,CUNDINAMARCA,centro_poblado,tertiary,74.67671155982009
25736,SESQUILE,CUNDINAMARCA,centro_poblado,trunk,3821.911538542181
25736,SESQUILE,CUNDINAMARCA,centro_poblado,unclassified,354.9314538440346
25736,SESQUILE,CUNDINAMARCA,rural,bridleway,4912.789387895827
25736,SESQUILE,CUNDINAMARCA,rural,footway,293.73839201575794
25736,SESQUILE,CUNDINAMARCA,rural,path,28409.754411770144
25736,SESQUILE,CUNDINAMARCA,rural,residential,29091.266654432027
25736,SESQUILE,CUNDINAMARCA,rural,secondary,14836.649727799473
25736,SESQUILE,CUNDINAMARCA,rural,service,74534.08830580799
25736,SESQUILE,CUNDINAMARCA,rural,tertiary,14255.224374991774
25736,SESQUILE,CUNDINAMARCA,rural,track,23767.43866822495
25736,SESQUILE,CUNDINAMARCA,rural,trunk,18017.26338279038
25736,SESQUILE,CUNDINAMARCA,rural,unclassified,164644.10456064297
25740,SIBATE,CUNDINAMARCA,cabecera,cycleway,286.96423236256527
25740,SIBATE,CUNDINAMARCA,cabecera,footway,1272.9266487974783
25740,SIBATE,CUNDINAMARCA,cabecera,path,350.9779202382144
25740,SIBATE,CUNDINAMARCA,cabecera,pedestrian,259.9155823599788
25740,SIBATE,CUNDINAMARCA,cabecera,residential,27722.55319986806
25740,SIBATE,CUNDINAMARCA,cabecera,secondary,2357.7865959439373
25740,SIBATE,CUNDINAMARCA,cabecera,service,2133.6657580905758
25740,SIBATE,CUNDINAMARCA,cabecera,tertiary,2959.5038624162676
25740,SIBATE,CUNDINAMARCA,cabecera,track,286.21563106560563
25740,SIBATE,CUNDINAMARCA,cabecera,unclassified,1995.1406378305107
25740,SIBATE,CUNDINAMARCA,centro_poblado,cycleway,12.513613190107623
25740,SIBATE,CUNDINAMARCA,centro_poblado,footway,76.64308538765576
25740,SIBATE,CUNDINAMARCA,centro_poblado,path,0.34810589755196897
25740,SIBATE,CUNDINAMARCA,centro_poblado,residential,7535.330649071004
25740,SIBATE,CUNDINAMARCA,centro_poblado,secondary,971.2166753902779
25740,SIBATE,CUNDINAMARCA,centro_poblado,service,544.2111365381141
25740,SIBATE,CUNDINAMARCA,centro_poblado,tertiary,893.3205778925459
25740,SIBATE,CUNDINAMARCA,centro_poblado,track,197.55037743097745
25740,SIBATE,CUNDINAMARCA,centro_poblado,unclassified,8514.000626839455
25740,SIBATE,CUNDINAMARCA,rural,bridleway,1250.2014515534097
25740,SIBATE,CUNDINAMARCA,rural,cycleway,1194.4135865346768
25740,SIBATE,CUNDINAMARCA,rural,footway,1970.7243107323334
25740,SIBATE,CUNDINAMARCA,rural,path,8488.19766178453
25740,SIBATE,CUNDINAMARCA,rural,primary,1216.9240851965126
25740,SIBATE,CUNDINAMARCA,rural,residential,27407.66631751342
25740,SIBATE,CUNDINAMARCA,rural,secondary,14890.679263659065
25740,SIBATE,CUNDINAMARCA,rural,service,47780.7572277239
25740,SIBATE,CUNDINAMARCA,rural,tertiary,18749.480578881143
25740,SIBATE,CUNDINAMARCA,rural,track,28317.38048034582
25740,SIBATE,CUNDINAMARCA,rural,trunk,10142.295405320692
25740,SIBATE,CUNDINAMARCA,rural,unclassified,115909.6852545217
25740,SIBATE,CUNDINAMARCA,rural,unknown,76.11485018825913
25743,SILVANIA,CUNDINAMARCA,cabecera,footway,986.9221486317291
25743,SILVANIA,CUNDINAMARCA,cabecera,path,120.97097120204302
25743,SILVANIA,CUNDINAMARCA,cabecera,pedestrian,179.82841810646207
25743,SILVANIA,CUNDINAMARCA,cabecera,residential,34680.51832577429
25743,SILVANIA,CUNDINAMARCA,cabecera,service,5593.35396711328
25743,SILVANIA,CUNDINAMARCA,cabecera,steps,111.88378565205714
25743,SILVANIA,CUNDINAMARCA,cabecera,tertiary,10481.39142262191
25743,SILVANIA,CUNDINAMARCA,cabecera,track,1128.851392418284
25743,SILVANIA,CUNDINAMARCA,cabecera,trunk,3958.3852990996897
25743,SILVANIA,CUNDINAMARCA,cabecera,unclassified,14937.723938684561
25743,SILVANIA,CUNDINAMARCA,centro_poblado,footway,101.74703494410846
25743,SILVANIA,CUNDINAMARCA,centro_poblado,residential,4303.6122029892285
25743,SILVANIA,CUNDINAMARCA,centro_poblado,secondary,383.82560876837715
25743,SILVANIA,CUNDINAMARCA,centro_poblado,service,565.2615266649707
25743,SILVANIA,CUNDINAMARCA,centro_poblado,steps,103.58367949651937
25743,SILVANIA,CUNDINAMARCA,centro_poblado,trunk,2711.758663809773
25743,SILVANIA,CUNDINAMARCA,centro_poblado,unclassified,489.35787541510933
25743,SILVANIA,CUNDINAMARCA,rural,bridleway,528.0961208375369
25743,SILVANIA,CUNDINAMARCA,rural,footway,119.6737446792286
25743,SILVANIA,CUNDINAMARCA,rural,path,574.2610732746792
25743,SILVANIA,CUNDINAMARCA,rural,residential,71293.60628168943
25743,SILVANIA,CUNDINAMARCA,rural,secondary,12255.081753251352
25743,SILVANIA,CUNDINAMARCA,rural,service,29950.104636796143
25743,SILVANIA,CUNDINAMARCA,rural,steps,73.62847768186982
25743,SILVANIA,CUNDINAMARCA,rural,tertiary,1478.3124524888838
25743,SILVANIA,CUNDINAMARCA,rural,track,9007.241134597705
25743,SILVANIA,CUNDINAMARCA,rural,trunk,23526.059635631194
25743,SILVANIA,CUNDINAMARCA,rural,unclassified,255642.3552389278
25745,SIMIJACA,CUNDINAMARCA,cabecera,cycleway,1571.1478385070172
25745,SIMIJACA,CUNDINAMARCA,cabecera,footway,63.37653393104932
25745,SIMIJACA,CUNDINAMARCA,cabecera,path,34.87806288518393
25745,SIMIJACA,CUNDINAMARCA,cabecera,pedestrian,69.30907699583456
25745,SIMIJACA,CUNDINAMARCA,cabecera,residential,25194.869534435522
25745,SIMIJACA,CUNDINAMARCA,cabecera,secondary,1456.557904725229
25745,SIMIJACA,CUNDINAMARCA,cabecera,service,683.0059535270913
25745,SIMIJACA,CUNDINAMARCA,cabecera,tertiary,1250.0467658182629
25745,SIMIJACA,CUNDINAMARCA,cabecera,track,178.36234137788466
25745,SIMIJACA,CUNDINAMARCA,cabecera,unclassified,2059.0439436979404
25745,SIMIJACA,CUNDINAMARCA,centro_poblado,residential,1287.3719261367828
25745,SIMIJACA,CUNDINAMARCA,centro_poblado,secondary,2.0339021974476683
25745,SIMIJACA,CUNDINAMARCA,centro_poblado,service,343.7167542200237
25745,SIMIJACA,CUNDINAMARCA,centro_poblado,tertiary,495.3095232320071
25745,SIMIJACA,CUNDINAMARCA,centro_poblado,trunk,1858.6708997473204
25745,SIMIJACA,CUNDINAMARCA,centro_poblado,unclassified,344.52323001714774
25745,SIMIJACA,CUNDINAMARCA,rural,cycleway,681.1141447416902
25745,SIMIJACA,CUNDINAMARCA,rural,path,2102.5484309417484
25745,SIMIJACA,CUNDINAMARCA,rural,pedestrian,0.324622493026997
25745,SIMIJACA,CUNDINAMARCA,rural,residential,23494.99412512998
25745,SIMIJACA,CUNDINAMARCA,rural,secondary,5908.348976632538
25745,SIMIJACA,CUNDINAMARCA,rural,service,15160.748679902541
25745,SIMIJACA,CUNDINAMARCA,rural,tertiary,6952.737299027491
25745,SIMIJACA,CUNDINAMARCA,rural,track,14424.016873941164
25745,SIMIJACA,CUNDINAMARCA,rural,trunk,6945.459639593691
25745,SIMIJACA,CUNDINAMARCA,rural,unclassified,170463.79742706174
25758,SOPO,CUNDINAMARCA,cabecera,cycleway,770.9687037442403
25758,SOPO,CUNDINAMARCA,cabecera,footway,1429.0854775096477
25758,SOPO,CUNDINAMARCA,cabecera,pedestrian,231.71931719611405
25758,SOPO,CUNDINAMARCA,cabecera,primary,3416.937877115114
25758,SOPO,CUNDINAMARCA,cabecera,residential,24637.526995436598
25758,SOPO,CUNDINAMARCA,cabecera,service,9157.25771768783
25758,SOPO,CUNDINAMARCA,cabecera,tertiary,1911.958733142102
25758,SOPO,CUNDINAMARCA,cabecera,trunk,376.63744369280613
25758,SOPO,CUNDINAMARCA,cabecera,unclassified,876.5119537366027
25758,SOPO,CUNDINAMARCA,centro_poblado,footway,167.9106772293839
25758,SOPO,CUNDINAMARCA,centro_poblado,primary,55.163518097970105
25758,SOPO,CUNDINAMARCA,centro_poblado,residential,1075.055776768206
25758,SOPO,CUNDINAMARCA,centro_poblado,service,969.034404421093
25758,SOPO,CUNDINAMARCA,centro_poblado,tertiary,655.3229500387318
25758,SOPO,CUNDINAMARCA,centro_poblado,unclassified,231.26212194608925
25758,SOPO,CUNDINAMARCA,rural,footway,2778.2134018690263
25758,SOPO,CUNDINAMARCA,rural,path,3595.1126970769474
25758,SOPO,CUNDINAMARCA,rural,pedestrian,25.192379415248475
25758,SOPO,CUNDINAMARCA,rural,primary,12708.71180343738
25758,SOPO,CUNDINAMARCA,rural,residential,85415.6660021921
25758,SOPO,CUNDINAMARCA,rural,service,93564.05903003988
25758,SOPO,CUNDINAMARCA,rural,tertiary,25298.375157499628
25758,SOPO,CUNDINAMARCA,rural,track,15111.04501353388
25758,SOPO,CUNDINAMARCA,rural,trunk,16513.539684186482
25758,SOPO,CUNDINAMARCA,rural,unclassified,80739.35215010632
25769,SUBACHOQUE,CUNDINAMARCA,cabecera,footway,2424.589685599915
25769,SUBACHOQUE,CUNDINAMARCA,cabecera,residential,10174.533929839756
25769,SUBACHOQUE,CUNDINAMARCA,cabecera,service,412.22954684771923
25769,SUBACHOQUE,CUNDINAMARCA,cabecera,tertiary,2703.133187045804
25769,SUBACHOQUE,CUNDINAMARCA,cabecera,track,180.34802405421308
25769,SUBACHOQUE,CUNDINAMARCA,cabecera,unclassified,186.63128664709325
25769,SUBACHOQUE,CUNDINAMARCA,centro_poblado,footway,269.83024444942583
25769,SUBACHOQUE,CUNDINAMARCA,centro_poblado,residential,3103.890644671817
25769,SUBACHOQUE,CUNDINAMARCA,centro_poblado,service,188.65428559438982
25769,SUBACHOQUE,CUNDINAMARCA,centro_poblado,tertiary,1019.926702012415
25769,SUBACHOQUE,CUNDINAMARCA,centro_poblado,track,123.1803012734104
25769,SUBACHOQUE,CUNDINAMARCA,centro_poblado,unclassified,2529.4813656634065
25769,SUBACHOQUE,CUNDINAMARCA,rural,bridleway,1377.0561910255306
25769,SUBACHOQUE,CUNDINAMARCA,rural,footway,457.49452483436147
25769,SUBACHOQUE,CUNDINAMARCA,rural,path,4231.568838013005
25769,SUBACHOQUE,CUNDINAMARCA,rural,residential,61808.05361308638
25769,SUBACHOQUE,CUNDINAMARCA,rural,service,71000.47152191149
25769,SUBACHOQUE,CUNDINAMARCA,rural,steps,10.98434532937339
25769,SUBACHOQUE,CUNDINAMARCA,rural,tertiary,30613.734514016673
25769,SUBACHOQUE,CUNDINAMARCA,rural,track,36151.37936960394
25769,SUBACHOQUE,CUNDINAMARCA,rural,unclassified,255760.81477642048
25772,SUESCA,CUNDINAMARCA,cabecera,footway,319.75219098529203
25772,SUESCA,CUNDINAMARCA,cabecera,residential,13067.140961217257
25772,SUESCA,CUNDINAMARCA,cabecera,secondary,44.4394110168467
25772,SUESCA,CUNDINAMARCA,cabecera,service,265.39585491167946
25772,SUESCA,CUNDINAMARCA,cabecera,tertiary,2916.0432374312827
25772,SUESCA,CUNDINAMARCA,cabecera,track,71.49708497609366
25772,SUESCA,CUNDINAMARCA,cabecera,unclassified,495.49730176245475
25772,SUESCA,CUNDINAMARCA,centro_poblado,path,212.71623734548407
25772,SUESCA,CUNDINAMARCA,centro_poblado,residential,6900.982157310015
25772,SUESCA,CUNDINAMARCA,centro_poblado,secondary,1071.3076507300636
25772,SUESCA,CUNDINAMARCA,centro_poblado,service,230.4438719853375
25772,SUESCA,CUNDINAMARCA,centro_poblado,tertiary,1447.3932690405788
25772,SUESCA,CUNDINAMARCA,centro_poblado,track,108.60551130386264
25772,SUESCA,CUNDINAMARCA,centro_poblado,unclassified,2535.725043403986
25772,SUESCA,CUNDINAMARCA,rural,bridleway,1004.5096082661835
25772,SUESCA,CUNDINAMARCA,rural,path,14258.377429241744
25772,SUESCA,CUNDINAMARCA,rural,residential,16000.660907832747
25772,SUESCA,CUNDINAMARCA,rural,secondary,39548.78439085727
25772,SUESCA,CUNDINAMARCA,rural,service,34585.67286149271
25772,SUESCA,CUNDINAMARCA,rural,tertiary,32199.883000835704
25772,SUESCA,CUNDINAMARCA,rural,track,18746.640182361625
25772,SUESCA,CUNDINAMARCA,rural,trunk,6568.343720763108
25772,SUESCA,CUNDINAMARCA,rural,unclassified,191253.93314369544
25779,SUSA,CUNDINAMARCA,cabecera,residential,5228.210538422605
25779,SUSA,CUNDINAMARCA,cabecera,service,660.3537276315269
25779,SUSA,CUNDINAMARCA,cabecera,tertiary,892.4919143503308
25779,SUSA,CUNDINAMARCA,cabecera,track,116.848217884501
25779,SUSA,CUNDINAMARCA,cabecera,trunk,1795.3716080962017
25779,SUSA,CUNDINAMARCA,cabecera,unclassified,2353.301774652327
25779,SUSA,CUNDINAMARCA,rural,path,929.5330263101802
25779,SUSA,CUNDINAMARCA,rural,residential,4604.63046235303
25779,SUSA,CUNDINAMARCA,rural,service,12704.508497462273
25779,SUSA,CUNDINAMARCA,rural,tertiary,17386.600646506966
25779,SUSA,CUNDINAMARCA,rural,track,4549.538276377679
25779,SUSA,CUNDINAMARCA,rural,trunk,8289.489154310979
25779,SUSA,CUNDINAMARCA,rural,unclassified,210342.8987295979
25785,TABIO,CUNDINAMARCA,cabecera,footway,315.8363983894724
25785,TABIO,CUNDINAMARCA,cabecera,path,54.54197554508332
25785,TABIO,CUNDINAMARCA,cabecera,pedestrian,37.559767874222764
25785,TABIO,CUNDINAMARCA,cabecera,residential,10930.636518878358
25785,TABIO,CUNDINAMARCA,cabecera,secondary,2621.093751000968
25785,TABIO,CUNDINAMARCA,cabecera,service,1419.4303004458206
25785,TABIO,CUNDINAMARCA,cabecera,tertiary,1467.4966236491985
25785,TABIO,CUNDINAMARCA,cabecera,track,115.90517879775153
25785,TABIO,CUNDINAMARCA,cabecera,unclassified,906.7027298655646
25785,TABIO,CUNDINAMARCA,centro_poblado,residential,7361.837088088682
25785,TABIO,CUNDINAMARCA,centro_poblado,secondary,29.641733572843314
25785,TABIO,CUNDINAMARCA,centro_poblado,service,422.6344905206341
25785,TABIO,CUNDINAMARCA,centro_poblado,tertiary,620.8227946124409
25785,TABIO,CUNDINAMARCA,centro_poblado,track,81.73518522189104
25785,TABIO,CUNDINAMARCA,centro_poblado,unclassified,802.7914084288861
25785,TABIO,CUNDINAMARCA,rural,bridleway,2444.1723312607255
25785,TABIO,CUNDINAMARCA,rural,footway,122.51827045362307
25785,TABIO,CUNDINAMARCA,rural,residential,61615.240687942765
25785,TABIO,CUNDINAMARCA,rural,secondary,4950.189978461223
25785,TABIO,CUNDINAMARCA,rural,service,50839.58472408837
25785,TABIO,CUNDINAMARCA,rural,tertiary,23517.66115793659
25785,TABIO,CUNDINAMARCA,rural,track,7686.751776679275
25785,TABIO,CUNDINAMARCA,rural,unclassified,110623.59032040814
25793,TAUSA,CUNDINAMARCA,cabecera,residential,2508.801766972985
25793,TAUSA,CUNDINAMARCA,cabecera,tertiary,1638.4699490077803
25793,TAUSA,CUNDINAMARCA,cabecera,unclassified,620.5472330720222
25793,TAUSA,CUNDINAMARCA,centro_poblado,residential,97.42261447639112
25793,TAUSA,CUNDINAMARCA,centro_poblado,service,364.81508391724486
25793,TAUSA,CUNDINAMARCA,centro_poblado,tertiary,74.96971814198486
25793,TAUSA,CUNDINAMARCA,centro_poblado,trunk,778.0583053159132
25793,TAUSA,CUNDINAMARCA,centro_poblado,unclassified,1458.4375207198027
25793,TAUSA,CUNDINAMARCA,rural,path,5225.189759146773
25793,TAUSA,CUNDINAMARCA,rural,residential,16539.15246292483
25793,TAUSA,CUNDINAMARCA,rural,secondary,3964.042854105565
25793,TAUSA,CUNDINAMARCA,rural,service,17821.662613804427
25793,TAUSA,CUNDINAMARCA,rural,tertiary,34874.321592219145
25793,TAUSA,CUNDINAMARCA,rural,track,118701.92140452904
25793,TAUSA,CUNDINAMARCA,rural,trunk,8929.08267929795
25793,TAUSA,CUNDINAMARCA,rural,unclassified,155493.41341512965
25797,TENA,CUNDINAMARCA,cabecera,residential,3232.8157402862657
25797,TENA,CUNDINAMARCA,cabecera,tertiary,227.35778660451123
25797,TENA,CUNDINAMARCA,cabecera,track,14.148406014168943
25797,TENA,CUNDINAMARCA,cabecera,unclassified,1531.1042098551295
25797,TENA,CUNDINAMARCA,centro_poblado,primary,1013.353167795924
25797,TENA,CUNDINAMARCA,centro_poblado,residential,3337.4289053224056
25797,TENA,CUNDINAMARCA,centro_poblado,secondary,297.19799480814027
25797,TENA,CUNDINAMARCA,centro_poblado,service,201.95934689655456
25797,TENA,CUNDINAMARCA,centro_poblado,tertiary,453.0330292059931
25797,TENA,CUNDINAMARCA,centro_poblado,unclassified,465.5641095848852
25797,TENA,CUNDINAMARCA,rural,bridleway,5659.6915602015815
25797,TENA,CUNDINAMARCA,rural,path,4793.047430902903
25797,TENA,CUNDINAMARCA,rural,primary,17539.83190269472
25797,TENA,CUNDINAMARCA,rural,residential,28717.154514973125
25797,TENA,CUNDINAMARCA,rural,secondary,2779.6548218316957
25797,TENA,CUNDINAMARCA,rural,service,10399.27023522226
25797,TENA,CUNDINAMARCA,rural,steps,31.36203955826734
25797,TENA,CUNDINAMARCA,rural,tertiary,7232.032133269436
25797,TENA,CUNDINAMARCA,rural,track,4544.725982233398
25797,TENA,CUNDINAMARCA,rural,unclassified,102056.55033205132
25799,TENJO,CUNDINAMARCA,cabecera,cycleway,485.5461658402455
25799,TENJO,CUNDINAMARCA,cabecera,footway,78.71834366714562
25799,TENJO,CUNDINAMARCA,cabecera,residential,15986.735766233422
25799,TENJO,CUNDINAMARCA,cabecera,secondary,3424.050390363793
25799,TENJO,CUNDINAMARCA,cabecera,service,1606.4786271521632
25799,TENJO,CUNDINAMARCA,cabecera,tertiary,1163.4903667627902
25799,TENJO,CUNDINAMARCA,cabecera,track,222.63517184452587
25799,TENJO,CUNDINAMARCA,cabecera,unclassified,486.2598486507847
25799,TENJO,CUNDINAMARCA,centro_poblado,cycleway,2.818595400906319
25799,TENJO,CUNDINAMARCA,centro_poblado,residential,8025.317195952549
25799,TENJO,CUNDINAMARCA,centro_poblado,secondary,666.0336657116378
25799,TENJO,CUNDINAMARCA,centro_poblado,service,1310.8915349905667
25799,TENJO,CUNDINAMARCA,centro_poblado,track,249.29355199967097
25799,TENJO,CUNDINAMARCA,centro_poblado,trunk,1528.6820848966968
25799,TENJO,CUNDINAMARCA,centro_poblado,unclassified,1399.774019994862
25799,TENJO,CUNDINAMARCA,rural,cycleway,556.1001469227166
25799,TENJO,CUNDINAMARCA,rural,footway,1437.9561369428234
25799,TENJO,CUNDINAMARCA,rural,path,1040.0044190964402
25799,TENJO,CUNDINAMARCA,rural,primary,2399.6926482274066
25799,TENJO,CUNDINAMARCA,rural,residential,88842.19751176497
25799,TENJO,CUNDINAMARCA,rural,secondary,24296.53148070354
25799,TENJO,CUNDINAMARCA,rural,service,136091.67668521716
25799,TENJO,CUNDINAMARCA,rural,tertiary,10422.005502373922
25799,TENJO,CUNDINAMARCA,rural,track,11807.557470669473
25799,TENJO,CUNDINAMARCA,rural,trunk,13174.360266470037
25799,TENJO,CUNDINAMARCA,rural,unclassified,117113.24001188115
25815,TOCAIMA,CUNDINAMARCA,cabecera,cycleway,248.48649717999206
25815,TOCAIMA,CUNDINAMARCA,cabecera,footway,31.316222237062323
25815,TOCAIMA,CUNDINAMARCA,cabecera,primary,3176.953767776536
25815,TOCAIMA,CUNDINAMARCA,cabecera,residential,40956.93243584234
25815,TOCAIMA,CUNDINAMARCA,cabecera,service,530.5003329199607
25815,TOCAIMA,CUNDINAMARCA,cabecera,steps,38.57442502898314
25815,TOCAIMA,CUNDINAMARCA,cabecera,tertiary,1220.1244185322166
25815,TOCAIMA,CUNDINAMARCA,cabecera,track,474.26872414145646
25815,TOCAIMA,CUNDINAMARCA,cabecera,unclassified,2038.0533385175547
25815,TOCAIMA,CUNDINAMARCA,centro_poblado,footway,37.39164259461836
25815,TOCAIMA,CUNDINAMARCA,centro_poblado,primary,2207.61988513707
25815,TOCAIMA,CUNDINAMARCA,centro_poblado,residential,6572.448429161382
25815,TOCAIMA,CUNDINAMARCA,centro_poblado,service,838.2411670899232
25815,TOCAIMA,CUNDINAMARCA,centro_poblado,unclassified,4012.018654886306
25815,TOCAIMA,CUNDINAMARCA,rural,bridleway,1071.4300905280893
25815,TOCAIMA,CUNDINAMARCA,rural,path,396.15613441806556
25815,TOCAIMA,CUNDINAMARCA,rural,primary,15565.218664110713
25815,TOCAIMA,CUNDINAMARCA,rural,residential,17281.74102763052
25815,TOCAIMA,CUNDINAMARCA,rural,secondary,2063.1707562632155
25815,TOCAIMA,CUNDINAMARCA,rural,service,30361.65083672503
25815,TOCAIMA,CUNDINAMARCA,rural,tertiary,16398.608828915014
25815,TOCAIMA,CUNDINAMARCA,rural,track,9507.833415205905
25815,TOCAIMA,CUNDINAMARCA,rural,unclassified,206762.53053360412
25817,TOCANCIPA,CUNDINAMARCA,cabecera,cycleway,1612.0976362711153
25817,TOCANCIPA,CUNDINAMARCA,cabecera,footway,2329.8414477735714
25817,TOCANCIPA,CUNDINAMARCA,cabecera,path,265.01457954328777
25817,TOCANCIPA,CUNDINAMARCA,cabecera,pedestrian,674.8471332483994
25817,TOCANCIPA,CUNDINAMARCA,cabecera,residential,14317.490295549385
25817,TOCANCIPA,CUNDINAMARCA,cabecera,secondary,1701.7349712324487
25817,TOCANCIPA,CUNDINAMARCA,cabecera,service,4596.917588211822
25817,TOCANCIPA,CUNDINAMARCA,cabecera,tertiary,3135.8989431211676
25817,TOCANCIPA,CUNDINAMARCA,cabecera,trunk,2767.503741725858
25817,TOCANCIPA,CUNDINAMARCA,cabecera,unclassified,763.8368349953618
25817,TOCANCIPA,CUNDINAMARCA,centro_poblado,cycleway,2792.0470430203527
25817,TOCANCIPA,CUNDINAMARCA,centro_poblado,footway,1663.784385855029
25817,TOCANCIPA,CUNDINAMARCA,centro_poblado,pedestrian,66.46414265461817
25817,TOCANCIPA,CUNDINAMARCA,centro_poblado,primary,28.290423469059185
25817,TOCANCIPA,CUNDINAMARCA,centro_poblado,residential,20059.53304302056
25817,TOCANCIPA,CUNDINAMARCA,centro_poblado,service,4453.742156147434
25817,TOCANCIPA,CUNDINAMARCA,centro_poblado,tertiary,1713.915803039264
25817,TOCANCIPA,CUNDINAMARCA,centro_poblado,trunk,576.2761017673237
25817,TOCANCIPA,CUNDINAMARCA,centro_poblado,unclassified,3929.068604545971
25817,TOCANCIPA,CUNDINAMARCA,rural,cycleway,10212.894246499032
25817,TOCANCIPA,CUNDINAMARCA,rural,footway,6215.118964597216
25817,TOCANCIPA,CUNDINAMARCA,rural,path,5860.96400382417
25817,TOCANCIPA,CUNDINAMARCA,rural,pedestrian,3281.049890938654
25817,TOCANCIPA,CUNDINAMARCA,rural,primary,7746.59120426009
25817,TOCANCIPA,CUNDINAMARCA,rural,residential,44956.067964169
25817,TOCANCIPA,CUNDINAMARCA,rural,secondary,2814.7963417597884
25817,TOCANCIPA,CUNDINAMARCA,rural,service,124758.66356118814
25817,TOCANCIPA,CUNDINAMARCA,rural,tertiary,25667.05005703107
25817,TOCANCIPA,CUNDINAMARCA,rural,track,7273.675697847666
25817,TOCANCIPA,CUNDINAMARCA,rural,trunk,15991.506672299785
25817,TOCANCIPA,CUNDINAMARCA,rural,unclassified,54820.9946072359
25843,UBATE,CUNDINAMARCA,cabecera,cycleway,146.65933503987972
25843,UBATE,CUNDINAMARCA,cabecera,footway,2.503439904000396
25843,UBATE,CUNDINAMARCA,cabecera,path,113.99358657421084
25843,UBATE,CUNDINAMARCA,cabecera,pedestrian,192.0670066702247
25843,UBATE,CUNDINAMARCA,cabecera,residential,57308.76207183563
25843,UBATE,CUNDINAMARCA,cabecera,secondary,395.9129408740374
25843,UBATE,CUNDINAMARCA,cabecera,service,6371.41786747959
25843,UBATE,CUNDINAMARCA,cabecera,steps,242.33596660653947
25843,UBATE,CUNDINAMARCA,cabecera,tertiary,5223.0298071015695
25843,UBATE,CUNDINAMARCA,cabecera,track,452.43046472378865
25843,UBATE,CUNDINAMARCA,cabecera,trunk,4349.093233140131
25843,UBATE,CUNDINAMARCA,cabecera,unclassified,4302.510092507559
25843,UBATE,CUNDINAMARCA,centro_poblado,residential,9178.771561318057
25843,UBATE,CUNDINAMARCA,centro_poblado,service,4843.6975157073475
25843,UBATE,CUNDINAMARCA,centro_poblado,tertiary,1920.5828223043657
25843,UBATE,CUNDINAMARCA,centro_poblado,track,141.96502468243506
25843,UBATE,CUNDINAMARCA,centro_poblado,trunk,3940.328465736947
25843,UBATE,CUNDINAMARCA,centro_poblado,unclassified,7209.354545079653
25843,UBATE,CUNDINAMARCA,rural,bridleway,41.53503723395631
25843,UBATE,CUNDINAMARCA,rural,path,1387.409937809328
25843,UBATE,CUNDINAMARCA,rural,residential,33383.30889781801
25843,UBATE,CUNDINAMARCA,rural,secondary,3870.533366022654
25843,UBATE,CUNDINAMARCA,rural,service,29550.3174864861
25843,UBATE,CUNDINAMARCA,rural,tertiary,12000.849433458317
25843,UBATE,CUNDINAMARCA,rural,track,18260.48664762756
25843,UBATE,CUNDINAMARCA,rural,trunk,6597.532621407584
25843,UBATE,CUNDINAMARCA,rural,unclassified,189377.8215743064
25845,UNE,CUNDINAMARCA,cabecera,footway,67.41172587208165
25845,UNE,CUNDINAMARCA,cabecera,residential,5815.864547980311
25845,UNE,CUNDINAMARCA,cabecera,service,51.084026957796766
25845,UNE,CUNDINAMARCA,cabecera,tertiary,1223.3183892752686
25845,UNE,CUNDINAMARCA,cabecera,unclassified,1729.8544047684097
25845,UNE,CUNDINAMARCA,centro_poblado,residential,38.31375837817
25845,UNE,CUNDINAMARCA,centro_poblado,service,34.607982252062875
25845,UNE,CUNDINAMARCA,centro_poblado,tertiary,56.01133074852598
25845,UNE,CUNDINAMARCA,centro_poblado,unclassified,723.0366917464714
25845,UNE,CUNDINAMARCA,rural,bridleway,7520.38679140535
25845,UNE,CUNDINAMARCA,rural,footway,12.17961542917927
25845,UNE,CUNDINAMARCA,rural,path,8133.960655954936
25845,UNE,CUNDINAMARCA,rural,residential,11791.9264698227
25845,UNE,CUNDINAMARCA,rural,service,8940.016023724025
25845,UNE,CUNDINAMARCA,rural,tertiary,14163.903403181524
25845,UNE,CUNDINAMARCA,rural,track,75724.5869286929
25845,UNE,CUNDINAMARCA,rural,unclassified,101647.98826317601
25862,VERGARA,CUNDINAMARCA,cabecera,path,98.9159627175487
25862,VERGARA,CUNDINAMARCA,cabecera,residential,3541.299668056366
25862,VERGARA,CUNDINAMARCA,cabecera,tertiary,432.13567671166555
25862,VERGARA,CUNDINAMARCA,cabecera,unclassified,109.65863768358867
25862,VERGARA,CUNDINAMARCA,centro_poblado,residential,403.2276187546289
25862,VERGARA,CUNDINAMARCA,centro_poblado,track,263.8228445738989
25862,VERGARA,CUNDINAMARCA,centro_poblado,unclassified,1303.9780153367442
25862,VERGARA,CUNDINAMARCA,rural,path,23498.474506491366
25862,VERGARA,CUNDINAMARCA,rural,residential,9569.288050158935
25862,VERGARA,CUNDINAMARCA,rural,service,906.2889108003354
25862,VERGARA,CUNDINAMARCA,rural,tertiary,10507.37312551035
25862,VERGARA,CUNDINAMARCA,rural,track,33505.392177349175
25862,VERGARA,CUNDINAMARCA,rural,unclassified,89189.35367397653
25873,VILLAPINZON,CUNDINAMARCA,cabecera,bridleway,13.363658958550506
25873,VILLAPINZON,CUNDINAMARCA,cabecera,footway,3169.274505304788
25873,VILLAPINZON,CUNDINAMARCA,cabecera,path,22.484213512134275
25873,VILLAPINZON,CUNDINAMARCA,cabecera,residential,13369.664616869331
25873,VILLAPINZON,CUNDINAMARCA,cabecera,service,3637.5119036442507
25873,VILLAPINZON,CUNDINAMARCA,cabecera,tertiary,3029.772185184946
25873,VILLAPINZON,CUNDINAMARCA,cabecera,track,647.9544002284379
25873,VILLAPINZON,CUNDINAMARCA,cabecera,trunk,4934.938603630354
25873,VILLAPINZON,CUNDINAMARCA,cabecera,unclassified,3620.8954077912053
25873,VILLAPINZON,CUNDINAMARCA,centro_poblado,residential,163.35830485827438
25873,VILLAPINZON,CUNDINAMARCA,centro_poblado,unclassified,1732.5217083794682
25873,VILLAPINZON,CUNDINAMARCA,rural,bridleway,66315.0696134101
25873,VILLAPINZON,CUNDINAMARCA,rural,path,9761.832075243017
25873,VILLAPINZON,CUNDINAMARCA,rural,pedestrian,93.37632242124211
25873,VILLAPINZON,CUNDINAMARCA,rural,residential,19742.930768343023
25873,VILLAPINZON,CUNDINAMARCA,rural,secondary,10525.746917212884
25873,VILLAPINZON,CUNDINAMARCA,rural,service,70906.62459977764
25873,VILLAPINZON,CUNDINAMARCA,rural,tertiary,23328.485498108977
25873,VILLAPINZON,CUNDINAMARCA,rural,track,106556.91601253349
25873,VILLAPINZON,CUNDINAMARCA,rural,trunk,25825.92031602021
25873,VILLAPINZON,CUNDINAMARCA,rural,unclassified,348087.15614206233
25875,VILLETA,CUNDINAMARCA,cabecera,footway,1266.8690593441238
25875,VILLETA,CUNDINAMARCA,cabecera,path,90.21190894091103
25875,VILLETA,CUNDINAMARCA,cabecera,pedestrian,267.87799303074667
25875,VILLETA,CUNDINAMARCA,cabecera,primary,2374.554790389068
25875,VILLETA,CUNDINAMARCA,cabecera,residential,54563.26669895258
25875,VILLETA,CUNDINAMARCA,cabecera,service,7038.647099664406
25875,VILLETA,CUNDINAMARCA,cabecera,tertiary,4280.681709026409
25875,VILLETA,CUNDINAMARCA,cabecera,track,39.09171682595236
25875,VILLETA,CUNDINAMARCA,cabecera,trunk,6114.323922946606
25875,VILLETA,CUNDINAMARCA,cabecera,unclassified,4971.888068430248
25875,VILLETA,CUNDINAMARCA,centro_poblado,bridleway,47.60454340803991
25875,VILLETA,CUNDINAMARCA,centro_poblado,residential,2402.3117848889515
25875,VILLETA,CUNDINAMARCA,centro_poblado,service,44.335645206116794
25875,VILLETA,CUNDINAMARCA,centro_poblado,unclassified,861.0962212454845
25875,VILLETA,CUNDINAMARCA,rural,bridleway,4977.128241501196
25875,VILLETA,CUNDINAMARCA,rural,path,1401.3935058067893
25875,VILLETA,CUNDINAMARCA,rural,primary,4505.2897425578785
25875,VILLETA,CUNDINAMARCA,rural,residential,35981.28497088423
25875,VILLETA,CUNDINAMARCA,rural,service,41974.737354911165
25875,VILLETA,CUNDINAMARCA,rural,tertiary,10091.761170454878
25875,VILLETA,CUNDINAMARCA,rural,track,14585.623031468627
25875,VILLETA,CUNDINAMARCA,rural,trunk,25554.45637503836
25875,VILLETA,CUNDINAMARCA,rural,unclassified,228481.05495115902
25878,VIOTA,CUNDINAMARCA,cabecera,bridleway,14.588854473866759
25878,VIOTA,CUNDINAMARCA,cabecera,residential,15938.818825164983
25878,VIOTA,CUNDINAMARCA,cabecera,secondary,2869.911921365643
25878,VIOTA,CUNDINAMARCA,cabecera,service,834.1194850006161
25878,VIOTA,CUNDINAMARCA,cabecera,tertiary,749.4202153332334
25878,VIOTA,CUNDINAMARCA,cabecera,track,250.55169753773137
25878,VIOTA,CUNDINAMARCA,cabecera,unclassified,972.8810776436304
25878,VIOTA,CUNDINAMARCA,centro_poblado,bridleway,4.619876360313049
25878,VIOTA,CUNDINAMARCA,centro_poblado,residential,3893.979949497266
25878,VIOTA,CUNDINAMARCA,centro_poblado,secondary,539.8333772509973
25878,VIOTA,CUNDINAMARCA,centro_poblado,service,61.397086413844924
25878,VIOTA,CUNDINAMARCA,centro_poblado,tertiary,1318.2124944907932
25878,VIOTA,CUNDINAMARCA,centro_poblado,unclassified,410.41846771668406
25878,VIOTA,CUNDINAMARCA,rural,bridleway,5340.710463646715
25878,VIOTA,CUNDINAMARCA,rural,path,575.3523811276355
25878,VIOTA,CUNDINAMARCA,rural,residential,15366.854061634533
25878,VIOTA,CUNDINAMARCA,rural,secondary,9934.54776686732
25878,VIOTA,CUNDINAMARCA,rural,service,9502.407166514771
25878,VIOTA,CUNDINAMARCA,rural,tertiary,48650.76936558854
25878,VIOTA,CUNDINAMARCA,rural,track,7007.451935290843
25878,VIOTA,CUNDINAMARCA,rural,unclassified,255838.51764850054
25885,YACOPI,CUNDINAMARCA,cabecera,path,149.827005584443
25885,YACOPI,CUNDINAMARCA,cabecera,pedestrian,75.5282737277084
25885,YACOPI,CUNDINAMARCA,cabecera,residential,5462.74967410771
25885,YACOPI,CUNDINAMARCA,cabecera,service,23.040463320562786
25885,YACOPI,CUNDINAMARCA,cabecera,tertiary,1547.606232525498
25885,YACOPI,CUNDINAMARCA,cabecera,unclassified,1066.6743103273957
25885,YACOPI,CUNDINAMARCA,centro_poblado,residential,2233.979599688318
25885,YACOPI,CUNDINAMARCA,centro_poblado,unclassified,1934.7091798566469
25885,YACOPI,CUNDINAMARCA,rural,path,3090.043477115487
25885,YACOPI,CUNDINAMARCA,rural,residential,8017.596270988264
25885,YACOPI,CUNDINAMARCA,rural,service,2058.4493541542106
25885,YACOPI,CUNDINAMARCA,rural,tertiary,27060.214334768396
25885,YACOPI,CUNDINAMARCA,rural,track,59621.35026351054
25885,YACOPI,CUNDINAMARCA,rural,unclassified,301645.8885512536
25899,ZIPAQUIRA,CUNDINAMARCA,cabecera,bridleway,141.2231569437819
25899,ZIPAQUIRA,CUNDINAMARCA,cabecera,cycleway,2435.485159937401
25899,ZIPAQUIRA,CUNDINAMARCA,cabecera,footway,6618.04681727129
25899,ZIPAQUIRA,CUNDINAMARCA,cabecera,path,2343.467687957441
25899,ZIPAQUIRA,CUNDINAMARCA,cabecera,pedestrian,604.627899415574
25899,ZIPAQUIRA,CUNDINAMARCA,cabecera,primary,3213.0153696165767
25899,ZIPAQUIRA,CUNDINAMARCA,cabecera,residential,124745.67056818584
25899,ZIPAQUIRA,CUNDINAMARCA,cabecera,secondary,13807.997159864928
25899,ZIPAQUIRA,CUNDINAMARCA,cabecera,service,21135.486377748097
25899,ZIPAQUIRA,CUNDINAMARCA,cabecera,tertiary,5833.982874373533
25899,ZIPAQUIRA,CUNDINAMARCA,cabecera,track,1558.9137738854513
25899,ZIPAQUIRA,CUNDINAMARCA,cabecera,trunk,249.47067826939013
25899,ZIPAQUIRA,CUNDINAMARCA,cabecera,unclassified,6380.526007068352
25899,ZIPAQUIRA,CUNDINAMARCA,centro_poblado,cycleway,242.47331961596126
25899,ZIPAQUIRA,CUNDINAMARCA,centro_poblado,footway,20.087942091959153
25899,ZIPAQUIRA,CUNDINAMARCA,centro_poblado,primary,876.0398304982006
25899,ZIPAQUIRA,CUNDINAMARCA,centro_poblado,residential,27644.096115047487
25899,ZIPAQUIRA,CUNDINAMARCA,centro_poblado,secondary,2589.758339085268
25899,ZIPAQUIRA,CUNDINAMARCA,centro_poblado,service,3906.610218617924
25899,ZIPAQUIRA,CUNDINAMARCA,centro_poblado,tertiary,2903.2634558293585
25899,ZIPAQUIRA,CUNDINAMARCA,centro_poblado,track,51.773767590602304
25899,ZIPAQUIRA,CUNDINAMARCA,centro_poblado,unclassified,1707.4579459118884
25899,ZIPAQUIRA,CUNDINAMARCA,rural,bridleway,3015.2644009678784
25899,ZIPAQUIRA,CUNDINAMARCA,rural,cycleway,3098.0448764087932
25899,ZIPAQUIRA,CUNDINAMARCA,rural,footway,2976.8602385013573
25899,ZIPAQUIRA,CUNDINAMARCA,rural,path,8885.614767888212
25899,ZIPAQUIRA,CUNDINAMARCA,rural,pedestrian,73.42660086463843
25899,ZIPAQUIRA,CUNDINAMARCA,rural,primary,2975.7584262894134
25899,ZIPAQUIRA,CUNDINAMARCA,rural,residential,36992.809660983614
25899,ZIPAQUIRA,CUNDINAMARCA,rural,secondary,22150.5675614107
25899,ZIPAQUIRA,CUNDINAMARCA,rural,service,61695.491667363865
25899,ZIPAQUIRA,CUNDINAMARCA,rural,steps,19.5210709176019
25899,ZIPAQUIRA,CUNDINAMARCA,rural,tertiary,19715.865303055594
25899,ZIPAQUIRA,CUNDINAMARCA,rural,track,64390.972491336885
25899,ZIPAQUIRA,CUNDINAMARCA,rural,trunk,18092.185551100538
25899,ZIPAQUIRA,CUNDINAMARCA,rural,unclassified,171910.43195989533
25899,ZIPAQUIRA,CUNDINAMARCA,rural,unknown,1506.6510883843384
27001,QUIBDO,CHOCO,cabecera,footway,1425.1149955472802
27001,QUIBDO,CHOCO,cabecera,path,8488.897515708715
27001,QUIBDO,CHOCO,cabecera,pedestrian,204.20442592660177
27001,QUIBDO,CHOCO,cabecera,primary,13244.76745138382
27001,QUIBDO,CHOCO,cabecera,residential,159464.67619880155
27001,QUIBDO,CHOCO,cabecera,secondary,3410.775356486259
27001,QUIBDO,CHOCO,cabecera,service,9544.450102015375
27001,QUIBDO,CHOCO,cabecera,steps,8.156216848539191
27001,QUIBDO,CHOCO,cabecera,tertiary,8906.182553461102
27001,QUIBDO,CHOCO,cabecera,track,1785.2333398052801
27001,QUIBDO,CHOCO,cabecera,unclassified,9219.193283315402
27001,QUIBDO,CHOCO,centro_poblado,footway,1859.0527229172642
27001,QUIBDO,CHOCO,centro_poblado,path,5.844679823880652
27001,QUIBDO,CHOCO,centro_poblado,pedestrian,154.30633758271154
27001,QUIBDO,CHOCO,centro_poblado,primary,1471.478489978676
27001,QUIBDO,CHOCO,centro_poblado,residential,5184.15537060377
27001,QUIBDO,CHOCO,centro_poblado,service,119.51533871164324
27001,QUIBDO,CHOCO,centro_poblado,track,30.120159305881238
27001,QUIBDO,CHOCO,centro_poblado,unclassified,225.47448108037196
27001,QUIBDO,CHOCO,rural,footway,973.2449770019712
27001,QUIBDO,CHOCO,rural,path,1385.5745724649141
27001,QUIBDO,CHOCO,rural,primary,33183.78555862327
27001,QUIBDO,CHOCO,rural,residential,15463.906254940008
27001,QUIBDO,CHOCO,rural,service,793.4234474316399
27001,QUIBDO,CHOCO,rural,tertiary,4801.692595943066
27001,QUIBDO,CHOCO,rural,track,10395.704566095463
27001,QUIBDO,CHOCO,rural,unclassified,11786.578811392399
27006,ACANDI,CHOCO,cabecera,footway,1660.5115341453863
27006,ACANDI,CHOCO,cabecera,path,1291.3171095880452
27006,ACANDI,CHOCO,cabecera,residential,14888.90457442956
27006,ACANDI,CHOCO,cabecera,service,1873.4307939376727
27006,ACANDI,CHOCO,cabecera,tertiary,853.5099552473781
27006,ACANDI,CHOCO,cabecera,track,210.84891755728353
27006,ACANDI,CHOCO,cabecera,unclassified,695.3638300164723
27006,ACANDI,CHOCO,centro_poblado,footway,2605.5746444589618
27006,ACANDI,CHOCO,centro_poblado,path,1520.0065523442668
27006,ACANDI,CHOCO,centro_poblado,pedestrian,2668.9911782811546
27006,ACANDI,CHOCO,centro_poblado,residential,8622.214978353015
27006,ACANDI,CHOCO,centro_poblado,track,1118.392124956348
27006,ACANDI,CHOCO,centro_poblado,unclassified,323.6295185600204
27006,ACANDI,CHOCO,rural,bridleway,2380.1175988401737
27006,ACANDI,CHOCO,rural,footway,18235.561833191892
27006,ACANDI,CHOCO,rural,path,95512.62847797734
27006,ACANDI,CHOCO,rural,pedestrian,123.15000389183508
27006,ACANDI,CHOCO,rural,residential,1020.3532096837113
27006,ACANDI,CHOCO,rural,service,1123.0101540977953
27006,ACANDI,CHOCO,rural,steps,148.46500376037866
27006,ACANDI,CHOCO,rural,tertiary,109.44972440667168
27006,ACANDI,CHOCO,rural,track,63413.03782849167
27006,ACANDI,CHOCO,rural,unclassified,84174.7819544736
27025,ALTO BAUDO (PIE DE PATO),CHOCO,cabecera,residential,3410.090401376565
27025,ALTO BAUDO (PIE DE PATO),CHOCO,cabecera,service,138.71159830003504
27025,ALTO BAUDO (PIE DE PATO),CHOCO,centro_poblado,footway,1404.9491792369597
27025,ALTO BAUDO (PIE DE PATO),CHOCO,centro_poblado,path,1228.3033603365955
27025,ALTO BAUDO (PIE DE PATO),CHOCO,rural,footway,1076.7439089802629
27025,ALTO BAUDO (PIE DE PATO),CHOCO,rural,path,3729.3272402950674
27025,ALTO BAUDO (PIE DE PATO),CHOCO,rural,residential,185.5521195532318
27025,ALTO BAUDO (PIE DE PATO),CHOCO,rural,tertiary,2095.408485576199
27025,ALTO BAUDO (PIE DE PATO),CHOCO,rural,track,1740.6560344274155
27075,BAHIA SOLANO (MUTIS),CHOCO,cabecera,footway,2651.3119257166695
27075,BAHIA SOLANO (MUTIS),CHOCO,cabecera,path,432.2922467614643
27075,BAHIA SOLANO (MUTIS),CHOCO,cabecera,residential,14949.647033137204
27075,BAHIA SOLANO (MUTIS),CHOCO,cabecera,service,1042.2190854914122
27075,BAHIA SOLANO (MUTIS),CHOCO,cabecera,tertiary,2198.9962101269666
27075,BAHIA SOLANO (MUTIS),CHOCO,cabecera,track,4.35780173929689
27075,BAHIA SOLANO (MUTIS),CHOCO,centro_poblado,path,601.5876651390829
27075,BAHIA SOLANO (MUTIS),CHOCO,centro_poblado,residential,5236.998294751657
27075,BAHIA SOLANO (MUTIS),CHOCO,centro_poblado,tertiary,502.0594764212159
27075,BAHIA SOLANO (MUTIS),CHOCO,centro_poblado,track,102.58188619898276
27075,BAHIA SOLANO (MUTIS),CHOCO,rural,footway,1477.3270969651994
27075,BAHIA SOLANO (MUTIS),CHOCO,rural,path,6927.304754616582
27075,BAHIA SOLANO (MUTIS),CHOCO,rural,residential,1089.6651386379626
27075,BAHIA SOLANO (MUTIS),CHOCO,rural,service,598.4510257477123
27075,BAHIA SOLANO (MUTIS),CHOCO,rural,tertiary,15357.838441701264
27075,BAHIA SOLANO (MUTIS),CHOCO,rural,track,5236.944714559984
27075,BAHIA SOLANO (MUTIS),CHOCO,rural,unclassified,5701.93920286168
27135,EL CANTON DEL SAN PABLO (MAN.,CHOCO,cabecera,residential,4755.69761925127
27135,EL CANTON DEL SAN PABLO (MAN.,CHOCO,centro_poblado,path,20.865025179096005
27135,EL CANTON DEL SAN PABLO (MAN.,CHOCO,centro_poblado,residential,2782.1016554275407
27135,EL CANTON DEL SAN PABLO (MAN.,CHOCO,centro_poblado,service,73.20886431648447
27135,EL CANTON DEL SAN PABLO (MAN.,CHOCO,centro_poblado,tertiary,1036.2432460651814
27135,EL CANTON DEL SAN PABLO (MAN.,CHOCO,rural,path,37.64747211411785
27135,EL CANTON DEL SAN PABLO (MAN.,CHOCO,rural,residential,1024.9373011940352
27135,EL CANTON DEL SAN PABLO (MAN.,CHOCO,rural,tertiary,11654.39448113332
27135,EL CANTON DEL SAN PABLO (MAN.,CHOCO,rural,unclassified,10609.765459367838
27160,CERTEGUI,CHOCO,cabecera,path,35.47210991685909
27160,CERTEGUI,CHOCO,cabecera,primary,507.4917238742691
27160,CERTEGUI,CHOCO,cabecera,residential,4689.2381957277685
27160,CERTEGUI,CHOCO,cabecera,service,296.8243866754558
27160,CERTEGUI,CHOCO,cabecera,unclassified,33.32987272375697
27160,CERTEGUI,CHOCO,rural,primary,9549.357168821938
27160,CERTEGUI,CHOCO,rural,residential,1255.0395054904282
27160,CERTEGUI,CHOCO,rural,tertiary,6286.521204387281
27160,CERTEGUI,CHOCO,rural,track,27178.1861265701
27160,CERTEGUI,CHOCO,rural,unclassified,375.15119749874077
27205,CONDOTO,CHOCO,cabecera,footway,435.1811171731246
27205,CONDOTO,CHOCO,cabecera,path,272.6577075268341
27205,CONDOTO,CHOCO,cabecera,pedestrian,131.3311046921018
27205,CONDOTO,CHOCO,cabecera,residential,16260.042310105042
27205,CONDOTO,CHOCO,cabecera,secondary,879.236623549173
27205,CONDOTO,CHOCO,cabecera,service,677.3265508872561
27205,CONDOTO,CHOCO,cabecera,tertiary,873.0090787930708
27205,CONDOTO,CHOCO,cabecera,unclassified,29.340028725609418
27205,CONDOTO,CHOCO,centro_poblado,residential,123.16788633620254
27205,CONDOTO,CHOCO,centro_poblado,unclassified,7.756872390002666
27205,CONDOTO,CHOCO,rural,footway,17.238217236709055
27205,CONDOTO,CHOCO,rural,path,1024.2488330323863
27205,CONDOTO,CHOCO,rural,residential,3437.750910741554
27205,CONDOTO,CHOCO,rural,secondary,1316.9981898276972
27205,CONDOTO,CHOCO,rural,service,1002.4913219938136
27205,CONDOTO,CHOCO,rural,tertiary,12053.056465225003
27205,CONDOTO,CHOCO,rural,track,435.65990983156263
27205,CONDOTO,CHOCO,rural,unclassified,16082.755740579474
27361,ISTMINA,CHOCO,cabecera,footway,1385.9870847425454
27361,ISTMINA,CHOCO,cabecera,path,456.318466830485
27361,ISTMINA,CHOCO,cabecera,pedestrian,301.49269493723483
27361,ISTMINA,CHOCO,cabecera,residential,23163.29165779649
27361,ISTMINA,CHOCO,cabecera,secondary,6240.211710577455
27361,ISTMINA,CHOCO,cabecera,service,1259.4956653325821
27361,ISTMINA,CHOCO,cabecera,tertiary,3300.798681925249
27361,ISTMINA,CHOCO,centro_poblado,residential,189.13858172782452
27361,ISTMINA,CHOCO,centro_poblado,track,458.12724608248055
27361,ISTMINA,CHOCO,centro_poblado,unclassified,469.3393368662897
27361,ISTMINA,CHOCO,rural,footway,122.0088687378799
27361,ISTMINA,CHOCO,rural,residential,1974.4866519756947
27361,ISTMINA,CHOCO,rural,secondary,4135.478717656861
27361,ISTMINA,CHOCO,rural,service,52.117237797977815
27361,ISTMINA,CHOCO,rural,tertiary,15177.150043961876
27361,ISTMINA,CHOCO,rural,unclassified,12632.426291265188
27413,LLORO,CHOCO,cabecera,residential,1500.3681662614274
27413,LLORO,CHOCO,cabecera,secondary,37.21307415852915
27413,LLORO,CHOCO,cabecera,service,281.0741303643174
27413,LLORO,CHOCO,rural,primary,2779.9124815112796
27413,LLORO,CHOCO,rural,residential,400.6838712939139
27413,LLORO,CHOCO,rural,secondary,5153.565707774474
27413,LLORO,CHOCO,rural,track,3392.6120845560113
27413,LLORO,CHOCO,rural,unclassified,1872.1663837143587
27450,MEDIO SAN JUAN,CHOCO,cabecera,footway,307.4827243410243
27450,MEDIO SAN JUAN,CHOCO,cabecera,path,298.8776513146155
27450,MEDIO SAN JUAN,CHOCO,cabecera,residential,4067.2411327457557
27450,MEDIO SAN JUAN,CHOCO,cabecera,service,235.47428243651137
27450,MEDIO SAN JUAN,CHOCO,cabecera,tertiary,1557.9090103666247
27450,MEDIO SAN JUAN,CHOCO,cabecera,unclassified,494.7937473046155
27450,MEDIO SAN JUAN,CHOCO,rural,footway,3787.615891147259
27450,MEDIO SAN JUAN,CHOCO,rural,path,1271.6993572546714
27450,MEDIO SAN JUAN,CHOCO,rural,residential,762.0614339960732
27450,MEDIO SAN JUAN,CHOCO,rural,tertiary,1631.9510609202707
27450,MEDIO SAN JUAN,CHOCO,rural,track,1335.4828407067894
27450,MEDIO SAN JUAN,CHOCO,rural,unclassified,1493.0632015687936
27615,RIOSUCIO,CHOCO,cabecera,footway,10567.983434717438
27615,RIOSUCIO,CHOCO,cabecera,path,161.36359507252712
27615,RIOSUCIO,CHOCO,cabecera,tertiary,88.39252667121985
27615,RIOSUCIO,CHOCO,centro_poblado,path,316.69005948993566
27615,RIOSUCIO,CHOCO,centro_poblado,pedestrian,503.9547976418776
27615,RIOSUCIO,CHOCO,centro_poblado,residential,20933.681263797425
27615,RIOSUCIO,CHOCO,centro_poblado,service,74.27648023761816
27615,RIOSUCIO,CHOCO,centro_poblado,tertiary,2113.261587191248
27615,RIOSUCIO,CHOCO,centro_poblado,track,138.81508522493803
27615,RIOSUCIO,CHOCO,centro_poblado,unclassified,815.0949388551909
27615,RIOSUCIO,CHOCO,rural,bridleway,49019.27750555582
27615,RIOSUCIO,CHOCO,rural,footway,18999.57461891466
27615,RIOSUCIO,CHOCO,rural,path,71211.39594414101
27615,RIOSUCIO,CHOCO,rural,pedestrian,201.4777368040226
27615,RIOSUCIO,CHOCO,rural,residential,47589.36612312282
27615,RIOSUCIO,CHOCO,rural,service,4468.048870711289
27615,RIOSUCIO,CHOCO,rural,tertiary,66052.17162722067
27615,RIOSUCIO,CHOCO,rural,track,47903.07973277498
27615,RIOSUCIO,CHOCO,rural,unclassified,284445.03654181486
27787,TADO,CHOCO,cabecera,footway,771.7887067480062
27787,TADO,CHOCO,cabecera,path,508.7927698088789
27787,TADO,CHOCO,cabecera,primary,2901.13596895409
27787,TADO,CHOCO,cabecera,residential,15294.704268154439
27787,TADO,CHOCO,cabecera,service,1063.2161515281036
27787,TADO,CHOCO,cabecera,track,346.96629847688433
27787,TADO,CHOCO,centro_poblado,primary,2722.143690851201
27787,TADO,CHOCO,centro_poblado,residential,2060.8921363987424
27787,TADO,CHOCO,centro_poblado,tertiary,659.4927638788777
27787,TADO,CHOCO,centro_poblado,unclassified,24.1960460571608
27787,TADO,CHOCO,rural,footway,569.4778790643309
27787,TADO,CHOCO,rural,path,1413.5811401271171
27787,TADO,CHOCO,rural,primary,51149.1199634347
27787,TADO,CHOCO,rural,residential,1470.0588876833153
27787,TADO,CHOCO,rural,service,2282.7522444330807
27787,TADO,CHOCO,rural,tertiary,7491.822321699201
27787,TADO,CHOCO,rural,track,3053.6377916316414
27787,TADO,CHOCO,rural,unclassified,1250.7392534169335
27800,UNGUIA,CHOCO,cabecera,footway,760.6573868093617
27800,UNGUIA,CHOCO,cabecera,residential,13637.470331657107
27800,UNGUIA,CHOCO,cabecera,service,80.03850577304146
27800,UNGUIA,CHOCO,cabecera,unclassified,558.9971709254608
27800,UNGUIA,CHOCO,centro_poblado,path,192.0507071419072
27800,UNGUIA,CHOCO,centro_poblado,residential,18412.520192181288
27800,UNGUIA,CHOCO,centro_poblado,service,182.1523677394826
27800,UNGUIA,CHOCO,centro_poblado,track,1426.444920620018
27800,UNGUIA,CHOCO,centro_poblado,unclassified,1532.9908187427288
27800,UNGUIA,CHOCO,rural,bridleway,172.9532713905479
27800,UNGUIA,CHOCO,rural,footway,2375.522088115521
27800,UNGUIA,CHOCO,rural,path,75641.30297048073
27800,UNGUIA,CHOCO,rural,residential,4509.053824690917
27800,UNGUIA,CHOCO,rural,service,1200.192438343131
27800,UNGUIA,CHOCO,rural,track,52841.01039511665
27800,UNGUIA,CHOCO,rural,unclassified,90262.29687367659
41006,ACEVEDO,HUILA,cabecera,residential,11245.821853004252
41006,ACEVEDO,HUILA,cabecera,secondary,2147.3849411325486
41006,ACEVEDO,HUILA,cabecera,service,820.6717296311006
41006,ACEVEDO,HUILA,cabecera,unclassified,884.1771002221407
41006,ACEVEDO,HUILA,centro_poblado,residential,3622.3977130161943
41006,ACEVEDO,HUILA,centro_poblado,service,240.67505109458338
41006,ACEVEDO,HUILA,centro_poblado,tertiary,1105.1563357973898
41006,ACEVEDO,HUILA,centro_poblado,unclassified,2004.6957975193486
41006,ACEVEDO,HUILA,rural,bridleway,841.3229922269638
41006,ACEVEDO,HUILA,rural,footway,1262.0383595037595
41006,ACEVEDO,HUILA,rural,path,7512.609333017703
41006,ACEVEDO,HUILA,rural,residential,5028.980986654114
41006,ACEVEDO,HUILA,rural,secondary,19544.85739372951
41006,ACEVEDO,HUILA,rural,service,1938.0147605454758
41006,ACEVEDO,HUILA,rural,tertiary,37944.845467456245
41006,ACEVEDO,HUILA,rural,track,5075.797353156795
41006,ACEVEDO,HUILA,rural,unclassified,495316.9115104551
41013,AGRADO,HUILA,cabecera,residential,19506.085141929445
41013,AGRADO,HUILA,cabecera,secondary,1363.1753333742606
41013,AGRADO,HUILA,cabecera,tertiary,1772.5960433338864
41013,AGRADO,HUILA,cabecera,track,99.0790772713267
41013,AGRADO,HUILA,cabecera,unclassified,614.2695183301842
41013,AGRADO,HUILA,centro_poblado,residential,1127.7110229380814
41013,AGRADO,HUILA,centro_poblado,service,238.22320908688093
41013,AGRADO,HUILA,centro_poblado,unclassified,81.82405445976202
41013,AGRADO,HUILA,rural,residential,683.9607797492436
41013,AGRADO,HUILA,rural,secondary,16275.308104349437
41013,AGRADO,HUILA,rural,service,5882.929423839435
41013,AGRADO,HUILA,rural,tertiary,19513.837953588798
41013,AGRADO,HUILA,rural,track,4951.156596107138
41013,AGRADO,HUILA,rural,unclassified,115758.3519160313
41016,AIPE,HUILA,cabecera,footway,1065.1817478899131
41016,AIPE,HUILA,cabecera,path,347.06476092975856
41016,AIPE,HUILA,cabecera,pedestrian,789.9273042481876
41016,AIPE,HUILA,cabecera,residential,23544.41323433113
41016,AIPE,HUILA,cabecera,service,1808.417682557547
41016,AIPE,HUILA,cabecera,steps,91.62958541491207
41016,AIPE,HUILA,cabecera,tertiary,4065.953302605544
41016,AIPE,HUILA,cabecera,track,274.15367469611596
41016,AIPE,HUILA,cabecera,trunk,2625.8270879683346
41016,AIPE,HUILA,cabecera,unclassified,1385.7018854785276
41016,AIPE,HUILA,centro_poblado,residential,3991.4822088548135
41016,AIPE,HUILA,centro_poblado,tertiary,1505.5215753448879
41016,AIPE,HUILA,centro_poblado,unclassified,339.6643618944947
41016,AIPE,HUILA,rural,path,998.1995038624441
41016,AIPE,HUILA,rural,residential,6435.746395315641
41016,AIPE,HUILA,rural,service,33105.916291739406
41016,AIPE,HUILA,rural,tertiary,61851.2194468612
41016,AIPE,HUILA,rural,track,36480.833065427076
41016,AIPE,HUILA,rural,trunk,62126.356855805556
41016,AIPE,HUILA,rural,unclassified,286504.6918574612
41020,ALGECIRAS,HUILA,cabecera,residential,33781.05065013413
41020,ALGECIRAS,HUILA,cabecera,secondary,2396.1344805011863
41020,ALGECIRAS,HUILA,cabecera,service,192.62251283278403
41020,ALGECIRAS,HUILA,cabecera,tertiary,1242.8915143689724
41020,ALGECIRAS,HUILA,centro_poblado,residential,3624.8936486579605
41020,ALGECIRAS,HUILA,centro_poblado,secondary,893.4215972336194
41020,ALGECIRAS,HUILA,centro_poblado,tertiary,25.284826825195267
41020,ALGECIRAS,HUILA,centro_poblado,unclassified,256.57489000108234
41020,ALGECIRAS,HUILA,rural,residential,4129.3797333386865
41020,ALGECIRAS,HUILA,rural,secondary,37274.36998799332
41020,ALGECIRAS,HUILA,rural,service,8115.674976117933
41020,ALGECIRAS,HUILA,rural,tertiary,42595.08235598215
41020,ALGECIRAS,HUILA,rural,track,5657.886266333389
41020,ALGECIRAS,HUILA,rural,unclassified,253055.32829863727
41078,BARAYA,HUILA,cabecera,residential,9982.66652468804
41078,BARAYA,HUILA,cabecera,secondary,1252.2806004706536
41078,BARAYA,HUILA,cabecera,tertiary,676.6201770639158
41078,BARAYA,HUILA,rural,path,14981.351931868587
41078,BARAYA,HUILA,rural,residential,1193.361377457002
41078,BARAYA,HUILA,rural,secondary,30921.942104373575
41078,BARAYA,HUILA,rural,service,7924.045444410692
41078,BARAYA,HUILA,rural,tertiary,23077.945905584944
41078,BARAYA,HUILA,rural,track,40740.96758706645
41078,BARAYA,HUILA,rural,unclassified,202270.58383244928
41132,CAMPOALEGRE,HUILA,cabecera,footway,68.04048615799519
41132,CAMPOALEGRE,HUILA,cabecera,residential,59586.047027690154
41132,CAMPOALEGRE,HUILA,cabecera,secondary,987.4672708925054
41132,CAMPOALEGRE,HUILA,cabecera,service,1691.5223130273255
41132,CAMPOALEGRE,HUILA,cabecera,tertiary,383.4316896398256
41132,CAMPOALEGRE,HUILA,cabecera,trunk,3183.224178593112
41132,CAMPOALEGRE,HUILA,cabecera,unclassified,689.3886397489432
41132,CAMPOALEGRE,HUILA,centro_poblado,residential,13828.4640113535
41132,CAMPOALEGRE,HUILA,centro_poblado,secondary,527.9746216480613
41132,CAMPOALEGRE,HUILA,centro_poblado,service,180.9453013169995
41132,CAMPOALEGRE,HUILA,centro_poblado,tertiary,999.696326261874
41132,CAMPOALEGRE,HUILA,centro_poblado,trunk,3486.926212787543
41132,CAMPOALEGRE,HUILA,centro_poblado,unclassified,1387.155177670126
41132,CAMPOALEGRE,HUILA,rural,path,7484.387208105944
41132,CAMPOALEGRE,HUILA,rural,residential,23104.709083066176
41132,CAMPOALEGRE,HUILA,rural,secondary,48856.65526841103
41132,CAMPOALEGRE,HUILA,rural,service,31004.94181344032
41132,CAMPOALEGRE,HUILA,rural,tertiary,19176.810914008613
41132,CAMPOALEGRE,HUILA,rural,track,18322.86491661234
41132,CAMPOALEGRE,HUILA,rural,trunk,18545.240767752286
41132,CAMPOALEGRE,HUILA,rural,unclassified,138462.69598914223
41206,COLOMBIA,HUILA,cabecera,residential,9854.964153815694
41206,COLOMBIA,HUILA,cabecera,tertiary,343.1051727250088
41206,COLOMBIA,HUILA,cabecera,unclassified,544.8055650176717
41206,COLOMBIA,HUILA,centro_poblado,residential,4977.331883188845
41206,COLOMBIA,HUILA,centro_poblado,tertiary,757.9358784475323
41206,COLOMBIA,HUILA,centro_poblado,unclassified,83.93134561177514
41206,COLOMBIA,HUILA,rural,bridleway,23869.79918154956
41206,COLOMBIA,HUILA,rural,path,55056.308361784286
41206,COLOMBIA,HUILA,rural,residential,4535.162625601143
41206,COLOMBIA,HUILA,rural,service,2441.1292304350795
41206,COLOMBIA,HUILA,rural,tertiary,36847.40293221121
41206,COLOMBIA,HUILA,rural,track,54049.7095735887
41206,COLOMBIA,HUILA,rural,unclassified,263589.30975159997
41298,GARZON,HUILA,cabecera,bridleway,111.89809125285542
41298,GARZON,HUILA,cabecera,footway,377.48326409888216
41298,GARZON,HUILA,cabecera,path,220.45287712959913
41298,GARZON,HUILA,cabecera,pedestrian,581.0733717819031
41298,GARZON,HUILA,cabecera,residential,71914.70071280352
41298,GARZON,HUILA,cabecera,secondary,10675.603104996722
41298,GARZON,HUILA,cabecera,service,4460.7112052368875
41298,GARZON,HUILA,cabecera,tertiary,8556.174089242191
41298,GARZON,HUILA,cabecera,track,52.36093400281712
41298,GARZON,HUILA,cabecera,trunk,4931.349101904685
41298,GARZON,HUILA,cabecera,unclassified,829.4653727150093
41298,GARZON,HUILA,centro_poblado,residential,12910.731291265225
41298,GARZON,HUILA,centro_poblado,secondary,1124.4037003273722
41298,GARZON,HUILA,centro_poblado,service,172.78708638190946
41298,GARZON,HUILA,centro_poblado,tertiary,3013.7463463759377
41298,GARZON,HUILA,centro_poblado,track,36.57285208051209
41298,GARZON,HUILA,centro_poblado,trunk,947.0932717845028
41298,GARZON,HUILA,centro_poblado,unclassified,5088.439551854078
41298,GARZON,HUILA,rural,bridleway,4219.630652164734
41298,GARZON,HUILA,rural,path,431.38019690400444
41298,GARZON,HUILA,rural,residential,25742.163119453402
41298,GARZON,HUILA,rural,secondary,23781.172833230088
41298,GARZON,HUILA,rural,service,21220.29922431529
41298,GARZON,HUILA,rural,tertiary,81320.64548620333
41298,GARZON,HUILA,rural,track,13520.332908992339
41298,GARZON,HUILA,rural,trunk,20089.20768914383
41298,GARZON,HUILA,rural,unclassified,357806.62253688154
41306,GIGANTE,HUILA,cabecera,pedestrian,99.99336754799556
41306,GIGANTE,HUILA,cabecera,primary,1945.0952311137564
41306,GIGANTE,HUILA,cabecera,residential,30612.87515742065
41306,GIGANTE,HUILA,cabecera,secondary,793.6982574641396
41306,GIGANTE,HUILA,cabecera,service,184.66251008577757
41306,GIGANTE,HUILA,cabecera,tertiary,1289.6075112202536
41306,GIGANTE,HUILA,cabecera,track,70.42332890827099
41306,GIGANTE,HUILA,cabecera,unclassified,23.19183405672812
41306,GIGANTE,HUILA,centro_poblado,residential,4923.53893479315
41306,GIGANTE,HUILA,centro_poblado,secondary,1890.8884805022622
41306,GIGANTE,HUILA,centro_poblado,service,124.91337037357707
41306,GIGANTE,HUILA,centro_poblado,tertiary,1390.1542641079286
41306,GIGANTE,HUILA,centro_poblado,track,115.9304833999796
41306,GIGANTE,HUILA,centro_poblado,trunk,309.16780525386514
41306,GIGANTE,HUILA,centro_poblado,unclassified,1086.0099740984106
41306,GIGANTE,HUILA,rural,bridleway,926.3947430615658
41306,GIGANTE,HUILA,rural,footway,1708.5128319043881
41306,GIGANTE,HUILA,rural,path,1008.7547245456287
41306,GIGANTE,HUILA,rural,primary,6263.517086404378
41306,GIGANTE,HUILA,rural,residential,26491.67786934186
41306,GIGANTE,HUILA,rural,secondary,20515.150268332065
41306,GIGANTE,HUILA,rural,service,17801.839801600043
41306,GIGANTE,HUILA,rural,tertiary,38050.524037817304
41306,GIGANTE,HUILA,rural,track,30914.888794742
41306,GIGANTE,HUILA,rural,trunk,36451.372371246034
41306,GIGANTE,HUILA,rural,unclassified,245603.3362639902
41319,GUADALUPE,HUILA,cabecera,residential,10419.569439505158
41319,GUADALUPE,HUILA,cabecera,service,333.6107382867937
41319,GUADALUPE,HUILA,cabecera,tertiary,2213.016146828251
41319,GUADALUPE,HUILA,cabecera,unclassified,164.58888778907854
41319,GUADALUPE,HUILA,centro_poblado,residential,3717.895367899871
41319,GUADALUPE,HUILA,centro_poblado,tertiary,1963.6209707234757
41319,GUADALUPE,HUILA,centro_poblado,track,31.59242793505137
41319,GUADALUPE,HUILA,centro_poblado,unclassified,3082.126211291126
41319,GUADALUPE,HUILA,rural,bridleway,2219.293230693783
41319,GUADALUPE,HUILA,rural,residential,3702.3866745946166
41319,GUADALUPE,HUILA,rural,service,783.095806089597
41319,GUADALUPE,HUILA,rural,tertiary,38991.73063899142
41319,GUADALUPE,HUILA,rural,track,5194.070679102417
41319,GUADALUPE,HUILA,rural,unclassified,142442.95970353993
41357,IQUIRA,HUILA,cabecera,footway,253.65112492703656
41357,IQUIRA,HUILA,cabecera,residential,8022.316629021386
41357,IQUIRA,HUILA,cabecera,secondary,1032.1971197232265
41357,IQUIRA,HUILA,cabecera,unclassified,104.21941170472343
41357,IQUIRA,HUILA,centro_poblado,residential,3305.138972858114
41357,IQUIRA,HUILA,centro_poblado,secondary,459.69225677260187
41357,IQUIRA,HUILA,centro_poblado,tertiary,2.721591814438055
41357,IQUIRA,HUILA,centro_poblado,unclassified,269.92324631383275
41357,IQUIRA,HUILA,rural,bridleway,547.9963224220509
41357,IQUIRA,HUILA,rural,residential,3730.3385438230466
41357,IQUIRA,HUILA,rural,secondary,14932.768697859505
41357,IQUIRA,HUILA,rural,service,2460.602666320816
41357,IQUIRA,HUILA,rural,tertiary,3013.422403229855
41357,IQUIRA,HUILA,rural,track,9953.045464149542
41357,IQUIRA,HUILA,rural,unclassified,118444.95509055423
41359,ISNOS,HUILA,cabecera,pedestrian,126.63576608787952
41359,ISNOS,HUILA,cabecera,primary,2413.3249058352912
41359,ISNOS,HUILA,cabecera,residential,12055.448870777793
41359,ISNOS,HUILA,cabecera,service,85.98157913861976
41359,ISNOS,HUILA,cabecera,tertiary,1491.5114611016395
41359,ISNOS,HUILA,cabecera,unclassified,92.54971124345049
41359,ISNOS,HUILA,centro_poblado,residential,2465.5459834215544
41359,ISNOS,HUILA,centro_poblado,tertiary,1168.0190149562475
41359,ISNOS,HUILA,centro_poblado,unclassified,716.94599090515
41359,ISNOS,HUILA,rural,footway,194.86483792223459
41359,ISNOS,HUILA,rural,path,3247.7107935354557
41359,ISNOS,HUILA,rural,primary,61072.418649751766
41359,ISNOS,HUILA,rural,residential,216536.59928469942
41359,ISNOS,HUILA,rural,service,8065.264834512684
41359,ISNOS,HUILA,rural,steps,79.8113706516115
41359,ISNOS,HUILA,rural,tertiary,39461.528625728504
41359,ISNOS,HUILA,rural,track,2853.511235489769
41359,ISNOS,HUILA,rural,unclassified,203738.3463980633
41378,LA ARGENTINA (PLATA VIEJA),HUILA,cabecera,path,24.091339526230847
41378,LA ARGENTINA (PLATA VIEJA),HUILA,cabecera,residential,12913.591410751622
41378,LA ARGENTINA (PLATA VIEJA),HUILA,cabecera,service,248.52384622485164
41378,LA ARGENTINA (PLATA VIEJA),HUILA,cabecera,tertiary,2030.2097410717402
41378,LA ARGENTINA (PLATA VIEJA),HUILA,cabecera,unclassified,740.5188759845884
41378,LA ARGENTINA (PLATA VIEJA),HUILA,centro_poblado,residential,1187.9831067912621
41378,LA ARGENTINA (PLATA VIEJA),HUILA,centro_poblado,unclassified,84.33914497945975
41378,LA ARGENTINA (PLATA VIEJA),HUILA,rural,residential,2103.65267616435
41378,LA ARGENTINA (PLATA VIEJA),HUILA,rural,service,3852.5562095254477
41378,LA ARGENTINA (PLATA VIEJA),HUILA,rural,tertiary,41843.383226481754
41378,LA ARGENTINA (PLATA VIEJA),HUILA,rural,track,4227.908976218502
41378,LA ARGENTINA (PLATA VIEJA),HUILA,rural,unclassified,140285.73181537856
41396,LA PLATA,HUILA,cabecera,path,1.654786332232867
41396,LA PLATA,HUILA,cabecera,pedestrian,195.53013133360395
41396,LA PLATA,HUILA,cabecera,residential,59214.78957350252
41396,LA PLATA,HUILA,cabecera,secondary,3074.1072335999093
41396,LA PLATA,HUILA,cabecera,service,176.40601635514366
41396,LA PLATA,HUILA,cabecera,tertiary,4456.371916146736
41396,LA PLATA,HUILA,cabecera,track,656.1084363530673
41396,LA PLATA,HUILA,cabecera,unclassified,317.95024343657656
41396,LA PLATA,HUILA,centro_poblado,path,27.659849077404502
41396,LA PLATA,HUILA,centro_poblado,residential,5428.3293052758
41396,LA PLATA,HUILA,centro_poblado,secondary,1889.3124708154837
41396,LA PLATA,HUILA,centro_poblado,tertiary,451.300559311075
41396,LA PLATA,HUILA,centro_poblado,unclassified,2901.5370271416723
41396,LA PLATA,HUILA,rural,bridleway,15191.235475309704
41396,LA PLATA,HUILA,rural,footway,901.0158622252441
41396,LA PLATA,HUILA,rural,path,39245.774604265025
41396,LA PLATA,HUILA,rural,primary,27258.613081022333
41396,LA PLATA,HUILA,rural,residential,35208.43777812345
41396,LA PLATA,HUILA,rural,secondary,59793.93896418783
41396,LA PLATA,HUILA,rural,service,7187.85931803023
41396,LA PLATA,HUILA,rural,tertiary,5686.90643334668
41396,LA PLATA,HUILA,rural,track,28159.793274448308
41396,LA PLATA,HUILA,rural,unclassified,564930.1411575924
41503,OPORAPA,HUILA,cabecera,footway,26.38200481003323
41503,OPORAPA,HUILA,cabecera,residential,6580.757053983222
41503,OPORAPA,HUILA,cabecera,secondary,1668.4868832270795
41503,OPORAPA,HUILA,cabecera,unclassified,469.76237880786897
41503,OPORAPA,HUILA,centro_poblado,residential,3354.764136248952
41503,OPORAPA,HUILA,centro_poblado,secondary,954.584967573472
41503,OPORAPA,HUILA,centro_poblado,tertiary,553.5658645339713
41503,OPORAPA,HUILA,centro_poblado,unclassified,1424.4226676006124
41503,OPORAPA,HUILA,rural,path,147.68252305876288
41503,OPORAPA,HUILA,rural,residential,18057.78111888854
41503,OPORAPA,HUILA,rural,secondary,10536.817524567137
41503,OPORAPA,HUILA,rural,service,2611.0376537275743
41503,OPORAPA,HUILA,rural,tertiary,7975.928284741256
41503,OPORAPA,HUILA,rural,track,193.8372372853054
41503,OPORAPA,HUILA,rural,unclassified,132152.66166920567
41524,PALERMO,HUILA,cabecera,footway,979.9734684746645
41524,PALERMO,HUILA,cabecera,residential,29149.86028608341
41524,PALERMO,HUILA,cabecera,secondary,2963.134393762696
41524,PALERMO,HUILA,cabecera,tertiary,612.4819649109646
41524,PALERMO,HUILA,cabecera,unclassified,329.6768259581674
41524,PALERMO,HUILA,centro_poblado,path,743.5344936849998
41524,PALERMO,HUILA,centro_poblado,residential,20511.44752212754
41524,PALERMO,HUILA,centro_poblado,secondary,560.7120807767874
41524,PALERMO,HUILA,centro_poblado,service,2252.827673533462
41524,PALERMO,HUILA,centro_poblado,tertiary,453.9418431322473
41524,PALERMO,HUILA,centro_poblado,trunk,2287.2000148874263
41524,PALERMO,HUILA,centro_poblado,unclassified,736.071563722895
41524,PALERMO,HUILA,rural,footway,264.5631864900567
41524,PALERMO,HUILA,rural,primary,720.8986335668541
41524,PALERMO,HUILA,rural,residential,48893.615377460614
41524,PALERMO,HUILA,rural,secondary,56018.72039454643
41524,PALERMO,HUILA,rural,service,72105.98169315836
41524,PALERMO,HUILA,rural,tertiary,68812.27463621959
41524,PALERMO,HUILA,rural,track,10459.78129416202
41524,PALERMO,HUILA,rural,trunk,22106.6343096197
41524,PALERMO,HUILA,rural,unclassified,431717.9384346209
41530,PALESTINA,HUILA,cabecera,footway,314.1025689527252
41530,PALESTINA,HUILA,cabecera,residential,4628.311084826049
41530,PALESTINA,HUILA,cabecera,secondary,55.42724387241579
41530,PALESTINA,HUILA,cabecera,tertiary,740.3340476922808
41530,PALESTINA,HUILA,cabecera,unclassified,279.1354550650464
41530,PALESTINA,HUILA,rural,residential,2808.034245821057
41530,PALESTINA,HUILA,rural,secondary,9502.06778341921
41530,PALESTINA,HUILA,rural,service,147.28745946572033
41530,PALESTINA,HUILA,rural,tertiary,14409.112417506693
41530,PALESTINA,HUILA,rural,track,1612.2593783537259
41530,PALESTINA,HUILA,rural,unclassified,204900.68811191036
41548,PITAL,HUILA,cabecera,residential,13829.243928165157
41548,PITAL,HUILA,cabecera,secondary,1621.04663789668
41548,PITAL,HUILA,cabecera,tertiary,156.79018632777894
41548,PITAL,HUILA,cabecera,unclassified,208.73687800669197
41548,PITAL,HUILA,centro_poblado,residential,974.0383585689623
41548,PITAL,HUILA,centro_poblado,unclassified,204.814496506982
41548,PITAL,HUILA,rural,residential,1712.8922394745023
41548,PITAL,HUILA,rural,secondary,14569.322373942397
41548,PITAL,HUILA,rural,service,452.77844610539444
41548,PITAL,HUILA,rural,tertiary,34017.645215625605
41548,PITAL,HUILA,rural,unclassified,190446.54990319366
41551,PITALITO,HUILA,cabecera,footway,887.1013368234285
41551,PITALITO,HUILA,cabecera,path,57.61367641868248
41551,PITALITO,HUILA,cabecera,primary,16831.498456406625
41551,PITALITO,HUILA,cabecera,residential,172578.81358719556
41551,PITALITO,HUILA,cabecera,secondary,14743.009154071811
41551,PITALITO,HUILA,cabecera,service,7808.76792670544
41551,PITALITO,HUILA,cabecera,tertiary,5160.521013379739
41551,PITALITO,HUILA,cabecera,trunk,9212.429217396857
41551,PITALITO,HUILA,cabecera,unclassified,32.88571569214437
41551,PITALITO,HUILA,centro_poblado,pedestrian,401.2880884011788
41551,PITALITO,HUILA,centro_poblado,primary,1918.4037313944384
41551,PITALITO,HUILA,centro_poblado,residential,23325.251974824583
41551,PITALITO,HUILA,centro_poblado,secondary,1420.036011787625
41551,PITALITO,HUILA,centro_poblado,tertiary,2302.0132385237375
41551,PITALITO,HUILA,centro_poblado,trunk,8.763202238598852
41551,PITALITO,HUILA,centro_poblado,unclassified,3658.8673869440586
41551,PITALITO,HUILA,rural,path,12232.28284369949
41551,PITALITO,HUILA,rural,pedestrian,0.5160709378031907
41551,PITALITO,HUILA,rural,primary,13005.436343252812
41551,PITALITO,HUILA,rural,residential,214071.04096994575
41551,PITALITO,HUILA,rural,secondary,35155.39244431973
41551,PITALITO,HUILA,rural,service,34159.92097492284
41551,PITALITO,HUILA,rural,tertiary,41847.69526043514
41551,PITALITO,HUILA,rural,track,17994.990230448497
41551,PITALITO,HUILA,rural,trunk,38916.49203777129
41551,PITALITO,HUILA,rural,unclassified,896903.979024644
41615,RIVERA,HUILA,cabecera,pedestrian,88.1689435717473
41615,RIVERA,HUILA,cabecera,residential,41918.26498791798
41615,RIVERA,HUILA,cabecera,secondary,2288.6157434473166
41615,RIVERA,HUILA,cabecera,service,862.0220161115195
41615,RIVERA,HUILA,cabecera,tertiary,1937.094622015781
41615,RIVERA,HUILA,cabecera,track,90.40371090695766
41615,RIVERA,HUILA,cabecera,unclassified,11.614728647533438
41615,RIVERA,HUILA,centro_poblado,residential,22079.800689938183
41615,RIVERA,HUILA,centro_poblado,secondary,2592.72901005127
41615,RIVERA,HUILA,centro_poblado,service,869.2179546759124
41615,RIVERA,HUILA,centro_poblado,trunk,536.3781757284928
41615,RIVERA,HUILA,centro_poblado,unclassified,5715.888311681532
41615,RIVERA,HUILA,rural,cycleway,535.2749662007022
41615,RIVERA,HUILA,rural,footway,980.6853863105666
41615,RIVERA,HUILA,rural,path,5085.333295838943
41615,RIVERA,HUILA,rural,residential,52523.85489429592
41615,RIVERA,HUILA,rural,secondary,12698.77095072455
41615,RIVERA,HUILA,rural,service,38677.612152411704
41615,RIVERA,HUILA,rural,tertiary,2228.3786582711386
41615,RIVERA,HUILA,rural,track,52600.882187251686
41615,RIVERA,HUILA,rural,trunk,16614.53150798936
41615,RIVERA,HUILA,rural,unclassified,107783.2725959164
41660,SALADOBLANCO,HUILA,cabecera,residential,6764.7568188590085
41660,SALADOBLANCO,HUILA,cabecera,service,25.418601974593116
41660,SALADOBLANCO,HUILA,cabecera,tertiary,1724.5971466967073
41660,SALADOBLANCO,HUILA,cabecera,unclassified,1110.7314758398766
41660,SALADOBLANCO,HUILA,centro_poblado,pedestrian,67.53808581782354
41660,SALADOBLANCO,HUILA,centro_poblado,residential,1084.849454974443
41660,SALADOBLANCO,HUILA,centro_poblado,unclassified,300.7126142443711
41660,SALADOBLANCO,HUILA,rural,footway,980.5437855716889
41660,SALADOBLANCO,HUILA,rural,residential,78333.2473623215
41660,SALADOBLANCO,HUILA,rural,secondary,3250.3891746444133
41660,SALADOBLANCO,HUILA,rural,service,568.1387693788535
41660,SALADOBLANCO,HUILA,rural,tertiary,4639.749022126891
41660,SALADOBLANCO,HUILA,rural,track,2537.4583267122557
41660,SALADOBLANCO,HUILA,rural,unclassified,96666.70972110938
41668,SAN AGUSTIN,HUILA,cabecera,path,824.9464230851029
41668,SAN AGUSTIN,HUILA,cabecera,pedestrian,254.5899364835523
41668,SAN AGUSTIN,HUILA,cabecera,residential,28091.51463526828
41668,SAN AGUSTIN,HUILA,cabecera,secondary,3160.7608258917617
41668,SAN AGUSTIN,HUILA,cabecera,service,672.0184621413484
41668,SAN AGUSTIN,HUILA,cabecera,steps,23.540364528803863
41668,SAN AGUSTIN,HUILA,cabecera,tertiary,1707.7544328727738
41668,SAN AGUSTIN,HUILA,cabecera,track,321.9810558052418
41668,SAN AGUSTIN,HUILA,cabecera,unclassified,0.5110959054041069
41668,SAN AGUSTIN,HUILA,centro_poblado,residential,5419.106813099589
41668,SAN AGUSTIN,HUILA,centro_poblado,tertiary,806.3052754827676
41668,SAN AGUSTIN,HUILA,centro_poblado,track,120.25163753360715
41668,SAN AGUSTIN,HUILA,centro_poblado,unclassified,3011.243921763063
41668,SAN AGUSTIN,HUILA,rural,bridleway,13125.301939189054
41668,SAN AGUSTIN,HUILA,rural,footway,2063.4411339296503
41668,SAN AGUSTIN,HUILA,rural,path,35133.396659611026
41668,SAN AGUSTIN,HUILA,rural,pedestrian,106.19678505997086
41668,SAN AGUSTIN,HUILA,rural,primary,10522.367279894213
41668,SAN AGUSTIN,HUILA,rural,residential,136443.5748624683
41668,SAN AGUSTIN,HUILA,rural,secondary,6832.4502055191215
41668,SAN AGUSTIN,HUILA,rural,service,3477.8373622000026
41668,SAN AGUSTIN,HUILA,rural,steps,414.58367231262105
41668,SAN AGUSTIN,HUILA,rural,tertiary,26400.11827761508
41668,SAN AGUSTIN,HUILA,rural,track,5217.010404471999
41668,SAN AGUSTIN,HUILA,rural,unclassified,294159.8050276926
41676,SANTA MARIA,HUILA,cabecera,residential,6338.883008849489
41676,SANTA MARIA,HUILA,cabecera,secondary,1277.7654431628991
41676,SANTA MARIA,HUILA,cabecera,tertiary,837.8209094843706
41676,SANTA MARIA,HUILA,cabecera,unclassified,562.3202649012078
41676,SANTA MARIA,HUILA,centro_poblado,residential,1152.8536286635417
41676,SANTA MARIA,HUILA,centro_poblado,service,25.598401439158803
41676,SANTA MARIA,HUILA,centro_poblado,unclassified,48.92959361181619
41676,SANTA MARIA,HUILA,rural,residential,2826.2473960910474
41676,SANTA MARIA,HUILA,rural,secondary,15758.9987043516
41676,SANTA MARIA,HUILA,rural,service,450.85538380402704
41676,SANTA MARIA,HUILA,rural,tertiary,15830.98576463431
41676,SANTA MARIA,HUILA,rural,track,61403.28553677819
41676,SANTA MARIA,HUILA,rural,unclassified,169774.51239427595
41770,SUAZA,HUILA,cabecera,path,121.99877509126534
41770,SUAZA,HUILA,cabecera,primary,769.2614821381476
41770,SUAZA,HUILA,cabecera,residential,7078.838536762845
41770,SUAZA,HUILA,cabecera,service,1263.1597641316296
41770,SUAZA,HUILA,cabecera,steps,31.21856675223571
41770,SUAZA,HUILA,cabecera,unclassified,293.81877481000726
41770,SUAZA,HUILA,centro_poblado,primary,2168.4903049089885
41770,SUAZA,HUILA,centro_poblado,residential,6450.564915617401
41770,SUAZA,HUILA,centro_poblado,secondary,237.34885273145707
41770,SUAZA,HUILA,centro_poblado,service,956.3932226305392
41770,SUAZA,HUILA,centro_poblado,tertiary,635.2433580881655
41770,SUAZA,HUILA,centro_poblado,unclassified,547.9097886830971
41770,SUAZA,HUILA,rural,primary,33485.85841572427
41770,SUAZA,HUILA,rural,residential,4909.064468967157
41770,SUAZA,HUILA,rural,secondary,8425.480506799602
41770,SUAZA,HUILA,rural,service,2075.980003448508
41770,SUAZA,HUILA,rural,tertiary,6097.47033783908
41770,SUAZA,HUILA,rural,track,23751.418204171467
41770,SUAZA,HUILA,rural,unclassified,214455.13223502948
41791,TARQUI,HUILA,cabecera,residential,12682.057225584267
41791,TARQUI,HUILA,cabecera,service,317.3091716366575
41791,TARQUI,HUILA,cabecera,tertiary,1816.5365027504172
41791,TARQUI,HUILA,cabecera,unclassified,186.21931750684286
41791,TARQUI,HUILA,centro_poblado,residential,5292.476985508971
41791,TARQUI,HUILA,centro_poblado,tertiary,2133.9506629394496
41791,TARQUI,HUILA,centro_poblado,track,219.13958963466098
41791,TARQUI,HUILA,centro_poblado,unclassified,232.73154966338436
41791,TARQUI,HUILA,rural,residential,14550.13449701159
41791,TARQUI,HUILA,rural,service,921.5595997851782
41791,TARQUI,HUILA,rural,tertiary,32511.96203971416
41791,TARQUI,HUILA,rural,track,7448.209444995757
41791,TARQUI,HUILA,rural,unclassified,196913.92444354575
41797,TESALIA (CARNICERIAS),HUILA,cabecera,residential,13712.997871266736
41797,TESALIA (CARNICERIAS),HUILA,cabecera,secondary,2145.6348289756697
41797,TESALIA (CARNICERIAS),HUILA,cabecera,service,130.80537581202694
41797,TESALIA (CARNICERIAS),HUILA,cabecera,track,42.53823808065992
41797,TESALIA (CARNICERIAS),HUILA,cabecera,unclassified,239.76799183446468
41797,TESALIA (CARNICERIAS),HUILA,centro_poblado,residential,3112.839127455264
41797,TESALIA (CARNICERIAS),HUILA,centro_poblado,secondary,287.6824405615874
41797,TESALIA (CARNICERIAS),HUILA,centro_poblado,tertiary,962.3475134558196
41797,TESALIA (CARNICERIAS),HUILA,centro_poblado,unclassified,106.95603076320829
41797,TESALIA (CARNICERIAS),HUILA,rural,path,2433.779714661681
41797,TESALIA (CARNICERIAS),HUILA,rural,primary,25340.434515997164
41797,TESALIA (CARNICERIAS),HUILA,rural,residential,4049.286639546893
41797,TESALIA (CARNICERIAS),HUILA,rural,secondary,30208.802346523953
41797,TESALIA (CARNICERIAS),HUILA,rural,service,7315.555685401537
41797,TESALIA (CARNICERIAS),HUILA,rural,tertiary,11674.283725221334
41797,TESALIA (CARNICERIAS),HUILA,rural,track,22970.150461377012
41797,TESALIA (CARNICERIAS),HUILA,rural,unclassified,126054.12743738505
41799,TELLO,HUILA,cabecera,residential,15093.242573804482
41799,TELLO,HUILA,cabecera,secondary,876.9719819980171
41799,TELLO,HUILA,cabecera,track,121.10348921559373
41799,TELLO,HUILA,cabecera,unclassified,191.99993183142783
41799,TELLO,HUILA,centro_poblado,residential,4454.702116987835
41799,TELLO,HUILA,centro_poblado,unclassified,2323.8122094082332
41799,TELLO,HUILA,rural,path,302.9266909711271
41799,TELLO,HUILA,rural,residential,807.4236066772827
41799,TELLO,HUILA,rural,secondary,27545.867330967656
41799,TELLO,HUILA,rural,service,2705.997118880763
41799,TELLO,HUILA,rural,tertiary,20314.776492498248
41799,TELLO,HUILA,rural,track,40931.68578300569
41799,TELLO,HUILA,rural,unclassified,217200.5892363684
41801,TERUEL,HUILA,cabecera,pedestrian,47.92826466560038
41801,TERUEL,HUILA,cabecera,residential,9729.113321898007
41801,TERUEL,HUILA,cabecera,secondary,836.2518564099587
41801,TERUEL,HUILA,cabecera,unclassified,498.0484843225135
41801,TERUEL,HUILA,rural,pedestrian,12.013463681606952
41801,TERUEL,HUILA,rural,residential,610.5785152212864
41801,TERUEL,HUILA,rural,secondary,21128.90050682469
41801,TERUEL,HUILA,rural,service,1046.0415974652453
41801,TERUEL,HUILA,rural,track,10357.214727348673
41801,TERUEL,HUILA,rural,unclassified,133819.45442421694
41807,TIMANA,HUILA,cabecera,footway,93.83207772742598
41807,TIMANA,HUILA,cabecera,pedestrian,40.75457611620685
41807,TIMANA,HUILA,cabecera,residential,15801.82950210039
41807,TIMANA,HUILA,cabecera,service,345.5972420853131
41807,TIMANA,HUILA,cabecera,trunk,3178.420313970437
41807,TIMANA,HUILA,cabecera,unclassified,195.81778153283125
41807,TIMANA,HUILA,centro_poblado,residential,8481.19542725957
41807,TIMANA,HUILA,centro_poblado,service,15.90111234094804
41807,TIMANA,HUILA,centro_poblado,tertiary,890.0619501123001
41807,TIMANA,HUILA,centro_poblado,track,12.136366185065423
41807,TIMANA,HUILA,centro_poblado,trunk,704.6643730635888
41807,TIMANA,HUILA,centro_poblado,unclassified,4760.708158161575
41807,TIMANA,HUILA,rural,residential,17826.618804036505
41807,TIMANA,HUILA,rural,service,3544.2382518492163
41807,TIMANA,HUILA,rural,tertiary,8461.584536959313
41807,TIMANA,HUILA,rural,track,971.043919173184
41807,TIMANA,HUILA,rural,trunk,24071.043388475813
41807,TIMANA,HUILA,rural,unclassified,192805.01180934178
41885,YAGUARA,HUILA,cabecera,residential,17594.855236302737
41885,YAGUARA,HUILA,cabecera,secondary,1119.022003110299
41885,YAGUARA,HUILA,cabecera,service,41.39526636726875
41885,YAGUARA,HUILA,cabecera,track,22.87677192131613
41885,YAGUARA,HUILA,cabecera,unclassified,373.8718987591635
41885,YAGUARA,HUILA,rural,residential,12815.07999103522
41885,YAGUARA,HUILA,rural,secondary,26591.193429844257
41885,YAGUARA,HUILA,rural,service,8864.951128190176
41885,YAGUARA,HUILA,rural,track,53235.54537960412
41885,YAGUARA,HUILA,rural,unclassified,94209.2609583069
44035,ALBANIA,LA GUAJIRA,cabecera,footway,1916.3845071284045
44035,ALBANIA,LA GUAJIRA,cabecera,path,1289.9980040642201
44035,ALBANIA,LA GUAJIRA,cabecera,residential,48031.048917271786
44035,ALBANIA,LA GUAJIRA,cabecera,secondary,615.2110225430171
44035,ALBANIA,LA GUAJIRA,cabecera,service,25646.60351364869
44035,ALBANIA,LA GUAJIRA,cabecera,track,3266.7934491749184
44035,ALBANIA,LA GUAJIRA,cabecera,trunk,3998.4301836052514
44035,ALBANIA,LA GUAJIRA,cabecera,unclassified,16797.059485530423
44035,ALBANIA,LA GUAJIRA,centro_poblado,footway,12.840362961917533
44035,ALBANIA,LA GUAJIRA,centro_poblado,residential,10528.62171572089
44035,ALBANIA,LA GUAJIRA,centro_poblado,tertiary,512.1949596716915
44035,ALBANIA,LA GUAJIRA,centro_poblado,track,29.60487389351124
44035,ALBANIA,LA GUAJIRA,centro_poblado,trunk,734.2235736737225
44035,ALBANIA,LA GUAJIRA,centro_poblado,unclassified,423.16233138564843
44035,ALBANIA,LA GUAJIRA,rural,bridleway,8081.960594264663
44035,ALBANIA,LA GUAJIRA,rural,footway,2894.543104080682
44035,ALBANIA,LA GUAJIRA,rural,path,15528.210524908793
44035,ALBANIA,LA GUAJIRA,rural,residential,14531.166303895037
44035,ALBANIA,LA GUAJIRA,rural,secondary,15985.16909866326
44035,ALBANIA,LA GUAJIRA,rural,service,17552.07163241031
44035,ALBANIA,LA GUAJIRA,rural,tertiary,19185.013501631525
44035,ALBANIA,LA GUAJIRA,rural,track,105165.03509079272
44035,ALBANIA,LA GUAJIRA,rural,trunk,30223.626046864927
44035,ALBANIA,LA GUAJIRA,rural,unclassified,103629.63234162118
44078,BARRANCAS,LA GUAJIRA,cabecera,footway,49.56948608108698
44078,BARRANCAS,LA GUAJIRA,cabecera,residential,100622.59405193485
44078,BARRANCAS,LA GUAJIRA,cabecera,secondary,2122.986344730259
44078,BARRANCAS,LA GUAJIRA,cabecera,service,1762.4719220568027
44078,BARRANCAS,LA GUAJIRA,cabecera,tertiary,1167.3356916499656
44078,BARRANCAS,LA GUAJIRA,cabecera,track,856.7849323869709
44078,BARRANCAS,LA GUAJIRA,cabecera,trunk,4394.632578222
44078,BARRANCAS,LA GUAJIRA,cabecera,unclassified,2318.5524567424077
44078,BARRANCAS,LA GUAJIRA,centro_poblado,path,33.3510226742587
44078,BARRANCAS,LA GUAJIRA,centro_poblado,residential,32747.5961267023
44078,BARRANCAS,LA GUAJIRA,centro_poblado,service,563.1652554319243
44078,BARRANCAS,LA GUAJIRA,centro_poblado,tertiary,1688.1407732089626
44078,BARRANCAS,LA GUAJIRA,centro_poblado,track,291.1194103957161
44078,BARRANCAS,LA GUAJIRA,centro_poblado,trunk,1631.2019026013973
44078,BARRANCAS,LA GUAJIRA,centro_poblado,unclassified,2187.1036378743097
44078,BARRANCAS,LA GUAJIRA,rural,bridleway,1304.6101804313203
44078,BARRANCAS,LA GUAJIRA,rural,footway,488.7470959064328
44078,BARRANCAS,LA GUAJIRA,rural,path,52.41764046717781
44078,BARRANCAS,LA GUAJIRA,rural,residential,35505.69397126941
44078,BARRANCAS,LA GUAJIRA,rural,service,43898.08636221881
44078,BARRANCAS,LA GUAJIRA,rural,tertiary,5594.270782074104
44078,BARRANCAS,LA GUAJIRA,rural,track,91152.6739360967
44078,BARRANCAS,LA GUAJIRA,rural,trunk,9127.544501844963
44078,BARRANCAS,LA GUAJIRA,rural,unclassified,170155.7894307047
44090,DIBULLA,LA GUAJIRA,cabecera,path,361.642026424886
44090,DIBULLA,LA GUAJIRA,cabecera,residential,13460.889427966591
44090,DIBULLA,LA GUAJIRA,cabecera,service,413.7673154713513
44090,DIBULLA,LA GUAJIRA,cabecera,tertiary,999.6429189248773
44090,DIBULLA,LA GUAJIRA,centro_poblado,path,292.4860802762692
44090,DIBULLA,LA GUAJIRA,centro_poblado,residential,47131.20827772854
44090,DIBULLA,LA GUAJIRA,centro_poblado,service,1060.7183449907843
44090,DIBULLA,LA GUAJIRA,centro_poblado,tertiary,376.8393089050761
44090,DIBULLA,LA GUAJIRA,centro_poblado,track,111.9105476957791
44090,DIBULLA,LA GUAJIRA,centro_poblado,trunk,3675.6796309403735
44090,DIBULLA,LA GUAJIRA,centro_poblado,unclassified,2073.8587175304415
44090,DIBULLA,LA GUAJIRA,rural,bridleway,110532.76520983991
44090,DIBULLA,LA GUAJIRA,rural,footway,10462.496245818478
44090,DIBULLA,LA GUAJIRA,rural,path,142023.87630565205
44090,DIBULLA,LA GUAJIRA,rural,residential,6073.693818699896
44090,DIBULLA,LA GUAJIRA,rural,service,22879.79052603142
44090,DIBULLA,LA GUAJIRA,rural,tertiary,21900.324027202078
44090,DIBULLA,LA GUAJIRA,rural,track,53752.63490406527
44090,DIBULLA,LA GUAJIRA,rural,trunk,45705.04447771624
44090,DIBULLA,LA GUAJIRA,rural,unclassified,163699.88236751885
44098,DISTRACCION,LA GUAJIRA,cabecera,residential,16989.7721370609
44098,DISTRACCION,LA GUAJIRA,cabecera,service,210.50393526363493
44098,DISTRACCION,LA GUAJIRA,cabecera,tertiary,985.9463731093341
44098,DISTRACCION,LA GUAJIRA,cabecera,track,58.9008755109036
44098,DISTRACCION,LA GUAJIRA,cabecera,trunk,1212.9796528391907
44098,DISTRACCION,LA GUAJIRA,cabecera,unclassified,316.1399532226856
44098,DISTRACCION,LA GUAJIRA,centro_poblado,residential,13339.77361030154
44098,DISTRACCION,LA GUAJIRA,centro_poblado,service,1783.0318250989553
44098,DISTRACCION,LA GUAJIRA,centro_poblado,tertiary,55.36925076527495
44098,DISTRACCION,LA GUAJIRA,centro_poblado,track,35.09439429191113
44098,DISTRACCION,LA GUAJIRA,centro_poblado,trunk,438.9605476382883
44098,DISTRACCION,LA GUAJIRA,centro_poblado,unclassified,6180.941667640508
44098,DISTRACCION,LA GUAJIRA,rural,footway,157.37194405733575
44098,DISTRACCION,LA GUAJIRA,rural,path,45.99604787315319
44098,DISTRACCION,LA GUAJIRA,rural,residential,6093.76743610838
44098,DISTRACCION,LA GUAJIRA,rural,service,13658.922137474856
44098,DISTRACCION,LA GUAJIRA,rural,tertiary,17815.049851337273
44098,DISTRACCION,LA GUAJIRA,rural,track,24649.07145817733
44098,DISTRACCION,LA GUAJIRA,rural,trunk,8223.39400783715
44098,DISTRACCION,LA GUAJIRA,rural,unclassified,71331.71179475887
44110,EL MOLINO,LA GUAJIRA,cabecera,residential,21230.74594737448
44110,EL MOLINO,LA GUAJIRA,cabecera,service,23.31810108211263
44110,EL MOLINO,LA GUAJIRA,cabecera,tertiary,4045.26662370928
44110,EL MOLINO,LA GUAJIRA,cabecera,unclassified,98.23935054535809
44110,EL MOLINO,LA GUAJIRA,rural,bridleway,430.5516026030814
44110,EL MOLINO,LA GUAJIRA,rural,primary,12025.94372338597
44110,EL MOLINO,LA GUAJIRA,rural,residential,1786.5118364447603
44110,EL MOLINO,LA GUAJIRA,rural,service,22179.285148062238
44110,EL MOLINO,LA GUAJIRA,rural,tertiary,3798.3047089265438
44110,EL MOLINO,LA GUAJIRA,rural,track,29464.895984957642
44110,EL MOLINO,LA GUAJIRA,rural,unclassified,8599.720532279996
44279,FONSECA,LA GUAJIRA,cabecera,path,368.6989927241072
44279,FONSECA,LA GUAJIRA,cabecera,residential,101360.08784694558
44279,FONSECA,LA GUAJIRA,cabecera,service,2388.340441322259
44279,FONSECA,LA GUAJIRA,cabecera,tertiary,1576.610831780741
44279,FONSECA,LA GUAJIRA,cabecera,track,184.01096637668985
44279,FONSECA,LA GUAJIRA,cabecera,trunk,5973.241807949084
44279,FONSECA,LA GUAJIRA,cabecera,unclassified,2651.965381064666
44279,FONSECA,LA GUAJIRA,centro_poblado,residential,29011.15158167211
44279,FONSECA,LA GUAJIRA,centro_poblado,service,615.7355426419607
44279,FONSECA,LA GUAJIRA,centro_poblado,tertiary,151.69018677549212
44279,FONSECA,LA GUAJIRA,centro_poblado,track,1060.068441681074
44279,FONSECA,LA GUAJIRA,centro_poblado,unclassified,11098.975825744836
44279,FONSECA,LA GUAJIRA,rural,path,726.8974951903441
44279,FONSECA,LA GUAJIRA,rural,residential,13995.725017476054
44279,FONSECA,LA GUAJIRA,rural,service,12493.291374634076
44279,FONSECA,LA GUAJIRA,rural,tertiary,16418.761140160725
44279,FONSECA,LA GUAJIRA,rural,track,59479.43973941989
44279,FONSECA,LA GUAJIRA,rural,trunk,5274.449983412378
44279,FONSECA,LA GUAJIRA,rural,unclassified,173435.48584711936
44378,HATONUEVO,LA GUAJIRA,cabecera,path,190.54976059736634
44378,HATONUEVO,LA GUAJIRA,cabecera,pedestrian,236.78679100711517
44378,HATONUEVO,LA GUAJIRA,cabecera,residential,44694.1468156478
44378,HATONUEVO,LA GUAJIRA,cabecera,service,403.3081630450058
44378,HATONUEVO,LA GUAJIRA,cabecera,tertiary,2556.0562493252696
44378,HATONUEVO,LA GUAJIRA,cabecera,trunk,3326.529131996804
44378,HATONUEVO,LA GUAJIRA,cabecera,unclassified,305.55709099266335
44378,HATONUEVO,LA GUAJIRA,centro_poblado,residential,9058.825259013909
44378,HATONUEVO,LA GUAJIRA,centro_poblado,service,204.2971179617544
44378,HATONUEVO,LA GUAJIRA,centro_poblado,trunk,379.64672640492086
44378,HATONUEVO,LA GUAJIRA,centro_poblado,unclassified,1637.7116919802922
44378,HATONUEVO,LA GUAJIRA,rural,path,267.25694224147395
44378,HATONUEVO,LA GUAJIRA,rural,residential,12122.757313248865
44378,HATONUEVO,LA GUAJIRA,rural,service,21386.474056079798
44378,HATONUEVO,LA GUAJIRA,rural,tertiary,2868.4295994927757
44378,HATONUEVO,LA GUAJIRA,rural,track,6641.964512342949
44378,HATONUEVO,LA GUAJIRA,rural,trunk,16678.845720477868
44378,HATONUEVO,LA GUAJIRA,rural,unclassified,54823.07314407975
44560,MANAURE,LA GUAJIRA,cabecera,path,11788.15692110558
44560,MANAURE,LA GUAJIRA,cabecera,pedestrian,53.531747578554466
44560,MANAURE,LA GUAJIRA,cabecera,residential,72348.86374609836
44560,MANAURE,LA GUAJIRA,cabecera,secondary,973.496078016341
44560,MANAURE,LA GUAJIRA,cabecera,service,5355.872484009485
44560,MANAURE,LA GUAJIRA,cabecera,tertiary,8164.940214380139
44560,MANAURE,LA GUAJIRA,cabecera,track,1151.353023240262
44560,MANAURE,LA GUAJIRA,cabecera,unclassified,531.4546477053714
44560,MANAURE,LA GUAJIRA,centro_poblado,bridleway,2.4029287041166683
44560,MANAURE,LA GUAJIRA,centro_poblado,residential,15920.143606069634
44560,MANAURE,LA GUAJIRA,centro_poblado,secondary,1978.8042170463543
44560,MANAURE,LA GUAJIRA,centro_poblado,service,538.7195243030974
44560,MANAURE,LA GUAJIRA,centro_poblado,track,154.59007250562928
44560,MANAURE,LA GUAJIRA,centro_poblado,trunk,1029.0838579024237
44560,MANAURE,LA GUAJIRA,centro_poblado,unclassified,2556.3778922651436
44560,MANAURE,LA GUAJIRA,rural,bridleway,3846.746018217669
44560,MANAURE,LA GUAJIRA,rural,footway,6166.675513194374
44560,MANAURE,LA GUAJIRA,rural,path,143666.61150195345
44560,MANAURE,LA GUAJIRA,rural,residential,43350.72541531821
44560,MANAURE,LA GUAJIRA,rural,secondary,81769.27813633335
44560,MANAURE,LA GUAJIRA,rural,service,41148.16731926364
44560,MANAURE,LA GUAJIRA,rural,tertiary,1428.397363619959
44560,MANAURE,LA GUAJIRA,rural,track,514362.8708319621
44560,MANAURE,LA GUAJIRA,rural,trunk,33646.3188217123
44560,MANAURE,LA GUAJIRA,rural,unclassified,231645.5624056175
44650,SAN JUAN DEL CESAR,LA GUAJIRA,cabecera,footway,307.2865215418199
44650,SAN JUAN DEL CESAR,LA GUAJIRA,cabecera,path,844.9217184611341
44650,SAN JUAN DEL CESAR,LA GUAJIRA,cabecera,primary,3212.3160488881667
44650,SAN JUAN DEL CESAR,LA GUAJIRA,cabecera,residential,119863.45222225669
44650,SAN JUAN DEL CESAR,LA GUAJIRA,cabecera,service,2387.7743747019604
44650,SAN JUAN DEL CESAR,LA GUAJIRA,cabecera,tertiary,6004.199532417564
44650,SAN JUAN DEL CESAR,LA GUAJIRA,cabecera,track,980.5837858939316
44650,SAN JUAN DEL CESAR,LA GUAJIRA,cabecera,unclassified,2154.3672622762733
44650,SAN JUAN DEL CESAR,LA GUAJIRA,centro_poblado,bridleway,19.9444301929893
44650,SAN JUAN DEL CESAR,LA GUAJIRA,centro_poblado,path,281.244636456707
44650,SAN JUAN DEL CESAR,LA GUAJIRA,centro_poblado,residential,68243.27979358341
44650,SAN JUAN DEL CESAR,LA GUAJIRA,centro_poblado,service,174.74579108385
44650,SAN JUAN DEL CESAR,LA GUAJIRA,centro_poblado,tertiary,6553.9894662162305
44650,SAN JUAN DEL CESAR,LA GUAJIRA,centro_poblado,track,1513.7893749456948
44650,SAN JUAN DEL CESAR,LA GUAJIRA,centro_poblado,trunk,300.5325179813234
44650,SAN JUAN DEL CESAR,LA GUAJIRA,centro_poblado,unclassified,7030.042627476979
44650,SAN JUAN DEL CESAR,LA GUAJIRA,rural,bridleway,62966.42215280991
44650,SAN JUAN DEL CESAR,LA GUAJIRA,rural,path,55090.262297774214
44650,SAN JUAN DEL CESAR,LA GUAJIRA,rural,primary,6577.850185823578
44650,SAN JUAN DEL CESAR,LA GUAJIRA,rural,residential,21737.350217235744
44650,SAN JUAN DEL CESAR,LA GUAJIRA,rural,service,16460.059957069057
44650,SAN JUAN DEL CESAR,LA GUAJIRA,rural,tertiary,47903.227941399324
44650,SAN JUAN DEL CESAR,LA GUAJIRA,rural,track,112994.8365476602
44650,SAN JUAN DEL CESAR,LA GUAJIRA,rural,trunk,27655.646504212258
44650,SAN JUAN DEL CESAR,LA GUAJIRA,rural,unclassified,283577.044018854
44855,URUMITA,LA GUAJIRA,cabecera,primary,1666.2519931872089
44855,URUMITA,LA GUAJIRA,cabecera,residential,30942.931972526272
44855,URUMITA,LA GUAJIRA,cabecera,service,292.9042180437334
44855,URUMITA,LA GUAJIRA,cabecera,unclassified,810.4203324900797
44855,URUMITA,LA GUAJIRA,rural,path,4456.419664063832
44855,URUMITA,LA GUAJIRA,rural,primary,8634.44677339672
44855,URUMITA,LA GUAJIRA,rural,service,3330.287185668417
44855,URUMITA,LA GUAJIRA,rural,tertiary,1.3962751507286517
44855,URUMITA,LA GUAJIRA,rural,track,48187.96747528308
44855,URUMITA,LA GUAJIRA,rural,unclassified,48112.20834391119
44874,VILLANUEVA,LA GUAJIRA,cabecera,pedestrian,181.84028645645682
44874,VILLANUEVA,LA GUAJIRA,cabecera,primary,923.106920126757
44874,VILLANUEVA,LA GUAJIRA,cabecera,residential,79812.09865064245
44874,VILLANUEVA,LA GUAJIRA,cabecera,secondary,4286.72499704708
44874,VILLANUEVA,LA GUAJIRA,cabecera,service,568.6414927778762
44874,VILLANUEVA,LA GUAJIRA,cabecera,tertiary,2350.622165653173
44874,VILLANUEVA,LA GUAJIRA,cabecera,track,1653.3837380841353
44874,VILLANUEVA,LA GUAJIRA,cabecera,unclassified,584.7784930429652
44874,VILLANUEVA,LA GUAJIRA,rural,bridleway,518.3090007062765
44874,VILLANUEVA,LA GUAJIRA,rural,path,4417.384860300752
44874,VILLANUEVA,LA GUAJIRA,rural,primary,14080.04886797504
44874,VILLANUEVA,LA GUAJIRA,rural,residential,980.1919284063497
44874,VILLANUEVA,LA GUAJIRA,rural,service,12441.753950541459
44874,VILLANUEVA,LA GUAJIRA,rural,tertiary,18.241174673391246
44874,VILLANUEVA,LA GUAJIRA,rural,track,44297.74019601541
44874,VILLANUEVA,LA GUAJIRA,rural,unclassified,53850.17597722553
47053,ARACATACA,MAGDALENA,cabecera,footway,782.5060088995294
47053,ARACATACA,MAGDALENA,cabecera,residential,54116.18350819522
47053,ARACATACA,MAGDALENA,cabecera,secondary,3255.236510955805
47053,ARACATACA,MAGDALENA,cabecera,service,477.15897088475106
47053,ARACATACA,MAGDALENA,cabecera,tertiary,4.993020338580635
47053,ARACATACA,MAGDALENA,cabecera,track,809.4034234909756
47053,ARACATACA,MAGDALENA,cabecera,unclassified,292.7698777764152
47053,ARACATACA,MAGDALENA,centro_poblado,cycleway,101.54636226769557
47053,ARACATACA,MAGDALENA,centro_poblado,residential,14496.29570454089
47053,ARACATACA,MAGDALENA,centro_poblado,secondary,443.8974211074003
47053,ARACATACA,MAGDALENA,centro_poblado,tertiary,339.29625085665594
47053,ARACATACA,MAGDALENA,centro_poblado,track,367.9143853905238
47053,ARACATACA,MAGDALENA,centro_poblado,unclassified,565.9147790355752
47053,ARACATACA,MAGDALENA,rural,bridleway,97379.20274747962
47053,ARACATACA,MAGDALENA,rural,path,130312.37585380142
47053,ARACATACA,MAGDALENA,rural,residential,17073.41253662411
47053,ARACATACA,MAGDALENA,rural,secondary,3680.7580416280566
47053,ARACATACA,MAGDALENA,rural,service,15343.349500131795
47053,ARACATACA,MAGDALENA,rural,track,110620.23109059602
47053,ARACATACA,MAGDALENA,rural,trunk,17056.827800924388
47053,ARACATACA,MAGDALENA,rural,unclassified,101602.63782014199
47053,ARACATACA,MAGDALENA,rural,unknown,9247.171088921123
47058,ARIGUANI (EL DIFICIL),MAGDALENA,cabecera,footway,61.27523509912905
47058,ARIGUANI (EL DIFICIL),MAGDALENA,cabecera,residential,56429.6662202745
47058,ARIGUANI (EL DIFICIL),MAGDALENA,cabecera,service,0.004105800340236396
47058,ARIGUANI (EL DIFICIL),MAGDALENA,cabecera,trunk,2215.4266536762107
47058,ARIGUANI (EL DIFICIL),MAGDALENA,cabecera,unclassified,836.4546401515751
47058,ARIGUANI (EL DIFICIL),MAGDALENA,cabecera,unknown,27.81164697188199
47058,ARIGUANI (EL DIFICIL),MAGDALENA,centro_poblado,footway,174.05922521131947
47058,ARIGUANI (EL DIFICIL),MAGDALENA,centro_poblado,residential,11554.187779856387
47058,ARIGUANI (EL DIFICIL),MAGDALENA,centro_poblado,secondary,1787.6525943085953
47058,ARIGUANI (EL DIFICIL),MAGDALENA,centro_poblado,service,118.99985840024442
47058,ARIGUANI (EL DIFICIL),MAGDALENA,centro_poblado,tertiary,2637.2484428607145
47058,ARIGUANI (EL DIFICIL),MAGDALENA,centro_poblado,track,12.54753957863042
47058,ARIGUANI (EL DIFICIL),MAGDALENA,centro_poblado,trunk,320.5054310551621
47058,ARIGUANI (EL DIFICIL),MAGDALENA,centro_poblado,unclassified,802.4620646598406
47058,ARIGUANI (EL DIFICIL),MAGDALENA,rural,footway,68.2978595200403
47058,ARIGUANI (EL DIFICIL),MAGDALENA,rural,residential,2184.163440673588
47058,ARIGUANI (EL DIFICIL),MAGDALENA,rural,secondary,901.6305792896326
47058,ARIGUANI (EL DIFICIL),MAGDALENA,rural,service,10604.235806859362
47058,ARIGUANI (EL DIFICIL),MAGDALENA,rural,tertiary,28371.87670788364
47058,ARIGUANI (EL DIFICIL),MAGDALENA,rural,track,175446.3587633458
47058,ARIGUANI (EL DIFICIL),MAGDALENA,rural,trunk,67957.34321997521
47058,ARIGUANI (EL DIFICIL),MAGDALENA,rural,unclassified,184896.70378508465
47058,ARIGUANI (EL DIFICIL),MAGDALENA,rural,unknown,9874.987715580037
47170,CHIVOLO,MAGDALENA,cabecera,residential,32071.596726346597
47170,CHIVOLO,MAGDALENA,cabecera,tertiary,3121.803589565794
47170,CHIVOLO,MAGDALENA,cabecera,unclassified,475.22079736655814
47170,CHIVOLO,MAGDALENA,centro_poblado,residential,6502.503031668957
47170,CHIVOLO,MAGDALENA,centro_poblado,tertiary,2910.970385091514
47170,CHIVOLO,MAGDALENA,centro_poblado,unclassified,1.3180932507287997
47170,CHIVOLO,MAGDALENA,rural,bridleway,1106.7408108736302
47170,CHIVOLO,MAGDALENA,rural,path,439.2077574801149
47170,CHIVOLO,MAGDALENA,rural,residential,4615.463767329822
47170,CHIVOLO,MAGDALENA,rural,service,9381.930686816771
47170,CHIVOLO,MAGDALENA,rural,tertiary,91127.85152234617
47170,CHIVOLO,MAGDALENA,rural,track,41980.41278138053
47170,CHIVOLO,MAGDALENA,rural,unclassified,61533.15048120319
47189,CIENAGA,MAGDALENA,cabecera,footway,233.52327355913522
47189,CIENAGA,MAGDALENA,cabecera,path,172.02361830393863
47189,CIENAGA,MAGDALENA,cabecera,pedestrian,438.68268105264303
47189,CIENAGA,MAGDALENA,cabecera,residential,172147.66448226452
47189,CIENAGA,MAGDALENA,cabecera,service,5441.141777610823
47189,CIENAGA,MAGDALENA,cabecera,tertiary,9931.936306193955
47189,CIENAGA,MAGDALENA,cabecera,track,1435.5750067862443
47189,CIENAGA,MAGDALENA,cabecera,trunk,5428.439833054193
47189,CIENAGA,MAGDALENA,cabecera,unclassified,8625.292158771832
47189,CIENAGA,MAGDALENA,cabecera,unknown,1209.4989205135244
47189,CIENAGA,MAGDALENA,centro_poblado,footway,66.15400501812995
47189,CIENAGA,MAGDALENA,centro_poblado,residential,9003.301609749698
47189,CIENAGA,MAGDALENA,centro_poblado,service,643.8527043767903
47189,CIENAGA,MAGDALENA,centro_poblado,tertiary,659.8839090480902
47189,CIENAGA,MAGDALENA,centro_poblado,track,256.4756362328298
47189,CIENAGA,MAGDALENA,centro_poblado,trunk,1407.021857562684
47189,CIENAGA,MAGDALENA,centro_poblado,unclassified,3959.500049007527
47189,CIENAGA,MAGDALENA,rural,bridleway,114954.5084955994
47189,CIENAGA,MAGDALENA,rural,footway,53.15569582047273
47189,CIENAGA,MAGDALENA,rural,path,90845.13998656029
47189,CIENAGA,MAGDALENA,rural,residential,7449.815209283861
47189,CIENAGA,MAGDALENA,rural,secondary,2352.230799128813
47189,CIENAGA,MAGDALENA,rural,service,57846.26625465722
47189,CIENAGA,MAGDALENA,rural,tertiary,32586.436018919394
47189,CIENAGA,MAGDALENA,rural,track,123978.1960771067
47189,CIENAGA,MAGDALENA,rural,trunk,27084.01393246267
47189,CIENAGA,MAGDALENA,rural,unclassified,236930.1453214209
47189,CIENAGA,MAGDALENA,rural,unknown,1678.7167830153207
47205,CONCORDIA,MAGDALENA,cabecera,path,2.398334761961477
47205,CONCORDIA,MAGDALENA,cabecera,residential,14145.292339085187
47205,CONCORDIA,MAGDALENA,cabecera,tertiary,1284.5895866113963
47205,CONCORDIA,MAGDALENA,cabecera,track,22.936298445860192
47205,CONCORDIA,MAGDALENA,cabecera,unclassified,1541.2652135324395
47205,CONCORDIA,MAGDALENA,centro_poblado,path,179.7072381538839
47205,CONCORDIA,MAGDALENA,centro_poblado,pedestrian,34.097269224645494
47205,CONCORDIA,MAGDALENA,centro_poblado,residential,24375.035689583892
47205,CONCORDIA,MAGDALENA,centro_poblado,service,119.42221243702136
47205,CONCORDIA,MAGDALENA,centro_poblado,tertiary,1966.5212719745027
47205,CONCORDIA,MAGDALENA,centro_poblado,track,54.2257694342706
47205,CONCORDIA,MAGDALENA,centro_poblado,unclassified,200.9972505627048
47205,CONCORDIA,MAGDALENA,rural,path,4007.605304433716
47205,CONCORDIA,MAGDALENA,rural,residential,5972.295110051303
47205,CONCORDIA,MAGDALENA,rural,service,0.8502228824712796
47205,CONCORDIA,MAGDALENA,rural,tertiary,27232.851805530587
47205,CONCORDIA,MAGDALENA,rural,track,3593.8506229080112
47205,CONCORDIA,MAGDALENA,rural,unclassified,13652.449730943154
47245,EL BANCO,MAGDALENA,cabecera,cycleway,167.84445934210353
47245,EL BANCO,MAGDALENA,cabecera,footway,8176.727679954637
47245,EL BANCO,MAGDALENA,cabecera,pedestrian,71.97751260048521
47245,EL BANCO,MAGDALENA,cabecera,primary,4023.067106117073
47245,EL BANCO,MAGDALENA,cabecera,residential,89621.2755066805
47245,EL BANCO,MAGDALENA,cabecera,secondary,5351.662082130791
47245,EL BANCO,MAGDALENA,cabecera,service,401.9412639709041
47245,EL BANCO,MAGDALENA,cabecera,steps,48.308331589904135
47245,EL BANCO,MAGDALENA,cabecera,tertiary,7053.697407435377
47245,EL BANCO,MAGDALENA,cabecera,track,231.42474668013534
47245,EL BANCO,MAGDALENA,cabecera,trunk,4672.704759769947
47245,EL BANCO,MAGDALENA,cabecera,unknown,2451.732058060168
47245,EL BANCO,MAGDALENA,centro_poblado,primary,1506.4833435098458
47245,EL BANCO,MAGDALENA,centro_poblado,residential,54668.32461447023
47245,EL BANCO,MAGDALENA,centro_poblado,tertiary,5437.22809841521
47245,EL BANCO,MAGDALENA,centro_poblado,track,797.8334673947131
47245,EL BANCO,MAGDALENA,centro_poblado,trunk,4264.1603718596525
47245,EL BANCO,MAGDALENA,centro_poblado,unclassified,3002.419726002302
47245,EL BANCO,MAGDALENA,rural,primary,16950.337070522935
47245,EL BANCO,MAGDALENA,rural,residential,31932.371469616475
47245,EL BANCO,MAGDALENA,rural,service,656.7815119637196
47245,EL BANCO,MAGDALENA,rural,tertiary,54295.84969691088
47245,EL BANCO,MAGDALENA,rural,track,51882.54448390569
47245,EL BANCO,MAGDALENA,rural,trunk,35299.86483125751
47245,EL BANCO,MAGDALENA,rural,unclassified,94878.19360222269
47245,EL BANCO,MAGDALENA,rural,unknown,1343.125230504352
47258,EL PIÑON,MAGDALENA,cabecera,primary,1581.859766014493
47258,EL PIÑON,MAGDALENA,cabecera,residential,15477.687796467962
47258,EL PIÑON,MAGDALENA,cabecera,service,289.1937407130615
47258,EL PIÑON,MAGDALENA,centro_poblado,path,18.240022394331866
47258,EL PIÑON,MAGDALENA,centro_poblado,residential,45515.05786859013
47258,EL PIÑON,MAGDALENA,centro_poblado,service,62.78593244323887
47258,EL PIÑON,MAGDALENA,centro_poblado,tertiary,1155.7530814103993
47258,EL PIÑON,MAGDALENA,centro_poblado,track,4.245451908871182
47258,EL PIÑON,MAGDALENA,centro_poblado,unclassified,740.1311661529703
47258,EL PIÑON,MAGDALENA,rural,path,2436.4520140608392
47258,EL PIÑON,MAGDALENA,rural,primary,9475.97862895541
47258,EL PIÑON,MAGDALENA,rural,residential,7532.009613009189
47258,EL PIÑON,MAGDALENA,rural,service,2511.8640482133396
47258,EL PIÑON,MAGDALENA,rural,tertiary,15955.08072170827
47258,EL PIÑON,MAGDALENA,rural,track,69228.6397912518
47258,EL PIÑON,MAGDALENA,rural,unclassified,150697.16324838466
47268,EL RETEN,MAGDALENA,cabecera,residential,33944.390371644615
47268,EL RETEN,MAGDALENA,cabecera,tertiary,1709.8558568265153
47268,EL RETEN,MAGDALENA,cabecera,unclassified,89.71166332605257
47268,EL RETEN,MAGDALENA,centro_poblado,residential,2758.8045587655065
47268,EL RETEN,MAGDALENA,centro_poblado,service,75.11750694379182
47268,EL RETEN,MAGDALENA,centro_poblado,tertiary,728.0849417474167
47268,EL RETEN,MAGDALENA,centro_poblado,track,94.56036982610891
47268,EL RETEN,MAGDALENA,centro_poblado,unclassified,3370.147335654864
47268,EL RETEN,MAGDALENA,rural,path,4652.5616638887395
47268,EL RETEN,MAGDALENA,rural,residential,4913.303290519365
47268,EL RETEN,MAGDALENA,rural,secondary,2562.883978885362
47268,EL RETEN,MAGDALENA,rural,service,2309.7864179132166
47268,EL RETEN,MAGDALENA,rural,tertiary,8602.42262348152
47268,EL RETEN,MAGDALENA,rural,track,119220.02164493539
47268,EL RETEN,MAGDALENA,rural,unclassified,116012.0725355405
47288,FUNDACION,MAGDALENA,cabecera,cycleway,215.10656956185844
47288,FUNDACION,MAGDALENA,cabecera,footway,840.7097513962876
47288,FUNDACION,MAGDALENA,cabecera,path,1445.931278166366
47288,FUNDACION,MAGDALENA,cabecera,residential,142046.45920620798
47288,FUNDACION,MAGDALENA,cabecera,secondary,8936.566948246296
47288,FUNDACION,MAGDALENA,cabecera,service,1046.8895764750973
47288,FUNDACION,MAGDALENA,cabecera,tertiary,541.9572305124782
47288,FUNDACION,MAGDALENA,cabecera,track,165.3174853163684
47288,FUNDACION,MAGDALENA,cabecera,unclassified,1505.1592022564257
47288,FUNDACION,MAGDALENA,centro_poblado,bridleway,40.39183537624536
47288,FUNDACION,MAGDALENA,centro_poblado,path,38.67608437946753
47288,FUNDACION,MAGDALENA,centro_poblado,residential,7746.688928667194
47288,FUNDACION,MAGDALENA,centro_poblado,track,298.7911084836025
47288,FUNDACION,MAGDALENA,centro_poblado,unclassified,2115.779684988329
47288,FUNDACION,MAGDALENA,rural,bridleway,20617.182885210732
47288,FUNDACION,MAGDALENA,rural,footway,26.609984847562
47288,FUNDACION,MAGDALENA,rural,path,22224.0146394712
47288,FUNDACION,MAGDALENA,rural,residential,4404.504997396583
47288,FUNDACION,MAGDALENA,rural,secondary,3486.0541197278817
47288,FUNDACION,MAGDALENA,rural,service,10760.729666176041
47288,FUNDACION,MAGDALENA,rural,tertiary,6437.17317004328
47288,FUNDACION,MAGDALENA,rural,track,91385.0094815532
47288,FUNDACION,MAGDALENA,rural,trunk,44322.44910233557
47288,FUNDACION,MAGDALENA,rural,unclassified,208945.69722605927
47288,FUNDACION,MAGDALENA,rural,unknown,260.9699893093757
47318,GUAMAL,MAGDALENA,cabecera,residential,25218.077286559906
47318,GUAMAL,MAGDALENA,cabecera,tertiary,1726.4246232800317
47318,GUAMAL,MAGDALENA,cabecera,trunk,2257.840769704223
47318,GUAMAL,MAGDALENA,cabecera,unclassified,111.41030069117859
47318,GUAMAL,MAGDALENA,centro_poblado,residential,46277.13394498165
47318,GUAMAL,MAGDALENA,centro_poblado,service,290.6866617825765
47318,GUAMAL,MAGDALENA,centro_poblado,tertiary,3607.016116099824
47318,GUAMAL,MAGDALENA,centro_poblado,track,1107.2989266483735
47318,GUAMAL,MAGDALENA,centro_poblado,unclassified,3110.2050758547625
47318,GUAMAL,MAGDALENA,rural,residential,13577.402581958548
47318,GUAMAL,MAGDALENA,rural,service,5268.904525595513
47318,GUAMAL,MAGDALENA,rural,tertiary,43121.05085441037
47318,GUAMAL,MAGDALENA,rural,track,238662.22099703472
47318,GUAMAL,MAGDALENA,rural,trunk,10966.815405017342
47318,GUAMAL,MAGDALENA,rural,unclassified,163116.30120447482
47460,NUEVA GRANADA,MAGDALENA,cabecera,residential,26451.02421064847
47460,NUEVA GRANADA,MAGDALENA,cabecera,secondary,1430.5765746504521
47460,NUEVA GRANADA,MAGDALENA,cabecera,unclassified,244.204475269357
47460,NUEVA GRANADA,MAGDALENA,centro_poblado,primary,1844.1750908659715
47460,NUEVA GRANADA,MAGDALENA,centro_poblado,residential,19003.528296533103
47460,NUEVA GRANADA,MAGDALENA,centro_poblado,trunk,316.25857275622803
47460,NUEVA GRANADA,MAGDALENA,centro_poblado,unclassified,871.4696635472386
47460,NUEVA GRANADA,MAGDALENA,rural,primary,26957.323872951336
47460,NUEVA GRANADA,MAGDALENA,rural,residential,3486.6858575682922
47460,NUEVA GRANADA,MAGDALENA,rural,secondary,775.0746874818561
47460,NUEVA GRANADA,MAGDALENA,rural,service,8019.916788620202
47460,NUEVA GRANADA,MAGDALENA,rural,track,37137.227124639176
47460,NUEVA GRANADA,MAGDALENA,rural,trunk,45208.757778487285
47460,NUEVA GRANADA,MAGDALENA,rural,unclassified,221556.2769369172
47460,NUEVA GRANADA,MAGDALENA,rural,unknown,48.11555980052498
47541,PEDRAZA,MAGDALENA,cabecera,path,92.63783766273514
47541,PEDRAZA,MAGDALENA,cabecera,primary,929.4347520425799
47541,PEDRAZA,MAGDALENA,cabecera,residential,8557.298728255271
47541,PEDRAZA,MAGDALENA,cabecera,tertiary,488.8422108970842
47541,PEDRAZA,MAGDALENA,cabecera,unclassified,48.772885406670554
47541,PEDRAZA,MAGDALENA,centro_poblado,primary,1090.7980282662916
47541,PEDRAZA,MAGDALENA,centro_poblado,residential,19808.159057313533
47541,PEDRAZA,MAGDALENA,centro_poblado,service,37.107530952007636
47541,PEDRAZA,MAGDALENA,centro_poblado,tertiary,834.4762180938571
47541,PEDRAZA,MAGDALENA,centro_poblado,track,97.25762298725218
47541,PEDRAZA,MAGDALENA,centro_poblado,unclassified,90.3939483860601
47541,PEDRAZA,MAGDALENA,rural,path,6698.733761146105
47541,PEDRAZA,MAGDALENA,rural,primary,28767.65993261436
47541,PEDRAZA,MAGDALENA,rural,residential,2224.682059134062
47541,PEDRAZA,MAGDALENA,rural,service,571.2719511247483
47541,PEDRAZA,MAGDALENA,rural,tertiary,23259.16685557732
47541,PEDRAZA,MAGDALENA,rural,track,22120.38026570536
47541,PEDRAZA,MAGDALENA,rural,unclassified,24141.825005737934
47545,PIJIÑO DEL CARMEN,MAGDALENA,cabecera,residential,14106.935867634189
47545,PIJIÑO DEL CARMEN,MAGDALENA,cabecera,tertiary,1856.4372861597797
47545,PIJIÑO DEL CARMEN,MAGDALENA,centro_poblado,residential,8077.495682539469
47545,PIJIÑO DEL CARMEN,MAGDALENA,centro_poblado,tertiary,267.5516409251134
47545,PIJIÑO DEL CARMEN,MAGDALENA,centro_poblado,track,97.45088851026009
47545,PIJIÑO DEL CARMEN,MAGDALENA,centro_poblado,unclassified,1842.0851654342562
47545,PIJIÑO DEL CARMEN,MAGDALENA,rural,primary,11505.091445778375
47545,PIJIÑO DEL CARMEN,MAGDALENA,rural,residential,3818.84058846554
47545,PIJIÑO DEL CARMEN,MAGDALENA,rural,service,1766.992520835467
47545,PIJIÑO DEL CARMEN,MAGDALENA,rural,tertiary,21968.75050672585
47545,PIJIÑO DEL CARMEN,MAGDALENA,rural,track,49399.00105492124
47545,PIJIÑO DEL CARMEN,MAGDALENA,rural,unclassified,187760.35533827517
47551,PIVIJAY,MAGDALENA,cabecera,residential,75301.06429291282
47551,PIVIJAY,MAGDALENA,cabecera,service,1278.42060745268
47551,PIVIJAY,MAGDALENA,cabecera,tertiary,5569.993206862828
47551,PIVIJAY,MAGDALENA,cabecera,track,3456.187698893605
47551,PIVIJAY,MAGDALENA,cabecera,unclassified,1354.7000854690482
47551,PIVIJAY,MAGDALENA,centro_poblado,residential,51505.42547232839
47551,PIVIJAY,MAGDALENA,centro_poblado,service,9.748535743397746
47551,PIVIJAY,MAGDALENA,centro_poblado,tertiary,1982.462533909711
47551,PIVIJAY,MAGDALENA,centro_poblado,track,349.67201137880795
47551,PIVIJAY,MAGDALENA,centro_poblado,unclassified,807.5069211111353
47551,PIVIJAY,MAGDALENA,rural,bridleway,2603.687617279158
47551,PIVIJAY,MAGDALENA,rural,residential,7375.077425114984
47551,PIVIJAY,MAGDALENA,rural,secondary,11507.829624020953
47551,PIVIJAY,MAGDALENA,rural,service,12069.93379931522
47551,PIVIJAY,MAGDALENA,rural,tertiary,48068.55484987675
47551,PIVIJAY,MAGDALENA,rural,track,347031.1157408234
47551,PIVIJAY,MAGDALENA,rural,unclassified,366606.2342347727
47555,PLATO,MAGDALENA,cabecera,footway,94.69604230071282
47555,PLATO,MAGDALENA,cabecera,primary,80.6138101336959
47555,PLATO,MAGDALENA,cabecera,residential,106976.01644401555
47555,PLATO,MAGDALENA,cabecera,tertiary,1330.989959579238
47555,PLATO,MAGDALENA,cabecera,track,1227.7561888776772
47555,PLATO,MAGDALENA,cabecera,trunk,5116.524526577488
47555,PLATO,MAGDALENA,cabecera,unclassified,4150.20852896292
47555,PLATO,MAGDALENA,cabecera,unknown,2396.7751670206026
47555,PLATO,MAGDALENA,centro_poblado,bridleway,40.42337503822354
47555,PLATO,MAGDALENA,centro_poblado,residential,24189.27782078025
47555,PLATO,MAGDALENA,centro_poblado,tertiary,309.8291524092566
47555,PLATO,MAGDALENA,centro_poblado,track,407.2460408425093
47555,PLATO,MAGDALENA,centro_poblado,trunk,1609.2322572022094
47555,PLATO,MAGDALENA,centro_poblado,unclassified,558.3596937881587
47555,PLATO,MAGDALENA,centro_poblado,unknown,24.93873963357971
47555,PLATO,MAGDALENA,rural,bridleway,5854.132699713855
47555,PLATO,MAGDALENA,rural,path,14840.573700862175
47555,PLATO,MAGDALENA,rural,primary,3324.9539985162305
47555,PLATO,MAGDALENA,rural,residential,9388.576808190923
47555,PLATO,MAGDALENA,rural,tertiary,10620.688983384243
47555,PLATO,MAGDALENA,rural,track,40642.52007330722
47555,PLATO,MAGDALENA,rural,trunk,56225.70274750856
47555,PLATO,MAGDALENA,rural,unclassified,321183.2803039019
47555,PLATO,MAGDALENA,rural,unknown,22910.62200380358
47570,PUEBLOVIEJO,MAGDALENA,cabecera,path,21.338186617642567
47570,PUEBLOVIEJO,MAGDALENA,cabecera,residential,11710.387219840464
47570,PUEBLOVIEJO,MAGDALENA,cabecera,service,360.60486729584574
47570,PUEBLOVIEJO,MAGDALENA,cabecera,trunk,1733.083063233279
47570,PUEBLOVIEJO,MAGDALENA,centro_poblado,path,100.54226062235944
47570,PUEBLOVIEJO,MAGDALENA,centro_poblado,residential,21679.728469446036
47570,PUEBLOVIEJO,MAGDALENA,centro_poblado,service,654.6076004717723
47570,PUEBLOVIEJO,MAGDALENA,centro_poblado,track,284.51391456008326
47570,PUEBLOVIEJO,MAGDALENA,centro_poblado,trunk,3624.160582953148
47570,PUEBLOVIEJO,MAGDALENA,centro_poblado,unclassified,111.97292905713326
47570,PUEBLOVIEJO,MAGDALENA,rural,path,4874.616378217324
47570,PUEBLOVIEJO,MAGDALENA,rural,residential,3578.791469597239
47570,PUEBLOVIEJO,MAGDALENA,rural,service,332.3549504487238
47570,PUEBLOVIEJO,MAGDALENA,rural,track,90320.65263535676
47570,PUEBLOVIEJO,MAGDALENA,rural,trunk,19955.038950534305
47570,PUEBLOVIEJO,MAGDALENA,rural,unclassified,45040.607697258165
47660,SABANAS DE SAN ANGEL,MAGDALENA,cabecera,residential,15761.930805704975
47660,SABANAS DE SAN ANGEL,MAGDALENA,cabecera,tertiary,1146.9616328774382
47660,SABANAS DE SAN ANGEL,MAGDALENA,cabecera,track,190.00880857242805
47660,SABANAS DE SAN ANGEL,MAGDALENA,cabecera,unclassified,11.577639765511227
47660,SABANAS DE SAN ANGEL,MAGDALENA,centro_poblado,residential,12281.91482922182
47660,SABANAS DE SAN ANGEL,MAGDALENA,centro_poblado,tertiary,3911.337466493772
47660,SABANAS DE SAN ANGEL,MAGDALENA,centro_poblado,track,92.90818397590738
47660,SABANAS DE SAN ANGEL,MAGDALENA,centro_poblado,unclassified,338.1650621886159
47660,SABANAS DE SAN ANGEL,MAGDALENA,rural,bridleway,2190.8849420075007
47660,SABANAS DE SAN ANGEL,MAGDALENA,rural,path,1027.5093830459614
47660,SABANAS DE SAN ANGEL,MAGDALENA,rural,residential,5963.397768530282
47660,SABANAS DE SAN ANGEL,MAGDALENA,rural,service,9680.187263184436
47660,SABANAS DE SAN ANGEL,MAGDALENA,rural,tertiary,124279.13512111385
47660,SABANAS DE SAN ANGEL,MAGDALENA,rural,track,315513.0777793425
47660,SABANAS DE SAN ANGEL,MAGDALENA,rural,unclassified,203283.62648661988
47692,SAN SEBASTIAN DE BUENAVISTA,MAGDALENA,cabecera,residential,20100.791349141506
47692,SAN SEBASTIAN DE BUENAVISTA,MAGDALENA,cabecera,tertiary,2751.6011919128405
47692,SAN SEBASTIAN DE BUENAVISTA,MAGDALENA,cabecera,unclassified,405.5638237526602
47692,SAN SEBASTIAN DE BUENAVISTA,MAGDALENA,centro_poblado,residential,31482.576272012997
47692,SAN SEBASTIAN DE BUENAVISTA,MAGDALENA,centro_poblado,service,1479.7371710119885
47692,SAN SEBASTIAN DE BUENAVISTA,MAGDALENA,centro_poblado,tertiary,5661.7800788794275
47692,SAN SEBASTIAN DE BUENAVISTA,MAGDALENA,centro_poblado,track,318.16702733419834
47692,SAN SEBASTIAN DE BUENAVISTA,MAGDALENA,centro_poblado,unclassified,1875.6650631790305
47692,SAN SEBASTIAN DE BUENAVISTA,MAGDALENA,rural,path,88.05475319660916
47692,SAN SEBASTIAN DE BUENAVISTA,MAGDALENA,rural,residential,11588.927858113471
47692,SAN SEBASTIAN DE BUENAVISTA,MAGDALENA,rural,service,483.33947659779574
47692,SAN SEBASTIAN DE BUENAVISTA,MAGDALENA,rural,tertiary,41475.24778157091
47692,SAN SEBASTIAN DE BUENAVISTA,MAGDALENA,rural,track,98883.9589964778
47692,SAN SEBASTIAN DE BUENAVISTA,MAGDALENA,rural,unclassified,110893.49598587916
47707,SANTA ANA,MAGDALENA,cabecera,primary,1895.79436619589
47707,SANTA ANA,MAGDALENA,cabecera,residential,32019.57837777394
47707,SANTA ANA,MAGDALENA,cabecera,service,520.3752576287818
47707,SANTA ANA,MAGDALENA,cabecera,tertiary,2408.997135060588
47707,SANTA ANA,MAGDALENA,cabecera,track,35.8418178851809
47707,SANTA ANA,MAGDALENA,cabecera,unclassified,3855.5071944681285
47707,SANTA ANA,MAGDALENA,centro_poblado,residential,12352.737858465283
47707,SANTA ANA,MAGDALENA,centro_poblado,service,331.61843398849476
47707,SANTA ANA,MAGDALENA,centro_poblado,tertiary,1290.9817232425873
47707,SANTA ANA,MAGDALENA,centro_poblado,unclassified,454.2372251041844
47707,SANTA ANA,MAGDALENA,rural,primary,36928.3673250851
47707,SANTA ANA,MAGDALENA,rural,residential,9689.9224659823
47707,SANTA ANA,MAGDALENA,rural,service,13691.183882494424
47707,SANTA ANA,MAGDALENA,rural,tertiary,11122.89576650301
47707,SANTA ANA,MAGDALENA,rural,track,62377.82599774486
47707,SANTA ANA,MAGDALENA,rural,unclassified,187027.77160847757
47720,SANTA BARBARA DE PINTO,MAGDALENA,cabecera,residential,23430.78029566894
47720,SANTA BARBARA DE PINTO,MAGDALENA,cabecera,service,179.4391183281409
47720,SANTA BARBARA DE PINTO,MAGDALENA,cabecera,unclassified,1888.7322089356023
47720,SANTA BARBARA DE PINTO,MAGDALENA,centro_poblado,residential,8274.859020983033
47720,SANTA BARBARA DE PINTO,MAGDALENA,centro_poblado,unclassified,1555.2595977976753
47720,SANTA BARBARA DE PINTO,MAGDALENA,rural,bridleway,1478.6174799566713
47720,SANTA BARBARA DE PINTO,MAGDALENA,rural,residential,1937.1289064699351
47720,SANTA BARBARA DE PINTO,MAGDALENA,rural,track,6645.031380621182
47720,SANTA BARBARA DE PINTO,MAGDALENA,rural,unclassified,128971.15175011278
47745,SITIONUEVO,MAGDALENA,cabecera,path,84.23404907770765
47745,SITIONUEVO,MAGDALENA,cabecera,primary,1539.4061718159185
47745,SITIONUEVO,MAGDALENA,cabecera,residential,23613.642821736816
47745,SITIONUEVO,MAGDALENA,centro_poblado,cycleway,358.1829470227534
47745,SITIONUEVO,MAGDALENA,centro_poblado,footway,347.1093996707584
47745,SITIONUEVO,MAGDALENA,centro_poblado,path,17.45388594997666
47745,SITIONUEVO,MAGDALENA,centro_poblado,primary,182.1706742509439
47745,SITIONUEVO,MAGDALENA,centro_poblado,residential,16727.09010447922
47745,SITIONUEVO,MAGDALENA,centro_poblado,service,880.0229652201385
47745,SITIONUEVO,MAGDALENA,centro_poblado,track,207.20834352273224
47745,SITIONUEVO,MAGDALENA,centro_poblado,trunk,2680.514984633311
47745,SITIONUEVO,MAGDALENA,centro_poblado,unclassified,908.9288989904543
47745,SITIONUEVO,MAGDALENA,rural,cycleway,2464.306433300698
47745,SITIONUEVO,MAGDALENA,rural,footway,51.022171529427446
47745,SITIONUEVO,MAGDALENA,rural,path,13363.241054074526
47745,SITIONUEVO,MAGDALENA,rural,primary,28385.50367574185
47745,SITIONUEVO,MAGDALENA,rural,residential,4284.703236876498
47745,SITIONUEVO,MAGDALENA,rural,service,20280.54288039152
47745,SITIONUEVO,MAGDALENA,rural,track,36739.84470353392
47745,SITIONUEVO,MAGDALENA,rural,trunk,33123.13964148841
47745,SITIONUEVO,MAGDALENA,rural,unclassified,71365.0756751371
47960,ZAPAYAN,MAGDALENA,cabecera,residential,11075.399237060505
47960,ZAPAYAN,MAGDALENA,cabecera,tertiary,472.30673525321265
47960,ZAPAYAN,MAGDALENA,centro_poblado,residential,9784.71482316766
47960,ZAPAYAN,MAGDALENA,centro_poblado,service,108.59729584673195
47960,ZAPAYAN,MAGDALENA,centro_poblado,tertiary,767.8440913210313
47960,ZAPAYAN,MAGDALENA,centro_poblado,unclassified,35.08003157671048
47960,ZAPAYAN,MAGDALENA,rural,primary,6962.819424771694
47960,ZAPAYAN,MAGDALENA,rural,residential,4969.993673776515
47960,ZAPAYAN,MAGDALENA,rural,service,602.2110113948796
47960,ZAPAYAN,MAGDALENA,rural,tertiary,36657.44847265178
47960,ZAPAYAN,MAGDALENA,rural,track,22113.43681302442
47960,ZAPAYAN,MAGDALENA,rural,unclassified,45034.675009618026
47980,ZONA BANANERA (SEVILLA),MAGDALENA,cabecera,residential,7752.462204643561
47980,ZONA BANANERA (SEVILLA),MAGDALENA,cabecera,service,0.9948874896703955
47980,ZONA BANANERA (SEVILLA),MAGDALENA,cabecera,tertiary,1618.2341409349167
47980,ZONA BANANERA (SEVILLA),MAGDALENA,cabecera,unclassified,233.95298486441894
47980,ZONA BANANERA (SEVILLA),MAGDALENA,centro_poblado,footway,885.2770052729219
47980,ZONA BANANERA (SEVILLA),MAGDALENA,centro_poblado,residential,113852.95921546126
47980,ZONA BANANERA (SEVILLA),MAGDALENA,centro_poblado,service,678.5639693980614
47980,ZONA BANANERA (SEVILLA),MAGDALENA,centro_poblado,tertiary,4156.965982547372
47980,ZONA BANANERA (SEVILLA),MAGDALENA,centro_poblado,track,467.73535372330656
47980,ZONA BANANERA (SEVILLA),MAGDALENA,centro_poblado,trunk,3692.658209916595
47980,ZONA BANANERA (SEVILLA),MAGDALENA,centro_poblado,unclassified,7688.320408267643
47980,ZONA BANANERA (SEVILLA),MAGDALENA,rural,bridleway,1268.7040825049385
47980,ZONA BANANERA (SEVILLA),MAGDALENA,rural,footway,717.7044580072629
47980,ZONA BANANERA (SEVILLA),MAGDALENA,rural,path,678.4356929731719
47980,ZONA BANANERA (SEVILLA),MAGDALENA,rural,residential,32901.7916946178
47980,ZONA BANANERA (SEVILLA),MAGDALENA,rural,service,30192.166438344997
47980,ZONA BANANERA (SEVILLA),MAGDALENA,rural,tertiary,28559.241905580504
47980,ZONA BANANERA (SEVILLA),MAGDALENA,rural,track,249339.764746915
47980,ZONA BANANERA (SEVILLA),MAGDALENA,rural,trunk,37102.57432906308
47980,ZONA BANANERA (SEVILLA),MAGDALENA,rural,unclassified,224699.30138688537
50006,ACACIAS,META,cabecera,footway,1091.1508566232155
50006,ACACIAS,META,cabecera,path,426.18780944377124
50006,ACACIAS,META,cabecera,primary,5472.091297163525
50006,ACACIAS,META,cabecera,residential,149560.92620445415
50006,ACACIAS,META,cabecera,service,11746.026049374326
50006,ACACIAS,META,cabecera,steps,20.891357992510635
50006,ACACIAS,META,cabecera,tertiary,16900.825392899707
50006,ACACIAS,META,cabecera,track,649.4218899391899
50006,ACACIAS,META,cabecera,unclassified,3596.717056977803
50006,ACACIAS,META,centro_poblado,residential,16573.736242814688
50006,ACACIAS,META,centro_poblado,service,11.19666767404531
50006,ACACIAS,META,centro_poblado,tertiary,1074.227627184102
50006,ACACIAS,META,centro_poblado,unclassified,903.9106853720048
50006,ACACIAS,META,rural,bridleway,767.3493106469458
50006,ACACIAS,META,rural,footway,6342.746711159356
50006,ACACIAS,META,rural,path,13597.332586272189
50006,ACACIAS,META,rural,primary,9799.815928649818
50006,ACACIAS,META,rural,residential,144994.31184072595
50006,ACACIAS,META,rural,service,105489.50997743997
50006,ACACIAS,META,rural,tertiary,85035.76075422125
50006,ACACIAS,META,rural,track,98097.14738957334
50006,ACACIAS,META,rural,unclassified,312307.3942499011
50150,CASTILLA LA NUEVA,META,cabecera,cycleway,161.84698506644045
50150,CASTILLA LA NUEVA,META,cabecera,footway,225.43829838440928
50150,CASTILLA LA NUEVA,META,cabecera,path,137.4741562701093
50150,CASTILLA LA NUEVA,META,cabecera,residential,17212.053043670963
50150,CASTILLA LA NUEVA,META,cabecera,service,965.5990477412496
50150,CASTILLA LA NUEVA,META,cabecera,tertiary,3328.9639586231724
50150,CASTILLA LA NUEVA,META,cabecera,unclassified,272.27877871609843
50150,CASTILLA LA NUEVA,META,centro_poblado,residential,5169.726525977551
50150,CASTILLA LA NUEVA,META,centro_poblado,service,27.669887743218272
50150,CASTILLA LA NUEVA,META,centro_poblado,tertiary,1778.8736665857296
50150,CASTILLA LA NUEVA,META,centro_poblado,unclassified,220.77887431561862
50150,CASTILLA LA NUEVA,META,rural,residential,24775.377335279863
50150,CASTILLA LA NUEVA,META,rural,service,70640.27926960023
50150,CASTILLA LA NUEVA,META,rural,tertiary,98028.0701430979
50150,CASTILLA LA NUEVA,META,rural,track,17180.72557573489
50150,CASTILLA LA NUEVA,META,rural,unclassified,148629.1286926889
50287,FUENTE DE ORO,META,cabecera,path,4.9497169012116515
50287,FUENTE DE ORO,META,cabecera,residential,31483.702171563204
50287,FUENTE DE ORO,META,cabecera,secondary,3346.211627085074
50287,FUENTE DE ORO,META,cabecera,service,322.7078820048187
50287,FUENTE DE ORO,META,cabecera,tertiary,164.72866858529648
50287,FUENTE DE ORO,META,cabecera,track,509.1513872613123
50287,FUENTE DE ORO,META,cabecera,unclassified,378.4963312550873
50287,FUENTE DE ORO,META,centro_poblado,residential,8324.759928009918
50287,FUENTE DE ORO,META,centro_poblado,service,30.596897522925254
50287,FUENTE DE ORO,META,centro_poblado,unclassified,1573.403984677743
50287,FUENTE DE ORO,META,rural,path,97.17687115917579
50287,FUENTE DE ORO,META,rural,residential,16890.977049730074
50287,FUENTE DE ORO,META,rural,secondary,35261.86404220166
50287,FUENTE DE ORO,META,rural,service,14774.799807779866
50287,FUENTE DE ORO,META,rural,tertiary,44827.85296150787
50287,FUENTE DE ORO,META,rural,track,20814.994181425856
50287,FUENTE DE ORO,META,rural,unclassified,230445.8633281473
50313,GRANADA,META,cabecera,footway,2032.703364893211
50313,GRANADA,META,cabecera,primary,70.82979387213408
50313,GRANADA,META,cabecera,residential,190891.76225946608
50313,GRANADA,META,cabecera,secondary,11749.67433722708
50313,GRANADA,META,cabecera,service,5975.733531759499
50313,GRANADA,META,cabecera,tertiary,20344.099003481104
50313,GRANADA,META,cabecera,track,363.6817947602036
50313,GRANADA,META,cabecera,unclassified,2626.3874219139825
50313,GRANADA,META,centro_poblado,residential,6457.437236094056
50313,GRANADA,META,centro_poblado,secondary,477.8125707438403
50313,GRANADA,META,centro_poblado,service,869.738332823714
50313,GRANADA,META,centro_poblado,tertiary,2038.5057262319776
50313,GRANADA,META,centro_poblado,unclassified,959.1121012854203
50313,GRANADA,META,rural,path,337.98202670015957
50313,GRANADA,META,rural,primary,7716.433778199242
50313,GRANADA,META,rural,residential,61564.408473649884
50313,GRANADA,META,rural,secondary,26455.53399031921
50313,GRANADA,META,rural,service,16582.942355398292
50313,GRANADA,META,rural,tertiary,30246.737535729742
50313,GRANADA,META,rural,track,21409.16917052013
50313,GRANADA,META,rural,unclassified,225065.33863854985
50318,GUAMAL,META,cabecera,footway,135.55456704971
50318,GUAMAL,META,cabecera,primary,2506.200858014868
50318,GUAMAL,META,cabecera,residential,27113.907873333967
50318,GUAMAL,META,cabecera,service,3252.4679123533283
50318,GUAMAL,META,cabecera,tertiary,2670.105758681266
50318,GUAMAL,META,cabecera,unclassified,2071.4251502821962
50318,GUAMAL,META,centro_poblado,primary,1001.2969284794656
50318,GUAMAL,META,centro_poblado,service,175.6541022473518
50318,GUAMAL,META,centro_poblado,tertiary,58.20215910783416
50318,GUAMAL,META,centro_poblado,unclassified,244.98673083284916
50318,GUAMAL,META,rural,bridleway,253.3096899045389
50318,GUAMAL,META,rural,footway,1789.140894923963
50318,GUAMAL,META,rural,path,36106.55330426633
50318,GUAMAL,META,rural,primary,10603.5856118085
50318,GUAMAL,META,rural,residential,35420.99788734751
50318,GUAMAL,META,rural,service,33534.480552060326
50318,GUAMAL,META,rural,tertiary,7342.579182287218
50318,GUAMAL,META,rural,track,17141.827660110463
50318,GUAMAL,META,rural,unclassified,119023.9883798878
50325,MAPIRIPAN,META,cabecera,path,129.86617547401733
50325,MAPIRIPAN,META,cabecera,residential,8297.525944356574
50325,MAPIRIPAN,META,cabecera,service,2794.7925740884757
50325,MAPIRIPAN,META,cabecera,track,471.0075152950001
50325,MAPIRIPAN,META,cabecera,unclassified,1027.9817391916367
50325,MAPIRIPAN,META,centro_poblado,residential,7104.560426573884
50325,MAPIRIPAN,META,centro_poblado,service,255.81541418446915
50325,MAPIRIPAN,META,centro_poblado,unclassified,2606.3836366081305
50325,MAPIRIPAN,META,rural,bridleway,72143.03201893886
50325,MAPIRIPAN,META,rural,footway,22.345324485241754
50325,MAPIRIPAN,META,rural,path,4462.9803911500285
50325,MAPIRIPAN,META,rural,residential,1359.7407388771858
50325,MAPIRIPAN,META,rural,service,162430.68429985188
50325,MAPIRIPAN,META,rural,track,275939.8676186296
50325,MAPIRIPAN,META,rural,unclassified,987593.7592559123
50330,MESETAS,META,cabecera,residential,19276.83161556778
50330,MESETAS,META,cabecera,secondary,2596.6034638349474
50330,MESETAS,META,cabecera,service,137.4968994785673
50330,MESETAS,META,cabecera,unclassified,12.203765836504182
50330,MESETAS,META,centro_poblado,pedestrian,283.98107708527925
50330,MESETAS,META,centro_poblado,residential,1433.950261470383
50330,MESETAS,META,centro_poblado,secondary,905.6704792050149
50330,MESETAS,META,centro_poblado,unclassified,312.42084737450887
50330,MESETAS,META,rural,bridleway,9746.077768410662
50330,MESETAS,META,rural,footway,53.73827010759145
50330,MESETAS,META,rural,path,5427.480771983658
50330,MESETAS,META,rural,pedestrian,6.668537451413407
50330,MESETAS,META,rural,residential,7738.218753886524
50330,MESETAS,META,rural,secondary,77825.6248165652
50330,MESETAS,META,rural,service,28681.59712771689
50330,MESETAS,META,rural,track,108458.91613967122
50330,MESETAS,META,rural,unclassified,281751.8263455548
50350,LA MACARENA,META,cabecera,path,3734.722627616111
50350,LA MACARENA,META,cabecera,residential,23567.791044838028
50350,LA MACARENA,META,cabecera,secondary,3773.099466844262
50350,LA MACARENA,META,cabecera,service,5649.643215642641
50350,LA MACARENA,META,cabecera,tertiary,1762.6543289712663
50350,LA MACARENA,META,cabecera,unclassified,3541.9632137734093
50350,LA MACARENA,META,centro_poblado,path,83.90612961363625
50350,LA MACARENA,META,centro_poblado,residential,13139.824895555355
50350,LA MACARENA,META,centro_poblado,secondary,2330.512415608244
50350,LA MACARENA,META,centro_poblado,service,532.5215387863396
50350,LA MACARENA,META,centro_poblado,tertiary,838.0227688508442
50350,LA MACARENA,META,centro_poblado,track,191.87206963301622
50350,LA MACARENA,META,centro_poblado,unclassified,2815.203587822046
50350,LA MACARENA,META,rural,bridleway,63865.56022588585
50350,LA MACARENA,META,rural,path,42803.65078906874
50350,LA MACARENA,META,rural,residential,6269.219179344876
50350,LA MACARENA,META,rural,secondary,116366.67796848387
50350,LA MACARENA,META,rural,service,63586.728698886094
50350,LA MACARENA,META,rural,tertiary,35781.84433628528
50350,LA MACARENA,META,rural,track,710574.9087798661
50350,LA MACARENA,META,rural,unclassified,1701724.510783621
50370,URIBE,META,cabecera,residential,6525.230557976995
50370,URIBE,META,cabecera,secondary,1670.2539544973652
50370,URIBE,META,cabecera,service,417.2967632445442
50370,URIBE,META,cabecera,track,171.74961691825894
50370,URIBE,META,cabecera,unclassified,201.5934924474657
50370,URIBE,META,centro_poblado,footway,334.83751401909257
50370,URIBE,META,centro_poblado,residential,5257.32634472136
50370,URIBE,META,centro_poblado,secondary,793.769961798118
50370,URIBE,META,centro_poblado,service,365.94760471188164
50370,URIBE,META,centro_poblado,track,75.10336613109924
50370,URIBE,META,centro_poblado,unclassified,323.78044124927794
50370,URIBE,META,rural,bridleway,172031.60671117585
50370,URIBE,META,rural,footway,75.3512455358051
50370,URIBE,META,rural,path,19785.56863694959
50370,URIBE,META,rural,residential,2842.9881997943357
50370,URIBE,META,rural,secondary,50127.94720548056
50370,URIBE,META,rural,service,5110.744646199473
50370,URIBE,META,rural,track,132311.77569758054
50370,URIBE,META,rural,unclassified,420651.829397315
50400,LEJANIAS,META,cabecera,pedestrian,92.18750992955862
50400,LEJANIAS,META,cabecera,residential,13706.257897254985
50400,LEJANIAS,META,cabecera,service,798.6540075857735
50400,LEJANIAS,META,cabecera,tertiary,3424.507459350007
50400,LEJANIAS,META,cabecera,track,433.6558471937099
50400,LEJANIAS,META,cabecera,unclassified,2090.4782932743956
50400,LEJANIAS,META,centro_poblado,residential,830.9845248699786
50400,LEJANIAS,META,centro_poblado,tertiary,400.92785974468455
50400,LEJANIAS,META,centro_poblado,track,467.455779723134
50400,LEJANIAS,META,centro_poblado,unclassified,377.3101435668901
50400,LEJANIAS,META,rural,bridleway,650.1291614208359
50400,LEJANIAS,META,rural,path,190.90830874090608
50400,LEJANIAS,META,rural,residential,2559.642896009482
50400,LEJANIAS,META,rural,service,16042.68568808329
50400,LEJANIAS,META,rural,tertiary,17702.217411436643
50400,LEJANIAS,META,rural,track,19635.06630188523
50400,LEJANIAS,META,rural,unclassified,206093.9223391039
50450,PUERTO CONCORDIA,META,cabecera,residential,12266.658174890306
50450,PUERTO CONCORDIA,META,cabecera,secondary,875.2656078902817
50450,PUERTO CONCORDIA,META,cabecera,service,472.87096242383586
50450,PUERTO CONCORDIA,META,centro_poblado,residential,3295.4451085988817
50450,PUERTO CONCORDIA,META,centro_poblado,secondary,965.1420652710492
50450,PUERTO CONCORDIA,META,centro_poblado,service,261.3667746647118
50450,PUERTO CONCORDIA,META,centro_poblado,unclassified,161.06802542457206
50450,PUERTO CONCORDIA,META,rural,pedestrian,68.52874276899487
50450,PUERTO CONCORDIA,META,rural,residential,16458.553219535344
50450,PUERTO CONCORDIA,META,rural,secondary,40432.312983778895
50450,PUERTO CONCORDIA,META,rural,service,1332.2636153045853
50450,PUERTO CONCORDIA,META,rural,track,25928.779870624192
50450,PUERTO CONCORDIA,META,rural,unclassified,230654.44271504364
50568,PUERTO GAITAN,META,cabecera,path,508.69410878289864
50568,PUERTO GAITAN,META,cabecera,primary,920.347685037764
50568,PUERTO GAITAN,META,cabecera,residential,46135.74041754633
50568,PUERTO GAITAN,META,cabecera,secondary,1745.1855501609832
50568,PUERTO GAITAN,META,cabecera,service,3428.771348481394
50568,PUERTO GAITAN,META,cabecera,tertiary,3342.470871997792
50568,PUERTO GAITAN,META,cabecera,unclassified,222.22641218509023
50568,PUERTO GAITAN,META,centro_poblado,footway,8.513600819355473
50568,PUERTO GAITAN,META,centro_poblado,path,88.64752369996667
50568,PUERTO GAITAN,META,centro_poblado,residential,36364.856159351526
50568,PUERTO GAITAN,META,centro_poblado,secondary,655.1446709222857
50568,PUERTO GAITAN,META,centro_poblado,service,822.4430479822724
50568,PUERTO GAITAN,META,centro_poblado,tertiary,911.3971948743657
50568,PUERTO GAITAN,META,centro_poblado,track,614.185918786146
50568,PUERTO GAITAN,META,centro_poblado,unclassified,3395.035015857023
50568,PUERTO GAITAN,META,rural,bridleway,14058.365467251217
50568,PUERTO GAITAN,META,rural,footway,2621.2996500685613
50568,PUERTO GAITAN,META,rural,path,12568.736686088947
50568,PUERTO GAITAN,META,rural,primary,8102.32243930355
50568,PUERTO GAITAN,META,rural,residential,88837.31693147754
50568,PUERTO GAITAN,META,rural,secondary,139501.1848932293
50568,PUERTO GAITAN,META,rural,service,316383.2968923213
50568,PUERTO GAITAN,META,rural,tertiary,198111.34755574915
50568,PUERTO GAITAN,META,rural,track,638089.3806631456
50568,PUERTO GAITAN,META,rural,unclassified,2457652.3692041533
50573,PUERTO LOPEZ,META,cabecera,cycleway,881.8647578970345
50573,PUERTO LOPEZ,META,cabecera,footway,165.26906370004315
50573,PUERTO LOPEZ,META,cabecera,primary,4693.060951298778
50573,PUERTO LOPEZ,META,cabecera,residential,50255.29424434456
50573,PUERTO LOPEZ,META,cabecera,service,2727.821539131505
50573,PUERTO LOPEZ,META,cabecera,tertiary,6287.658194367278
50573,PUERTO LOPEZ,META,cabecera,track,537.3769178508512
50573,PUERTO LOPEZ,META,cabecera,unclassified,4755.516409991003
50573,PUERTO LOPEZ,META,centro_poblado,path,172.99104681714294
50573,PUERTO LOPEZ,META,centro_poblado,primary,1396.8672403196838
50573,PUERTO LOPEZ,META,centro_poblado,residential,27876.740896785268
50573,PUERTO LOPEZ,META,centro_poblado,secondary,525.3300721741962
50573,PUERTO LOPEZ,META,centro_poblado,service,1.2951997198084875
50573,PUERTO LOPEZ,META,centro_poblado,tertiary,1163.3745364400388
50573,PUERTO LOPEZ,META,centro_poblado,track,514.3596408641667
50573,PUERTO LOPEZ,META,centro_poblado,unclassified,2901.7747493425386
50573,PUERTO LOPEZ,META,rural,bridleway,4617.334794928504
50573,PUERTO LOPEZ,META,rural,footway,481.00060240562533
50573,PUERTO LOPEZ,META,rural,path,11620.752829190411
50573,PUERTO LOPEZ,META,rural,primary,125969.27577438351
50573,PUERTO LOPEZ,META,rural,residential,40049.8172244752
50573,PUERTO LOPEZ,META,rural,secondary,6722.739356028287
50573,PUERTO LOPEZ,META,rural,service,54049.91031761099
50573,PUERTO LOPEZ,META,rural,tertiary,60424.415534049534
50573,PUERTO LOPEZ,META,rural,track,545762.0686207056
50573,PUERTO LOPEZ,META,rural,unclassified,881303.5905737054
50577,PUERTO LLERAS,META,cabecera,cycleway,806.0942543091546
50577,PUERTO LLERAS,META,cabecera,footway,540.8102157041793
50577,PUERTO LLERAS,META,cabecera,pedestrian,175.9988835559377
50577,PUERTO LLERAS,META,cabecera,residential,16435.696706480667
50577,PUERTO LLERAS,META,cabecera,secondary,129.8886672204625
50577,PUERTO LLERAS,META,cabecera,service,149.10831732642282
50577,PUERTO LLERAS,META,cabecera,track,92.66610725427404
50577,PUERTO LLERAS,META,cabecera,unclassified,672.668274215171
50577,PUERTO LLERAS,META,centro_poblado,residential,4490.477801135961
50577,PUERTO LLERAS,META,centro_poblado,track,102.84610083791071
50577,PUERTO LLERAS,META,centro_poblado,unclassified,3223.9879479435617
50577,PUERTO LLERAS,META,rural,bridleway,2201.8415559799264
50577,PUERTO LLERAS,META,rural,footway,1296.9804395120443
50577,PUERTO LLERAS,META,rural,residential,2788.647120841662
50577,PUERTO LLERAS,META,rural,secondary,59926.4325966857
50577,PUERTO LLERAS,META,rural,service,5115.337104258378
50577,PUERTO LLERAS,META,rural,tertiary,2978.849284518674
50577,PUERTO LLERAS,META,rural,track,51185.18967824131
50577,PUERTO LLERAS,META,rural,unclassified,724670.0933777454
50590,PUERTO RICO,META,cabecera,path,158.7615802011357
50590,PUERTO RICO,META,cabecera,residential,20496.222471321355
50590,PUERTO RICO,META,cabecera,service,191.62023513387467
50590,PUERTO RICO,META,cabecera,tertiary,3191.132885563243
50590,PUERTO RICO,META,cabecera,track,201.64762345483726
50590,PUERTO RICO,META,cabecera,unclassified,940.8640126794166
50590,PUERTO RICO,META,centro_poblado,path,27.92286414856165
50590,PUERTO RICO,META,centro_poblado,pedestrian,1008.4002201664899
50590,PUERTO RICO,META,centro_poblado,residential,2848.4417826552535
50590,PUERTO RICO,META,centro_poblado,track,125.64399534693771
50590,PUERTO RICO,META,centro_poblado,unclassified,1321.4014872732114
50590,PUERTO RICO,META,rural,bridleway,47646.720614811486
50590,PUERTO RICO,META,rural,path,8108.9419632135805
50590,PUERTO RICO,META,rural,pedestrian,173.24712320391887
50590,PUERTO RICO,META,rural,residential,4821.106744574578
50590,PUERTO RICO,META,rural,secondary,37880.49197441575
50590,PUERTO RICO,META,rural,service,24587.92032179703
50590,PUERTO RICO,META,rural,tertiary,32036.69883918154
50590,PUERTO RICO,META,rural,track,119980.50010509008
50590,PUERTO RICO,META,rural,unclassified,576569.3898845068
50606,RESTREPO,META,cabecera,footway,1479.8067529171535
50606,RESTREPO,META,cabecera,path,85.18651622963762
50606,RESTREPO,META,cabecera,residential,25711.595756735198
50606,RESTREPO,META,cabecera,service,8795.925645988409
50606,RESTREPO,META,cabecera,tertiary,3341.642505997489
50606,RESTREPO,META,cabecera,track,197.1998420966508
50606,RESTREPO,META,cabecera,trunk,2521.76307736428
50606,RESTREPO,META,cabecera,unclassified,1836.1378986411855
50606,RESTREPO,META,cabecera,unknown,1573.6842410886986
50606,RESTREPO,META,rural,footway,135.03029919508424
50606,RESTREPO,META,rural,path,3439.918316432785
50606,RESTREPO,META,rural,residential,80217.21140752509
50606,RESTREPO,META,rural,service,48327.87165562308
50606,RESTREPO,META,rural,track,15143.428904006629
50606,RESTREPO,META,rural,trunk,21352.02925039227
50606,RESTREPO,META,rural,unclassified,146710.4502889626
50606,RESTREPO,META,rural,unknown,3054.872909129324
50680,SAN CARLOS DE GUAROA,META,cabecera,residential,28902.40894775767
50680,SAN CARLOS DE GUAROA,META,cabecera,tertiary,2748.898083811254
50680,SAN CARLOS DE GUAROA,META,cabecera,unclassified,193.59983522944225
50680,SAN CARLOS DE GUAROA,META,centro_poblado,residential,10335.495961731845
50680,SAN CARLOS DE GUAROA,META,centro_poblado,tertiary,1050.417234913613
50680,SAN CARLOS DE GUAROA,META,centro_poblado,unclassified,597.8139769961304
50680,SAN CARLOS DE GUAROA,META,rural,path,7822.428440688761
50680,SAN CARLOS DE GUAROA,META,rural,residential,3333.283439891669
50680,SAN CARLOS DE GUAROA,META,rural,service,38073.532690849584
50680,SAN CARLOS DE GUAROA,META,rural,tertiary,58407.810515707155
50680,SAN CARLOS DE GUAROA,META,rural,track,44524.146207089754
50680,SAN CARLOS DE GUAROA,META,rural,unclassified,200159.3173117992
50683,SAN JUAN DE ARAMA,META,cabecera,residential,18870.03044242965
50683,SAN JUAN DE ARAMA,META,cabecera,secondary,2446.814176333242
50683,SAN JUAN DE ARAMA,META,cabecera,service,1297.2678126628975
50683,SAN JUAN DE ARAMA,META,cabecera,unclassified,62.41381416233433
50683,SAN JUAN DE ARAMA,META,centro_poblado,footway,207.11352008060965
50683,SAN JUAN DE ARAMA,META,centro_poblado,residential,5400.12923486121
50683,SAN JUAN DE ARAMA,META,centro_poblado,secondary,455.7878544252549
50683,SAN JUAN DE ARAMA,META,centro_poblado,service,339.9480550925251
50683,SAN JUAN DE ARAMA,META,centro_poblado,track,65.51625876187964
50683,SAN JUAN DE ARAMA,META,centro_poblado,unclassified,1717.4964189236605
50683,SAN JUAN DE ARAMA,META,rural,bridleway,676.4134314990633
50683,SAN JUAN DE ARAMA,META,rural,footway,8.71399373383999
50683,SAN JUAN DE ARAMA,META,rural,path,4660.377311232539
50683,SAN JUAN DE ARAMA,META,rural,residential,6876.655202846303
50683,SAN JUAN DE ARAMA,META,rural,secondary,46108.13631135083
50683,SAN JUAN DE ARAMA,META,rural,service,9877.96239779845
50683,SAN JUAN DE ARAMA,META,rural,track,78128.76013947153
50683,SAN JUAN DE ARAMA,META,rural,unclassified,271148.04917821416
50689,SAN MARTIN DE LOS LLANOS,META,cabecera,path,114.02849616317019
50689,SAN MARTIN DE LOS LLANOS,META,cabecera,primary,3869.1527148006917
50689,SAN MARTIN DE LOS LLANOS,META,cabecera,residential,63788.702262646286
50689,SAN MARTIN DE LOS LLANOS,META,cabecera,service,150.28160737648523
50689,SAN MARTIN DE LOS LLANOS,META,cabecera,tertiary,4625.696851633577
50689,SAN MARTIN DE LOS LLANOS,META,cabecera,track,376.9188794900851
50689,SAN MARTIN DE LOS LLANOS,META,cabecera,unclassified,2646.34613494047
50689,SAN MARTIN DE LOS LLANOS,META,centro_poblado,residential,4674.127223102037
50689,SAN MARTIN DE LOS LLANOS,META,centro_poblado,service,571.6507478278243
50689,SAN MARTIN DE LOS LLANOS,META,centro_poblado,unclassified,1394.2312930073365
50689,SAN MARTIN DE LOS LLANOS,META,rural,primary,13150.165271318812
50689,SAN MARTIN DE LOS LLANOS,META,rural,residential,8629.455388283424
50689,SAN MARTIN DE LOS LLANOS,META,rural,service,28147.03155065709
50689,SAN MARTIN DE LOS LLANOS,META,rural,tertiary,176.59464469770256
50689,SAN MARTIN DE LOS LLANOS,META,rural,track,319175.40605824353
50689,SAN MARTIN DE LOS LLANOS,META,rural,unclassified,988036.3661336848
50711,VISTA HERMOSA,META,cabecera,path,440.4517097489184
50711,VISTA HERMOSA,META,cabecera,residential,24894.758567359902
50711,VISTA HERMOSA,META,cabecera,secondary,2237.8553255906477
50711,VISTA HERMOSA,META,cabecera,service,2123.6614805750205
50711,VISTA HERMOSA,META,cabecera,track,225.27755359719845
50711,VISTA HERMOSA,META,cabecera,unclassified,983.9235776510814
50711,VISTA HERMOSA,META,centro_poblado,bridleway,32.45518574418489
50711,VISTA HERMOSA,META,centro_poblado,footway,133.16624897459135
50711,VISTA HERMOSA,META,centro_poblado,residential,11886.397258150058
50711,VISTA HERMOSA,META,centro_poblado,service,1125.510535455529
50711,VISTA HERMOSA,META,centro_poblado,tertiary,2093.846756362887
50711,VISTA HERMOSA,META,centro_poblado,track,245.09506320103947
50711,VISTA HERMOSA,META,centro_poblado,unclassified,2109.2574258209274
50711,VISTA HERMOSA,META,rural,bridleway,48191.194499880534
50711,VISTA HERMOSA,META,rural,footway,912.4952446116331
50711,VISTA HERMOSA,META,rural,path,4767.492054946302
50711,VISTA HERMOSA,META,rural,residential,8782.148240001237
50711,VISTA HERMOSA,META,rural,secondary,8607.110000659313
50711,VISTA HERMOSA,META,rural,service,11017.651645205628
50711,VISTA HERMOSA,META,rural,tertiary,128491.9905346546
50711,VISTA HERMOSA,META,rural,track,211310.91541174336
50711,VISTA HERMOSA,META,rural,unclassified,569401.8974768678
52051,ARBOLEDA (BERRUECOS),NARIÑO,cabecera,residential,1118.3359939293211
52051,ARBOLEDA (BERRUECOS),NARIÑO,cabecera,service,103.77075477596406
52051,ARBOLEDA (BERRUECOS),NARIÑO,cabecera,tertiary,2470.186066648443
52051,ARBOLEDA (BERRUECOS),NARIÑO,cabecera,unclassified,436.9995617041783
52051,ARBOLEDA (BERRUECOS),NARIÑO,centro_poblado,residential,148.31159479408308
52051,ARBOLEDA (BERRUECOS),NARIÑO,centro_poblado,secondary,789.4198153531138
52051,ARBOLEDA (BERRUECOS),NARIÑO,centro_poblado,tertiary,85.74725526053469
52051,ARBOLEDA (BERRUECOS),NARIÑO,centro_poblado,unclassified,242.043880672395
52051,ARBOLEDA (BERRUECOS),NARIÑO,rural,path,3308.5630611151887
52051,ARBOLEDA (BERRUECOS),NARIÑO,rural,residential,213.60755892160563
52051,ARBOLEDA (BERRUECOS),NARIÑO,rural,secondary,14615.703111661527
52051,ARBOLEDA (BERRUECOS),NARIÑO,rural,service,1194.36434165563
52051,ARBOLEDA (BERRUECOS),NARIÑO,rural,tertiary,21978.551150689884
52051,ARBOLEDA (BERRUECOS),NARIÑO,rural,track,350.83715589439754
52051,ARBOLEDA (BERRUECOS),NARIÑO,rural,unclassified,54035.98736578461
52079,BARBACOAS,NARIÑO,cabecera,pedestrian,58.857311890216316
52079,BARBACOAS,NARIÑO,cabecera,residential,12926.418267269137
52079,BARBACOAS,NARIÑO,cabecera,service,4.687074153508568
52079,BARBACOAS,NARIÑO,cabecera,tertiary,2648.083990932857
52079,BARBACOAS,NARIÑO,centro_poblado,footway,136.55670679316995
52079,BARBACOAS,NARIÑO,centro_poblado,path,480.61969265888126
52079,BARBACOAS,NARIÑO,centro_poblado,primary,1457.389562233524
52079,BARBACOAS,NARIÑO,centro_poblado,residential,1163.7817050799367
52079,BARBACOAS,NARIÑO,centro_poblado,tertiary,100.74212771656751
52079,BARBACOAS,NARIÑO,centro_poblado,track,592.5823499887404
52079,BARBACOAS,NARIÑO,centro_poblado,unclassified,418.3850074896188
52079,BARBACOAS,NARIÑO,rural,bridleway,724.2013381010408
52079,BARBACOAS,NARIÑO,rural,footway,21.33859725832207
52079,BARBACOAS,NARIÑO,rural,path,15436.763967194176
52079,BARBACOAS,NARIÑO,rural,primary,38035.585787852964
52079,BARBACOAS,NARIÑO,rural,residential,3024.1453849732457
52079,BARBACOAS,NARIÑO,rural,service,274.3878529450666
52079,BARBACOAS,NARIÑO,rural,tertiary,53689.38307775989
52079,BARBACOAS,NARIÑO,rural,track,15344.987091575656
52079,BARBACOAS,NARIÑO,rural,unclassified,52980.152104577006
52083,BELEN,NARIÑO,cabecera,footway,280.24928134280776
52083,BELEN,NARIÑO,cabecera,path,85.16920291384027
52083,BELEN,NARIÑO,cabecera,residential,4059.9560450113236
52083,BELEN,NARIÑO,cabecera,service,142.86237184072303
52083,BELEN,NARIÑO,cabecera,tertiary,938.2165158350888
52083,BELEN,NARIÑO,cabecera,unclassified,895.4179290336671
52083,BELEN,NARIÑO,centro_poblado,residential,545.3182285159361
52083,BELEN,NARIÑO,centro_poblado,unclassified,380.01652214769837
52083,BELEN,NARIÑO,rural,footway,18.68303973153349
52083,BELEN,NARIÑO,rural,path,565.3560688690252
52083,BELEN,NARIÑO,rural,residential,451.9946749553869
52083,BELEN,NARIÑO,rural,service,203.5656861535856
52083,BELEN,NARIÑO,rural,tertiary,9058.728474124811
52083,BELEN,NARIÑO,rural,track,2111.1580964886175
52083,BELEN,NARIÑO,rural,unclassified,30678.249490041508
52110,BUESACO,NARIÑO,cabecera,bridleway,460.18458858905234
52110,BUESACO,NARIÑO,cabecera,footway,415.52061386330126
52110,BUESACO,NARIÑO,cabecera,path,445.4589938180033
52110,BUESACO,NARIÑO,cabecera,residential,8602.273110603846
52110,BUESACO,NARIÑO,cabecera,secondary,2863.546710637236
52110,BUESACO,NARIÑO,cabecera,service,344.7694693464652
52110,BUESACO,NARIÑO,cabecera,steps,76.81035843127157
52110,BUESACO,NARIÑO,cabecera,tertiary,1054.691882125347
52110,BUESACO,NARIÑO,cabecera,track,487.8384241453882
52110,BUESACO,NARIÑO,cabecera,unclassified,1690.937122571483
52110,BUESACO,NARIÑO,centro_poblado,bridleway,38.25852645736277
52110,BUESACO,NARIÑO,centro_poblado,footway,98.52019830582827
52110,BUESACO,NARIÑO,centro_poblado,residential,9391.674744831707
52110,BUESACO,NARIÑO,centro_poblado,secondary,516.139826381733
52110,BUESACO,NARIÑO,centro_poblado,service,249.97102388648273
52110,BUESACO,NARIÑO,centro_poblado,tertiary,754.3298999771457
52110,BUESACO,NARIÑO,centro_poblado,track,350.3854764785454
52110,BUESACO,NARIÑO,centro_poblado,unclassified,1445.8773011778856
52110,BUESACO,NARIÑO,rural,bridleway,14300.944174457265
52110,BUESACO,NARIÑO,rural,footway,132.741630660892
52110,BUESACO,NARIÑO,rural,path,4844.913341486749
52110,BUESACO,NARIÑO,rural,residential,8615.36819207534
52110,BUESACO,NARIÑO,rural,secondary,32045.53179716403
52110,BUESACO,NARIÑO,rural,service,4827.149507234072
52110,BUESACO,NARIÑO,rural,steps,119.2632115110226
52110,BUESACO,NARIÑO,rural,tertiary,18384.375779918086
52110,BUESACO,NARIÑO,rural,track,22600.695657002783
52110,BUESACO,NARIÑO,rural,unclassified,266291.9831440012
52203,COLON (GENOVA),NARIÑO,cabecera,residential,3284.1422798268222
52203,COLON (GENOVA),NARIÑO,cabecera,unclassified,204.96158671348485
52203,COLON (GENOVA),NARIÑO,centro_poblado,residential,1885.8794191147504
52203,COLON (GENOVA),NARIÑO,centro_poblado,unclassified,236.27269120631811
52203,COLON (GENOVA),NARIÑO,rural,residential,2902.415927901576
52203,COLON (GENOVA),NARIÑO,rural,service,801.2822727586154
52203,COLON (GENOVA),NARIÑO,rural,tertiary,6273.85193248028
52203,COLON (GENOVA),NARIÑO,rural,track,1624.5823213941342
52203,COLON (GENOVA),NARIÑO,rural,unclassified,103515.08623402475
52207,CONSACA,NARIÑO,cabecera,residential,3000.1054409035464
52207,CONSACA,NARIÑO,cabecera,secondary,1492.5536815629669
52207,CONSACA,NARIÑO,cabecera,tertiary,963.6984475213039
52207,CONSACA,NARIÑO,cabecera,track,119.02295451201647
52207,CONSACA,NARIÑO,cabecera,unclassified,115.32855826730732
52207,CONSACA,NARIÑO,centro_poblado,residential,6162.163325717115
52207,CONSACA,NARIÑO,centro_poblado,secondary,862.0777151057399
52207,CONSACA,NARIÑO,centro_poblado,service,8.987986829576487
52207,CONSACA,NARIÑO,centro_poblado,tertiary,587.1287776549415
52207,CONSACA,NARIÑO,centro_poblado,unclassified,641.3286972810847
52207,CONSACA,NARIÑO,rural,footway,261.4852344476627
52207,CONSACA,NARIÑO,rural,path,508.3417403945389
52207,CONSACA,NARIÑO,rural,residential,22378.906470632526
52207,CONSACA,NARIÑO,rural,secondary,19950.87348039796
52207,CONSACA,NARIÑO,rural,service,778.6007932057701
52207,CONSACA,NARIÑO,rural,tertiary,13604.928894873563
52207,CONSACA,NARIÑO,rural,track,3510.486788386244
52207,CONSACA,NARIÑO,rural,unclassified,67707.26070204213
52215,CORDOBA,NARIÑO,cabecera,pedestrian,77.70416215249894
52215,CORDOBA,NARIÑO,cabecera,residential,8070.627046919314
52215,CORDOBA,NARIÑO,cabecera,tertiary,707.8627486970262
52215,CORDOBA,NARIÑO,cabecera,unclassified,1100.2927577579749
52215,CORDOBA,NARIÑO,centro_poblado,residential,1454.3215327379557
52215,CORDOBA,NARIÑO,centro_poblado,tertiary,1392.880817798622
52215,CORDOBA,NARIÑO,centro_poblado,unclassified,1508.3762149948147
52215,CORDOBA,NARIÑO,rural,bridleway,16114.120559390096
52215,CORDOBA,NARIÑO,rural,residential,6384.428790791855
52215,CORDOBA,NARIÑO,rural,service,1700.4264137839557
52215,CORDOBA,NARIÑO,rural,tertiary,15104.848155405673
52215,CORDOBA,NARIÑO,rural,track,1492.1506141221003
52215,CORDOBA,NARIÑO,rural,unclassified,100810.66415264348
52224,CUASPUD (CARLOSAMA),NARIÑO,cabecera,residential,6124.243764790807
52224,CUASPUD (CARLOSAMA),NARIÑO,cabecera,tertiary,1899.318014148508
52224,CUASPUD (CARLOSAMA),NARIÑO,cabecera,unclassified,2562.604466741773
52224,CUASPUD (CARLOSAMA),NARIÑO,rural,footway,1.1878863261742278
52224,CUASPUD (CARLOSAMA),NARIÑO,rural,primary,4982.960514884804
52224,CUASPUD (CARLOSAMA),NARIÑO,rural,residential,4321.321203951541
52224,CUASPUD (CARLOSAMA),NARIÑO,rural,service,1829.4065779980347
52224,CUASPUD (CARLOSAMA),NARIÑO,rural,tertiary,13194.180493117683
52224,CUASPUD (CARLOSAMA),NARIÑO,rural,track,13813.766083053622
52224,CUASPUD (CARLOSAMA),NARIÑO,rural,unclassified,75489.43784694125
52227,CUMBAL,NARIÑO,cabecera,residential,25941.889474907046
52227,CUMBAL,NARIÑO,cabecera,service,1010.9249642736846
52227,CUMBAL,NARIÑO,cabecera,tertiary,5435.006877867703
52227,CUMBAL,NARIÑO,cabecera,unclassified,2023.2658644692112
52227,CUMBAL,NARIÑO,centro_poblado,bridleway,39.661088882735335
52227,CUMBAL,NARIÑO,centro_poblado,residential,4286.700959173701
52227,CUMBAL,NARIÑO,centro_poblado,service,68.00688970616257
52227,CUMBAL,NARIÑO,centro_poblado,tertiary,6330.93652938117
52227,CUMBAL,NARIÑO,centro_poblado,track,802.2352835535953
52227,CUMBAL,NARIÑO,centro_poblado,unclassified,947.8411173125284
52227,CUMBAL,NARIÑO,rural,bridleway,14813.684887633968
52227,CUMBAL,NARIÑO,rural,footway,6.54307818664851
52227,CUMBAL,NARIÑO,rural,path,27586.270171943856
52227,CUMBAL,NARIÑO,rural,residential,12302.382167816922
52227,CUMBAL,NARIÑO,rural,service,1410.7647792298144
52227,CUMBAL,NARIÑO,rural,tertiary,17640.342640949024
52227,CUMBAL,NARIÑO,rural,track,43248.36741525828
52227,CUMBAL,NARIÑO,rural,unclassified,296190.72254691704
52233,CUMBITARA,NARIÑO,cabecera,bridleway,1.9591890898089903
52233,CUMBITARA,NARIÑO,cabecera,residential,3974.431363560906
52233,CUMBITARA,NARIÑO,cabecera,service,55.54811682235662
52233,CUMBITARA,NARIÑO,cabecera,tertiary,710.1408217949231
52233,CUMBITARA,NARIÑO,cabecera,unclassified,283.6318015211758
52233,CUMBITARA,NARIÑO,centro_poblado,pedestrian,60.243756347765796
52233,CUMBITARA,NARIÑO,centro_poblado,residential,3897.0963011852473
52233,CUMBITARA,NARIÑO,centro_poblado,tertiary,401.5329397355979
52233,CUMBITARA,NARIÑO,centro_poblado,unclassified,849.7346133577354
52233,CUMBITARA,NARIÑO,rural,bridleway,4192.517692417527
52233,CUMBITARA,NARIÑO,rural,footway,147.85093829818862
52233,CUMBITARA,NARIÑO,rural,path,22118.934733181886
52233,CUMBITARA,NARIÑO,rural,residential,4869.439945980521
52233,CUMBITARA,NARIÑO,rural,service,563.0276782491018
52233,CUMBITARA,NARIÑO,rural,tertiary,37743.36287735371
52233,CUMBITARA,NARIÑO,rural,track,17030.210517888307
52233,CUMBITARA,NARIÑO,rural,unclassified,150682.24581415113
52240,CHACHAGUI,NARIÑO,cabecera,footway,108.36713510220261
52240,CHACHAGUI,NARIÑO,cabecera,residential,6783.975134165466
52240,CHACHAGUI,NARIÑO,cabecera,service,148.69082423596208
52240,CHACHAGUI,NARIÑO,cabecera,trunk,1081.7703219132331
52240,CHACHAGUI,NARIÑO,cabecera,unclassified,1316.3449876895038
52240,CHACHAGUI,NARIÑO,centro_poblado,footway,19.563073314560107
52240,CHACHAGUI,NARIÑO,centro_poblado,residential,21399.537984391416
52240,CHACHAGUI,NARIÑO,centro_poblado,service,1160.511427769558
52240,CHACHAGUI,NARIÑO,centro_poblado,tertiary,682.0841068762054
52240,CHACHAGUI,NARIÑO,centro_poblado,track,151.85304839601358
52240,CHACHAGUI,NARIÑO,centro_poblado,trunk,4679.771154928698
52240,CHACHAGUI,NARIÑO,centro_poblado,unclassified,1707.205022443734
52240,CHACHAGUI,NARIÑO,rural,bridleway,574.9717752319333
52240,CHACHAGUI,NARIÑO,rural,footway,2732.0694353996955
52240,CHACHAGUI,NARIÑO,rural,path,6024.261653066162
52240,CHACHAGUI,NARIÑO,rural,residential,50994.81099920565
52240,CHACHAGUI,NARIÑO,rural,service,15597.484327535225
52240,CHACHAGUI,NARIÑO,rural,steps,7.5281612853486255
52240,CHACHAGUI,NARIÑO,rural,tertiary,10070.78795777991
52240,CHACHAGUI,NARIÑO,rural,track,12398.428446137204
52240,CHACHAGUI,NARIÑO,rural,trunk,28999.922824693916
52240,CHACHAGUI,NARIÑO,rural,unclassified,129822.15700012633
52250,EL CHARCO,NARIÑO,cabecera,footway,565.8618579895674
52250,EL CHARCO,NARIÑO,cabecera,residential,7788.366908458946
52250,EL CHARCO,NARIÑO,centro_poblado,footway,1366.2701358206582
52250,EL CHARCO,NARIÑO,rural,bridleway,18974.42091237123
52250,EL CHARCO,NARIÑO,rural,footway,3108.104710532035
52250,EL CHARCO,NARIÑO,rural,path,48628.25894853752
52250,EL CHARCO,NARIÑO,rural,pedestrian,778.5800245628459
52250,EL CHARCO,NARIÑO,rural,residential,978.4214711742666
52250,EL CHARCO,NARIÑO,rural,service,83.45322552215673
52250,EL CHARCO,NARIÑO,rural,track,38099.80923715871
52250,EL CHARCO,NARIÑO,rural,unclassified,19025.891855869362
52256,EL ROSARIO,NARIÑO,cabecera,residential,2048.2811382062155
52256,EL ROSARIO,NARIÑO,cabecera,unclassified,1039.750524921218
52256,EL ROSARIO,NARIÑO,centro_poblado,bridleway,23.787645435371967
52256,EL ROSARIO,NARIÑO,centro_poblado,residential,4204.033990457795
52256,EL ROSARIO,NARIÑO,centro_poblado,unclassified,2027.0777178267585
52256,EL ROSARIO,NARIÑO,rural,bridleway,1907.6652012566144
52256,EL ROSARIO,NARIÑO,rural,path,4779.208248464003
52256,EL ROSARIO,NARIÑO,rural,residential,5802.99998401815
52256,EL ROSARIO,NARIÑO,rural,service,102.8557288838258
52256,EL ROSARIO,NARIÑO,rural,tertiary,2487.5883516591784
52256,EL ROSARIO,NARIÑO,rural,track,21354.019339903407
52256,EL ROSARIO,NARIÑO,rural,unclassified,231354.1711153172
52258,EL TABLON,NARIÑO,cabecera,residential,2946.4092460914953
52258,EL TABLON,NARIÑO,cabecera,tertiary,744.9726342123329
52258,EL TABLON,NARIÑO,centro_poblado,residential,7366.271298708794
52258,EL TABLON,NARIÑO,centro_poblado,service,58.35368042423718
52258,EL TABLON,NARIÑO,centro_poblado,unclassified,467.84095502995456
52258,EL TABLON,NARIÑO,rural,path,5670.608332272009
52258,EL TABLON,NARIÑO,rural,residential,7714.72542594879
52258,EL TABLON,NARIÑO,rural,service,1536.7757382280822
52258,EL TABLON,NARIÑO,rural,tertiary,5503.998669157738
52258,EL TABLON,NARIÑO,rural,track,1522.9727182712227
52258,EL TABLON,NARIÑO,rural,unclassified,95651.71882467526
52260,EL TAMBO,NARIÑO,cabecera,footway,49.4754294629078
52260,EL TAMBO,NARIÑO,cabecera,pedestrian,88.96072025855473
52260,EL TAMBO,NARIÑO,cabecera,residential,11732.721722463839
52260,EL TAMBO,NARIÑO,cabecera,service,105.36250323031172
52260,EL TAMBO,NARIÑO,cabecera,tertiary,2286.11432310534
52260,EL TAMBO,NARIÑO,cabecera,unclassified,783.539443126898
52260,EL TAMBO,NARIÑO,rural,residential,12456.272589278144
52260,EL TAMBO,NARIÑO,rural,service,55.10214478585255
52260,EL TAMBO,NARIÑO,rural,tertiary,19698.628645126373
52260,EL TAMBO,NARIÑO,rural,track,2919.915058420678
52260,EL TAMBO,NARIÑO,rural,unclassified,210045.36137003312
52317,GUACHUCAL,NARIÑO,cabecera,primary,1944.2042562031638
52317,GUACHUCAL,NARIÑO,cabecera,residential,5921.305592745015
52317,GUACHUCAL,NARIÑO,cabecera,service,39.52762669090097
52317,GUACHUCAL,NARIÑO,cabecera,steps,25.44751676600646
52317,GUACHUCAL,NARIÑO,cabecera,tertiary,1267.9520010113806
52317,GUACHUCAL,NARIÑO,cabecera,unclassified,730.7815890607216
52317,GUACHUCAL,NARIÑO,centro_poblado,residential,3864.2614250271554
52317,GUACHUCAL,NARIÑO,centro_poblado,service,114.87982476800542
52317,GUACHUCAL,NARIÑO,centro_poblado,tertiary,1120.143299037872
52317,GUACHUCAL,NARIÑO,centro_poblado,track,9.563013852362971
52317,GUACHUCAL,NARIÑO,centro_poblado,unclassified,3579.233808005915
52317,GUACHUCAL,NARIÑO,rural,bridleway,261.0631503353856
52317,GUACHUCAL,NARIÑO,rural,path,4195.335826275164
52317,GUACHUCAL,NARIÑO,rural,primary,10000.359230340282
52317,GUACHUCAL,NARIÑO,rural,residential,4344.910780288886
52317,GUACHUCAL,NARIÑO,rural,service,4601.600101251214
52317,GUACHUCAL,NARIÑO,rural,tertiary,24852.97353035189
52317,GUACHUCAL,NARIÑO,rural,track,62990.36490099878
52317,GUACHUCAL,NARIÑO,rural,unclassified,155672.95367191773
52320,GUAITARILLA,NARIÑO,cabecera,residential,8864.184211806523
52320,GUAITARILLA,NARIÑO,cabecera,service,1079.209490026172
52320,GUAITARILLA,NARIÑO,cabecera,tertiary,1705.1583779650814
52320,GUAITARILLA,NARIÑO,cabecera,track,245.84351168701158
52320,GUAITARILLA,NARIÑO,cabecera,unclassified,1621.2279455676162
52320,GUAITARILLA,NARIÑO,centro_poblado,residential,439.223581702452
52320,GUAITARILLA,NARIÑO,centro_poblado,unclassified,62.044117459692615
52320,GUAITARILLA,NARIÑO,rural,residential,36475.47601461204
52320,GUAITARILLA,NARIÑO,rural,service,153.98154841974403
52320,GUAITARILLA,NARIÑO,rural,tertiary,8336.07000245006
52320,GUAITARILLA,NARIÑO,rural,track,2971.2395539935214
52320,GUAITARILLA,NARIÑO,rural,unclassified,138701.37246398185
52352,ILES,NARIÑO,cabecera,pedestrian,70.34071632234169
52352,ILES,NARIÑO,cabecera,residential,3221.8974183550213
52352,ILES,NARIÑO,cabecera,service,25.27639457275503
52352,ILES,NARIÑO,cabecera,tertiary,1085.6950011974632
52352,ILES,NARIÑO,cabecera,unclassified,1837.353431635503
52352,ILES,NARIÑO,centro_poblado,residential,2357.2897273808085
52352,ILES,NARIÑO,centro_poblado,secondary,491.3744996017329
52352,ILES,NARIÑO,centro_poblado,trunk,156.62257206330295
52352,ILES,NARIÑO,centro_poblado,unclassified,1433.3967403228203
52352,ILES,NARIÑO,rural,path,743.598607675178
52352,ILES,NARIÑO,rural,residential,8735.647334698631
52352,ILES,NARIÑO,rural,secondary,8921.088701378283
52352,ILES,NARIÑO,rural,service,6470.254328658107
52352,ILES,NARIÑO,rural,tertiary,18312.50033043229
52352,ILES,NARIÑO,rural,track,1962.3835854528736
52352,ILES,NARIÑO,rural,trunk,25421.41605929947
52352,ILES,NARIÑO,rural,unclassified,96987.4644388463
52378,LA CRUZ,NARIÑO,cabecera,pedestrian,17.74794416034949
52378,LA CRUZ,NARIÑO,cabecera,residential,12060.75114986566
52378,LA CRUZ,NARIÑO,cabecera,service,151.9697523172034
52378,LA CRUZ,NARIÑO,cabecera,tertiary,2518.63178565232
52378,LA CRUZ,NARIÑO,cabecera,unclassified,1346.8068388915583
52378,LA CRUZ,NARIÑO,centro_poblado,residential,5252.119185653625
52378,LA CRUZ,NARIÑO,centro_poblado,service,141.17924112742799
52378,LA CRUZ,NARIÑO,centro_poblado,tertiary,810.5819934697454
52378,LA CRUZ,NARIÑO,centro_poblado,unclassified,248.17409496706313
52378,LA CRUZ,NARIÑO,rural,residential,5934.780769046871
52378,LA CRUZ,NARIÑO,rural,service,1293.8254235111676
52378,LA CRUZ,NARIÑO,rural,tertiary,21171.580354629496
52378,LA CRUZ,NARIÑO,rural,track,2541.834943417285
52378,LA CRUZ,NARIÑO,rural,unclassified,113632.1305839453
52381,LA FLORIDA,NARIÑO,cabecera,residential,5777.292441316221
52381,LA FLORIDA,NARIÑO,cabecera,secondary,2901.5465605088352
52381,LA FLORIDA,NARIÑO,cabecera,service,42.07284136606989
52381,LA FLORIDA,NARIÑO,cabecera,unclassified,1531.6645580608215
52381,LA FLORIDA,NARIÑO,centro_poblado,residential,7446.817740424017
52381,LA FLORIDA,NARIÑO,centro_poblado,secondary,399.4117308077508
52381,LA FLORIDA,NARIÑO,centro_poblado,track,153.42195497473682
52381,LA FLORIDA,NARIÑO,centro_poblado,unclassified,1365.5365249164367
52381,LA FLORIDA,NARIÑO,rural,path,2297.0882861592168
52381,LA FLORIDA,NARIÑO,rural,residential,13653.018444206453
52381,LA FLORIDA,NARIÑO,rural,secondary,7705.223944056986
52381,LA FLORIDA,NARIÑO,rural,service,594.53045410575
52381,LA FLORIDA,NARIÑO,rural,tertiary,5175.645330149827
52381,LA FLORIDA,NARIÑO,rural,track,2443.6287138599077
52381,LA FLORIDA,NARIÑO,rural,unclassified,147184.7039832354
52390,LA TOLA,NARIÑO,cabecera,residential,5976.516121697466
52390,LA TOLA,NARIÑO,cabecera,service,121.93340686004447
52390,LA TOLA,NARIÑO,centro_poblado,footway,2551.532497195568
52390,LA TOLA,NARIÑO,centro_poblado,track,810.2907758610821
52390,LA TOLA,NARIÑO,rural,footway,3364.9009665881404
52390,LA TOLA,NARIÑO,rural,path,207.35558942769433
52390,LA TOLA,NARIÑO,rural,residential,654.6441743230553
52390,LA TOLA,NARIÑO,rural,track,7552.0311282156235
52399,LA UNION,NARIÑO,cabecera,footway,137.91451425918902
52399,LA UNION,NARIÑO,cabecera,residential,14781.750168613515
52399,LA UNION,NARIÑO,cabecera,secondary,3829.385168209761
52399,LA UNION,NARIÑO,cabecera,service,756.8417542082937
52399,LA UNION,NARIÑO,cabecera,steps,33.84216916992187
52399,LA UNION,NARIÑO,cabecera,unclassified,1499.2041891463741
52399,LA UNION,NARIÑO,centro_poblado,residential,628.5104536867536
52399,LA UNION,NARIÑO,centro_poblado,secondary,1283.703547501441
52399,LA UNION,NARIÑO,centro_poblado,service,16.81387754874337
52399,LA UNION,NARIÑO,centro_poblado,track,116.79929334494366
52399,LA UNION,NARIÑO,centro_poblado,unclassified,1932.5176490531046
52399,LA UNION,NARIÑO,rural,path,3603.8120224013483
52399,LA UNION,NARIÑO,rural,residential,4603.389635175824
52399,LA UNION,NARIÑO,rural,secondary,12823.340276341243
52399,LA UNION,NARIÑO,rural,service,4345.116630706697
52399,LA UNION,NARIÑO,rural,tertiary,862.2079740930411
52399,LA UNION,NARIÑO,rural,track,8841.49619998884
52399,LA UNION,NARIÑO,rural,unclassified,187727.89287911975
52405,LEIVA,NARIÑO,cabecera,residential,6296.221425307209
52405,LEIVA,NARIÑO,cabecera,unclassified,130.1671371522357
52405,LEIVA,NARIÑO,centro_poblado,path,149.0207236650275
52405,LEIVA,NARIÑO,centro_poblado,residential,2279.2025733553264
52405,LEIVA,NARIÑO,centro_poblado,unclassified,2513.1338269011744
52405,LEIVA,NARIÑO,rural,bridleway,1150.2538550901959
52405,LEIVA,NARIÑO,rural,path,3246.7760575227703
52405,LEIVA,NARIÑO,rural,residential,4410.23321590926
52405,LEIVA,NARIÑO,rural,service,676.6123326320647
52405,LEIVA,NARIÑO,rural,track,619.6117269115963
52405,LEIVA,NARIÑO,rural,unclassified,196825.1995074463
52411,LINARES,NARIÑO,cabecera,residential,3877.832379093606
52411,LINARES,NARIÑO,cabecera,service,137.00364725601213
52411,LINARES,NARIÑO,cabecera,tertiary,1292.4723393822808
52411,LINARES,NARIÑO,cabecera,unclassified,574.7558330177434
52411,LINARES,NARIÑO,centro_poblado,residential,4765.408211388858
52411,LINARES,NARIÑO,centro_poblado,tertiary,1152.0546557096957
52411,LINARES,NARIÑO,centro_poblado,unclassified,2147.033274680989
52411,LINARES,NARIÑO,rural,bridleway,624.3553143484014
52411,LINARES,NARIÑO,rural,path,1342.371494360536
52411,LINARES,NARIÑO,rural,residential,9012.86636527745
52411,LINARES,NARIÑO,rural,service,1052.4700801280244
52411,LINARES,NARIÑO,rural,tertiary,22809.21969678195
52411,LINARES,NARIÑO,rural,track,174.13461884055843
52411,LINARES,NARIÑO,rural,unclassified,109013.8615635679
52418,LOS ANDES (SOTOMAYOR),NARIÑO,cabecera,footway,472.0247670085471
52418,LOS ANDES (SOTOMAYOR),NARIÑO,cabecera,residential,8461.105244613052
52418,LOS ANDES (SOTOMAYOR),NARIÑO,cabecera,service,177.84010544311394
52418,LOS ANDES (SOTOMAYOR),NARIÑO,cabecera,tertiary,1999.8994867407678
52418,LOS ANDES (SOTOMAYOR),NARIÑO,cabecera,track,21.999504200804665
52418,LOS ANDES (SOTOMAYOR),NARIÑO,cabecera,unclassified,82.48052843333315
52418,LOS ANDES (SOTOMAYOR),NARIÑO,rural,bridleway,4322.585082454081
52418,LOS ANDES (SOTOMAYOR),NARIÑO,rural,path,2178.0671807562453
52418,LOS ANDES (SOTOMAYOR),NARIÑO,rural,residential,8259.450778622493
52418,LOS ANDES (SOTOMAYOR),NARIÑO,rural,service,988.2250996000244
52418,LOS ANDES (SOTOMAYOR),NARIÑO,rural,tertiary,15212.667242454538
52418,LOS ANDES (SOTOMAYOR),NARIÑO,rural,track,41742.242973452994
52418,LOS ANDES (SOTOMAYOR),NARIÑO,rural,unclassified,141712.2991639308
52473,MOSQUERA,NARIÑO,cabecera,footway,3069.0920317256428
52473,MOSQUERA,NARIÑO,centro_poblado,footway,2311.728717195919
52473,MOSQUERA,NARIÑO,centro_poblado,path,120.45446846789403
52473,MOSQUERA,NARIÑO,rural,footway,5352.019392920878
52473,MOSQUERA,NARIÑO,rural,path,1841.134563925484
52473,MOSQUERA,NARIÑO,rural,track,279.01296564024113
52506,OSPINA,NARIÑO,cabecera,residential,7026.343035508216
52506,OSPINA,NARIÑO,cabecera,service,35.042919279232265
52506,OSPINA,NARIÑO,cabecera,tertiary,128.7932121289937
52506,OSPINA,NARIÑO,cabecera,unclassified,872.7261958482335
52506,OSPINA,NARIÑO,centro_poblado,residential,672.0131230768536
52506,OSPINA,NARIÑO,centro_poblado,unclassified,927.4600879996115
52506,OSPINA,NARIÑO,rural,residential,3256.644485955405
52506,OSPINA,NARIÑO,rural,service,649.0364377320259
52506,OSPINA,NARIÑO,rural,tertiary,2594.811654128285
52506,OSPINA,NARIÑO,rural,track,889.7220036335061
52506,OSPINA,NARIÑO,rural,unclassified,80696.4928411628
52520,FRANCISCO PIZARRO (SALAHONDA),NARIÑO,cabecera,footway,5006.701924221475
52520,FRANCISCO PIZARRO (SALAHONDA),NARIÑO,cabecera,path,101.48834781918106
52520,FRANCISCO PIZARRO (SALAHONDA),NARIÑO,centro_poblado,footway,1004.3661626185251
52520,FRANCISCO PIZARRO (SALAHONDA),NARIÑO,rural,footway,3621.2921902987573
52520,FRANCISCO PIZARRO (SALAHONDA),NARIÑO,rural,path,8242.423909536108
52540,POLICARPA,NARIÑO,cabecera,residential,3744.4522962198107
52540,POLICARPA,NARIÑO,cabecera,tertiary,779.3888696253202
52540,POLICARPA,NARIÑO,cabecera,unclassified,509.71766097675874
52540,POLICARPA,NARIÑO,centro_poblado,residential,4028.744902516644
52540,POLICARPA,NARIÑO,centro_poblado,tertiary,1711.2503871143201
52540,POLICARPA,NARIÑO,centro_poblado,track,73.06942688424327
52540,POLICARPA,NARIÑO,centro_poblado,unclassified,1311.8649884292086
52540,POLICARPA,NARIÑO,rural,bridleway,2538.3389722607785
52540,POLICARPA,NARIÑO,rural,residential,7664.131247715986
52540,POLICARPA,NARIÑO,rural,service,276.7419532484428
52540,POLICARPA,NARIÑO,rural,tertiary,60389.67232536421
52540,POLICARPA,NARIÑO,rural,track,18361.801566899318
52540,POLICARPA,NARIÑO,rural,unclassified,168797.88309038832
52560,POTOSI,NARIÑO,cabecera,residential,3709.6613306926342
52560,POTOSI,NARIÑO,cabecera,service,72.44155214958808
52560,POTOSI,NARIÑO,cabecera,tertiary,1420.1270525183088
52560,POTOSI,NARIÑO,cabecera,track,174.73250130046836
52560,POTOSI,NARIÑO,cabecera,unclassified,1060.7900015525152
52560,POTOSI,NARIÑO,centro_poblado,residential,305.93421293645656
52560,POTOSI,NARIÑO,centro_poblado,tertiary,485.2983731686454
52560,POTOSI,NARIÑO,centro_poblado,track,309.8329672474375
52560,POTOSI,NARIÑO,centro_poblado,unclassified,146.2011180635365
52560,POTOSI,NARIÑO,rural,footway,185.70182819971168
52560,POTOSI,NARIÑO,rural,path,85.50646892640732
52560,POTOSI,NARIÑO,rural,residential,11455.422012881903
52560,POTOSI,NARIÑO,rural,service,482.4926982732622
52560,POTOSI,NARIÑO,rural,tertiary,5740.991113830945
52560,POTOSI,NARIÑO,rural,track,6274.200644622819
52560,POTOSI,NARIÑO,rural,unclassified,115506.88844743928
52585,PUPIALES,NARIÑO,cabecera,residential,12115.341529513016
52585,PUPIALES,NARIÑO,cabecera,secondary,1454.1398404095999
52585,PUPIALES,NARIÑO,cabecera,service,233.8927261465485
52585,PUPIALES,NARIÑO,cabecera,tertiary,1647.782789016283
52585,PUPIALES,NARIÑO,cabecera,unclassified,2366.210818321516
52585,PUPIALES,NARIÑO,centro_poblado,residential,6660.308639475042
52585,PUPIALES,NARIÑO,centro_poblado,tertiary,948.6410786343528
52585,PUPIALES,NARIÑO,centro_poblado,unclassified,1526.4008624572102
52585,PUPIALES,NARIÑO,rural,path,513.1424002558797
52585,PUPIALES,NARIÑO,rural,residential,10229.190828210529
52585,PUPIALES,NARIÑO,rural,secondary,7591.679750149696
52585,PUPIALES,NARIÑO,rural,service,5199.530245747483
52585,PUPIALES,NARIÑO,rural,tertiary,23215.31621114866
52585,PUPIALES,NARIÑO,rural,track,15483.27238369763
52585,PUPIALES,NARIÑO,rural,unclassified,151726.2175548713
52621,ROBERTO PAYAN (SAN JOSE),NARIÑO,cabecera,residential,3998.3210321993943
52621,ROBERTO PAYAN (SAN JOSE),NARIÑO,cabecera,track,37.778150916567675
52621,ROBERTO PAYAN (SAN JOSE),NARIÑO,centro_poblado,footway,493.6556439763675
52621,ROBERTO PAYAN (SAN JOSE),NARIÑO,centro_poblado,path,693.5653589898769
52621,ROBERTO PAYAN (SAN JOSE),NARIÑO,rural,bridleway,3568.9060347882755
52621,ROBERTO PAYAN (SAN JOSE),NARIÑO,rural,footway,2476.589095254291
52621,ROBERTO PAYAN (SAN JOSE),NARIÑO,rural,path,2632.3346474624327
52621,ROBERTO PAYAN (SAN JOSE),NARIÑO,rural,residential,152.30239616982996
52621,ROBERTO PAYAN (SAN JOSE),NARIÑO,rural,track,2994.048488983227
52678,SAMANIEGO,NARIÑO,cabecera,footway,181.9747387422345
52678,SAMANIEGO,NARIÑO,cabecera,path,233.30740074753547
52678,SAMANIEGO,NARIÑO,cabecera,pedestrian,69.28679495014578
52678,SAMANIEGO,NARIÑO,cabecera,residential,14366.870008556149
52678,SAMANIEGO,NARIÑO,cabecera,secondary,2836.256422638416
52678,SAMANIEGO,NARIÑO,cabecera,service,100.0777971023519
52678,SAMANIEGO,NARIÑO,cabecera,tertiary,2644.7096604997323
52678,SAMANIEGO,NARIÑO,cabecera,unclassified,6437.15543516905
52678,SAMANIEGO,NARIÑO,centro_poblado,residential,1886.3276882594464
52678,SAMANIEGO,NARIÑO,centro_poblado,secondary,1713.5574973237144
52678,SAMANIEGO,NARIÑO,centro_poblado,tertiary,608.139043833829
52678,SAMANIEGO,NARIÑO,centro_poblado,track,78.16462046735296
52678,SAMANIEGO,NARIÑO,centro_poblado,unclassified,2364.0663174190377
52678,SAMANIEGO,NARIÑO,rural,path,4.315299391369199
52678,SAMANIEGO,NARIÑO,rural,residential,8526.993426270657
52678,SAMANIEGO,NARIÑO,rural,secondary,1565.8850164293835
52678,SAMANIEGO,NARIÑO,rural,tertiary,21191.864165879815
52678,SAMANIEGO,NARIÑO,rural,track,2756.8305217086
52678,SAMANIEGO,NARIÑO,rural,unclassified,312859.3512188526
52683,SANDONA,NARIÑO,cabecera,residential,20028.710271710337
52683,SANDONA,NARIÑO,cabecera,secondary,2402.61212777115
52683,SANDONA,NARIÑO,cabecera,service,99.17428722865775
52683,SANDONA,NARIÑO,cabecera,steps,102.73226097955715
52683,SANDONA,NARIÑO,cabecera,tertiary,1071.60556633806
52683,SANDONA,NARIÑO,cabecera,track,834.6294015253454
52683,SANDONA,NARIÑO,cabecera,unclassified,2096.094824960653
52683,SANDONA,NARIÑO,centro_poblado,path,130.96494356177843
52683,SANDONA,NARIÑO,centro_poblado,residential,12854.932453841822
52683,SANDONA,NARIÑO,centro_poblado,secondary,1958.5891408796595
52683,SANDONA,NARIÑO,centro_poblado,service,112.75805068884073
52683,SANDONA,NARIÑO,centro_poblado,tertiary,738.0349375322447
52683,SANDONA,NARIÑO,centro_poblado,track,82.68959263949688
52683,SANDONA,NARIÑO,centro_poblado,unclassified,3331.8717451972416
52683,SANDONA,NARIÑO,rural,bridleway,80.63997262649194
52683,SANDONA,NARIÑO,rural,path,4044.5814104108067
52683,SANDONA,NARIÑO,rural,residential,18851.256174805596
52683,SANDONA,NARIÑO,rural,secondary,16315.301388659971
52683,SANDONA,NARIÑO,rural,service,956.1853104295033
52683,SANDONA,NARIÑO,rural,tertiary,10356.947992191976
52683,SANDONA,NARIÑO,rural,track,3248.895373618676
52683,SANDONA,NARIÑO,rural,unclassified,122290.21931149648
52685,SAN BERNARDO,NARIÑO,cabecera,residential,3864.3297077115376
52685,SAN BERNARDO,NARIÑO,cabecera,service,93.69257239210918
52685,SAN BERNARDO,NARIÑO,cabecera,tertiary,1689.4657403990789
52685,SAN BERNARDO,NARIÑO,cabecera,track,83.1766484668489
52685,SAN BERNARDO,NARIÑO,cabecera,unclassified,77.11644225025472
52685,SAN BERNARDO,NARIÑO,centro_poblado,tertiary,1015.9719527922612
52685,SAN BERNARDO,NARIÑO,centro_poblado,unclassified,13.006289593466999
52685,SAN BERNARDO,NARIÑO,rural,residential,1743.7861789870349
52685,SAN BERNARDO,NARIÑO,rural,service,584.2282288683598
52685,SAN BERNARDO,NARIÑO,rural,tertiary,13496.103912327255
52685,SAN BERNARDO,NARIÑO,rural,track,4959.820542811551
52685,SAN BERNARDO,NARIÑO,rural,unclassified,56737.88674349332
52687,SAN LORENZO,NARIÑO,cabecera,residential,4642.1730952077305
52687,SAN LORENZO,NARIÑO,cabecera,tertiary,572.6283155994341
52687,SAN LORENZO,NARIÑO,cabecera,unclassified,122.19930621730144
52687,SAN LORENZO,NARIÑO,centro_poblado,residential,4743.610704676109
52687,SAN LORENZO,NARIÑO,centro_poblado,service,28.17054779964719
52687,SAN LORENZO,NARIÑO,centro_poblado,unclassified,537.7314410452523
52687,SAN LORENZO,NARIÑO,rural,path,399.6761041092552
52687,SAN LORENZO,NARIÑO,rural,residential,10971.868302391038
52687,SAN LORENZO,NARIÑO,rural,service,1058.0800954939327
52687,SAN LORENZO,NARIÑO,rural,tertiary,32603.76280581992
52687,SAN LORENZO,NARIÑO,rural,track,8523.66752091604
52687,SAN LORENZO,NARIÑO,rural,unclassified,239727.78379332784
52693,SAN PABLO,NARIÑO,cabecera,footway,80.20715191185796
52693,SAN PABLO,NARIÑO,cabecera,path,151.06588225409035
52693,SAN PABLO,NARIÑO,cabecera,residential,5777.057786682675
52693,SAN PABLO,NARIÑO,cabecera,service,204.7779007624431
52693,SAN PABLO,NARIÑO,cabecera,tertiary,2005.6191909342308
52693,SAN PABLO,NARIÑO,cabecera,unclassified,956.3306713571955
52693,SAN PABLO,NARIÑO,centro_poblado,residential,1861.8934008382112
52693,SAN PABLO,NARIÑO,centro_poblado,tertiary,403.2627390674144
52693,SAN PABLO,NARIÑO,centro_poblado,unclassified,1498.9786244905883
52693,SAN PABLO,NARIÑO,rural,path,4.441903356395983
52693,SAN PABLO,NARIÑO,rural,residential,2535.2578494334584
52693,SAN PABLO,NARIÑO,rural,service,1316.959637833481
52693,SAN PABLO,NARIÑO,rural,tertiary,17483.35283149657
52693,SAN PABLO,NARIÑO,rural,unclassified,126408.79582056431
52694,SAN PEDRO DE CARTAGO,NARIÑO,cabecera,footway,9.888834027235667
52694,SAN PEDRO DE CARTAGO,NARIÑO,cabecera,residential,2311.343468357254
52694,SAN PEDRO DE CARTAGO,NARIÑO,cabecera,secondary,1042.6578522741206
52694,SAN PEDRO DE CARTAGO,NARIÑO,cabecera,service,54.81080951961311
52694,SAN PEDRO DE CARTAGO,NARIÑO,cabecera,steps,12.307253163321697
52694,SAN PEDRO DE CARTAGO,NARIÑO,cabecera,unclassified,75.61578353908536
52694,SAN PEDRO DE CARTAGO,NARIÑO,centro_poblado,unclassified,301.78978507915065
52694,SAN PEDRO DE CARTAGO,NARIÑO,rural,footway,154.28953665957323
52694,SAN PEDRO DE CARTAGO,NARIÑO,rural,residential,1834.9282017936762
52694,SAN PEDRO DE CARTAGO,NARIÑO,rural,secondary,14655.492462786231
52694,SAN PEDRO DE CARTAGO,NARIÑO,rural,service,1075.2610755271971
52694,SAN PEDRO DE CARTAGO,NARIÑO,rural,tertiary,4629.146732119762
52694,SAN PEDRO DE CARTAGO,NARIÑO,rural,unclassified,54696.803590442716
52696,SANTA BARBARA (ISCUANDE),NARIÑO,cabecera,path,164.72537547998272
52696,SANTA BARBARA (ISCUANDE),NARIÑO,cabecera,residential,4189.91842145059
52696,SANTA BARBARA (ISCUANDE),NARIÑO,centro_poblado,path,436.35558231338865
52696,SANTA BARBARA (ISCUANDE),NARIÑO,centro_poblado,track,440.5338781156694
52696,SANTA BARBARA (ISCUANDE),NARIÑO,rural,path,7911.165350789736
52696,SANTA BARBARA (ISCUANDE),NARIÑO,rural,residential,398.09428557864277
52696,SANTA BARBARA (ISCUANDE),NARIÑO,rural,track,6140.288080165963
52699,SANTACRUZ (GUACHAVES),NARIÑO,cabecera,residential,3345.6129319826564
52699,SANTACRUZ (GUACHAVES),NARIÑO,cabecera,service,123.48599514588747
52699,SANTACRUZ (GUACHAVES),NARIÑO,cabecera,track,265.1421509756827
52699,SANTACRUZ (GUACHAVES),NARIÑO,cabecera,unclassified,574.2410410718162
52699,SANTACRUZ (GUACHAVES),NARIÑO,centro_poblado,residential,540.220656642338
52699,SANTACRUZ (GUACHAVES),NARIÑO,centro_poblado,secondary,1030.3430899907162
52699,SANTACRUZ (GUACHAVES),NARIÑO,centro_poblado,unclassified,46.354766311258956
52699,SANTACRUZ (GUACHAVES),NARIÑO,rural,bridleway,642.879077005178
52699,SANTACRUZ (GUACHAVES),NARIÑO,rural,path,925.358685578351
52699,SANTACRUZ (GUACHAVES),NARIÑO,rural,residential,2835.9763158138626
52699,SANTACRUZ (GUACHAVES),NARIÑO,rural,secondary,18877.369644770617
52699,SANTACRUZ (GUACHAVES),NARIÑO,rural,track,176.2648411229825
52699,SANTACRUZ (GUACHAVES),NARIÑO,rural,unclassified,191928.63638058052
52786,TAMINANGO,NARIÑO,cabecera,footway,111.67261992721455
52786,TAMINANGO,NARIÑO,cabecera,residential,5578.488537927296
52786,TAMINANGO,NARIÑO,cabecera,steps,56.672553683736815
52786,TAMINANGO,NARIÑO,cabecera,tertiary,1124.4001181653587
52786,TAMINANGO,NARIÑO,cabecera,unclassified,0.9332604708450175
52786,TAMINANGO,NARIÑO,centro_poblado,path,33.13302543984533
52786,TAMINANGO,NARIÑO,centro_poblado,residential,14715.787913708951
52786,TAMINANGO,NARIÑO,centro_poblado,service,427.3658604230602
52786,TAMINANGO,NARIÑO,centro_poblado,tertiary,3016.0972372715305
52786,TAMINANGO,NARIÑO,centro_poblado,track,21.909360062238772
52786,TAMINANGO,NARIÑO,centro_poblado,trunk,4024.454618088958
52786,TAMINANGO,NARIÑO,centro_poblado,unclassified,979.4117779056173
52786,TAMINANGO,NARIÑO,rural,bridleway,783.5326068153893
52786,TAMINANGO,NARIÑO,rural,path,2115.245470795656
52786,TAMINANGO,NARIÑO,rural,residential,15856.66943427843
52786,TAMINANGO,NARIÑO,rural,service,2152.5488469760066
52786,TAMINANGO,NARIÑO,rural,tertiary,29656.534397049818
52786,TAMINANGO,NARIÑO,rural,track,11296.042378088167
52786,TAMINANGO,NARIÑO,rural,trunk,35039.753627785096
52786,TAMINANGO,NARIÑO,rural,unclassified,107949.8758287555
52788,TANGUA,NARIÑO,cabecera,residential,7434.995271536247
52788,TANGUA,NARIÑO,cabecera,service,193.4192973343042
52788,TANGUA,NARIÑO,cabecera,trunk,1875.8617592878898
52788,TANGUA,NARIÑO,cabecera,unclassified,905.5884688847768
52788,TANGUA,NARIÑO,centro_poblado,residential,1324.6483049211322
52788,TANGUA,NARIÑO,centro_poblado,unclassified,200.38200999217827
52788,TANGUA,NARIÑO,rural,residential,25407.089700930603
52788,TANGUA,NARIÑO,rural,secondary,2218.522423443163
52788,TANGUA,NARIÑO,rural,service,17445.75381958303
52788,TANGUA,NARIÑO,rural,tertiary,7269.724509284571
52788,TANGUA,NARIÑO,rural,track,18603.268356430184
52788,TANGUA,NARIÑO,rural,trunk,41167.02690448964
52788,TANGUA,NARIÑO,rural,unclassified,150218.23696199185
52838,TUQUERRES,NARIÑO,cabecera,footway,897.0371092835151
52838,TUQUERRES,NARIÑO,cabecera,primary,4643.0348330912475
52838,TUQUERRES,NARIÑO,cabecera,residential,32955.36426908485
52838,TUQUERRES,NARIÑO,cabecera,secondary,1608.483569878035
52838,TUQUERRES,NARIÑO,cabecera,service,1055.3266289048286
52838,TUQUERRES,NARIÑO,cabecera,tertiary,4369.609791897092
52838,TUQUERRES,NARIÑO,cabecera,track,353.5904114010709
52838,TUQUERRES,NARIÑO,centro_poblado,path,196.55824201480385
52838,TUQUERRES,NARIÑO,centro_poblado,primary,1015.1867317205873
52838,TUQUERRES,NARIÑO,centro_poblado,residential,10963.829908626885
52838,TUQUERRES,NARIÑO,centro_poblado,service,161.43966769547328
52838,TUQUERRES,NARIÑO,centro_poblado,tertiary,1169.5800832522118
52838,TUQUERRES,NARIÑO,centro_poblado,unclassified,1346.5843129787017
52838,TUQUERRES,NARIÑO,rural,bridleway,190.18809047816
52838,TUQUERRES,NARIÑO,rural,footway,1442.5302622920508
52838,TUQUERRES,NARIÑO,rural,path,3830.161564894302
52838,TUQUERRES,NARIÑO,rural,primary,14577.62495017789
52838,TUQUERRES,NARIÑO,rural,residential,55083.54587816678
52838,TUQUERRES,NARIÑO,rural,secondary,16456.082226107133
52838,TUQUERRES,NARIÑO,rural,service,3940.5183308409623
52838,TUQUERRES,NARIÑO,rural,tertiary,23543.38488826126
52838,TUQUERRES,NARIÑO,rural,track,5950.166219180416
52838,TUQUERRES,NARIÑO,rural,unclassified,242571.99612147824
52885,YACUANQUER,NARIÑO,cabecera,residential,7206.966057768915
52885,YACUANQUER,NARIÑO,cabecera,secondary,1015.3651954811173
52885,YACUANQUER,NARIÑO,cabecera,service,201.44540217302526
52885,YACUANQUER,NARIÑO,cabecera,track,264.65904830910443
52885,YACUANQUER,NARIÑO,cabecera,unclassified,162.72252819534296
52885,YACUANQUER,NARIÑO,centro_poblado,residential,548.8826871752387
52885,YACUANQUER,NARIÑO,centro_poblado,unclassified,1284.6867283542394
52885,YACUANQUER,NARIÑO,rural,residential,10773.1631499383
52885,YACUANQUER,NARIÑO,rural,secondary,15976.768294970014
52885,YACUANQUER,NARIÑO,rural,service,4235.545296261686
52885,YACUANQUER,NARIÑO,rural,tertiary,1080.7902965439287
52885,YACUANQUER,NARIÑO,rural,track,9328.82474889668
52885,YACUANQUER,NARIÑO,rural,trunk,7937.1734790655955
52885,YACUANQUER,NARIÑO,rural,unclassified,70702.6486435089
54003,ABREGO,NORTE DE SAN,cabecera,primary,4887.806151877932
54003,ABREGO,NORTE DE SAN,cabecera,residential,33038.221383489516
54003,ABREGO,NORTE DE SAN,cabecera,service,359.5140780086359
54003,ABREGO,NORTE DE SAN,cabecera,track,220.23846200533615
54003,ABREGO,NORTE DE SAN,cabecera,unclassified,1699.5349787030373
54003,ABREGO,NORTE DE SAN,centro_poblado,residential,433.19157355623764
54003,ABREGO,NORTE DE SAN,centro_poblado,unclassified,42.53657547214013
54003,ABREGO,NORTE DE SAN,rural,bridleway,19473.54380192553
54003,ABREGO,NORTE DE SAN,rural,footway,1197.2647946805675
54003,ABREGO,NORTE DE SAN,rural,path,75713.16677512636
54003,ABREGO,NORTE DE SAN,rural,primary,51405.44214936881
54003,ABREGO,NORTE DE SAN,rural,residential,7476.97727901136
54003,ABREGO,NORTE DE SAN,rural,service,54333.33731585277
54003,ABREGO,NORTE DE SAN,rural,tertiary,12500.582619989354
54003,ABREGO,NORTE DE SAN,rural,track,526245.9444885165
54003,ABREGO,NORTE DE SAN,rural,unclassified,660230.8573884234
54051,ARBOLEDAS,NORTE DE SAN,cabecera,residential,5052.27591369804
54051,ARBOLEDAS,NORTE DE SAN,cabecera,secondary,1149.5403180284056
54051,ARBOLEDAS,NORTE DE SAN,cabecera,tertiary,17.60214908869316
54051,ARBOLEDAS,NORTE DE SAN,cabecera,track,57.05907139885716
54051,ARBOLEDAS,NORTE DE SAN,cabecera,unclassified,255.75526176677522
54051,ARBOLEDAS,NORTE DE SAN,centro_poblado,residential,1037.9006108925437
54051,ARBOLEDAS,NORTE DE SAN,centro_poblado,tertiary,672.4995143722954
54051,ARBOLEDAS,NORTE DE SAN,centro_poblado,unclassified,226.87300569623164
54051,ARBOLEDAS,NORTE DE SAN,rural,bridleway,2477.0182405640903
54051,ARBOLEDAS,NORTE DE SAN,rural,path,22908.13904912614
54051,ARBOLEDAS,NORTE DE SAN,rural,residential,9047.1022700993
54051,ARBOLEDAS,NORTE DE SAN,rural,secondary,15082.433788838096
54051,ARBOLEDAS,NORTE DE SAN,rural,service,957.2237858006002
54051,ARBOLEDAS,NORTE DE SAN,rural,tertiary,36988.862701497215
54051,ARBOLEDAS,NORTE DE SAN,rural,track,6758.633466262783
54051,ARBOLEDAS,NORTE DE SAN,rural,unclassified,78996.79229862004
54128,CACHIRA,NORTE DE SAN,cabecera,pedestrian,85.12894042129855
54128,CACHIRA,NORTE DE SAN,cabecera,residential,3193.1328584428948
54128,CACHIRA,NORTE DE SAN,cabecera,tertiary,1116.543722657399
54128,CACHIRA,NORTE DE SAN,cabecera,unclassified,639.3201319840573
54128,CACHIRA,NORTE DE SAN,centro_poblado,residential,2769.4677046076654
54128,CACHIRA,NORTE DE SAN,centro_poblado,tertiary,1428.9534198479
54128,CACHIRA,NORTE DE SAN,centro_poblado,unclassified,14.4350625765327
54128,CACHIRA,NORTE DE SAN,rural,bridleway,27596.049343439485
54128,CACHIRA,NORTE DE SAN,rural,path,41818.43113508107
54128,CACHIRA,NORTE DE SAN,rural,residential,2595.706393338754
54128,CACHIRA,NORTE DE SAN,rural,service,3723.665435789066
54128,CACHIRA,NORTE DE SAN,rural,tertiary,62869.9407597599
54128,CACHIRA,NORTE DE SAN,rural,track,16315.425373374735
54128,CACHIRA,NORTE DE SAN,rural,trunk,9244.114359997744
54128,CACHIRA,NORTE DE SAN,rural,unclassified,135301.16810946452
54172,CHINACOTA,NORTE DE SAN,cabecera,bridleway,541.9825554289965
54172,CHINACOTA,NORTE DE SAN,cabecera,footway,1206.84829112116
54172,CHINACOTA,NORTE DE SAN,cabecera,path,653.1885700367936
54172,CHINACOTA,NORTE DE SAN,cabecera,residential,42035.47102901577
54172,CHINACOTA,NORTE DE SAN,cabecera,secondary,6869.102726604599
54172,CHINACOTA,NORTE DE SAN,cabecera,service,282.73890066554486
54172,CHINACOTA,NORTE DE SAN,cabecera,steps,73.38388388833201
54172,CHINACOTA,NORTE DE SAN,cabecera,tertiary,3118.4380146760245
54172,CHINACOTA,NORTE DE SAN,cabecera,track,276.9094438707444
54172,CHINACOTA,NORTE DE SAN,cabecera,unclassified,2549.177326293468
54172,CHINACOTA,NORTE DE SAN,centro_poblado,footway,372.40068286044334
54172,CHINACOTA,NORTE DE SAN,centro_poblado,residential,7074.3997853867695
54172,CHINACOTA,NORTE DE SAN,centro_poblado,secondary,3357.729220825581
54172,CHINACOTA,NORTE DE SAN,centro_poblado,service,619.3429413163776
54172,CHINACOTA,NORTE DE SAN,centro_poblado,tertiary,135.14903490507325
54172,CHINACOTA,NORTE DE SAN,centro_poblado,track,98.85909112216439
54172,CHINACOTA,NORTE DE SAN,centro_poblado,trunk,1356.1598335404378
54172,CHINACOTA,NORTE DE SAN,centro_poblado,unclassified,1028.848422486738
54172,CHINACOTA,NORTE DE SAN,rural,footway,6.048178118080179
54172,CHINACOTA,NORTE DE SAN,rural,path,1062.8300118216791
54172,CHINACOTA,NORTE DE SAN,rural,residential,24135.857907080983
54172,CHINACOTA,NORTE DE SAN,rural,secondary,27367.365243546785
54172,CHINACOTA,NORTE DE SAN,rural,service,12128.849693583707
54172,CHINACOTA,NORTE DE SAN,rural,tertiary,19763.578211828175
54172,CHINACOTA,NORTE DE SAN,rural,track,7615.9837775697015
54172,CHINACOTA,NORTE DE SAN,rural,trunk,21073.27488558747
54172,CHINACOTA,NORTE DE SAN,rural,unclassified,93643.96320400541
54174,CHITAGA,NORTE DE SAN,cabecera,residential,9089.097174945926
54174,CHITAGA,NORTE DE SAN,cabecera,tertiary,591.4676537759
54174,CHITAGA,NORTE DE SAN,cabecera,trunk,1443.3438567911578
54174,CHITAGA,NORTE DE SAN,cabecera,unclassified,565.8654519240451
54174,CHITAGA,NORTE DE SAN,centro_poblado,residential,1079.0176544292942
54174,CHITAGA,NORTE DE SAN,centro_poblado,track,293.3099899823999
54174,CHITAGA,NORTE DE SAN,centro_poblado,trunk,394.5667323064664
54174,CHITAGA,NORTE DE SAN,centro_poblado,unclassified,193.44446564556793
54174,CHITAGA,NORTE DE SAN,rural,bridleway,31570.96608953547
54174,CHITAGA,NORTE DE SAN,rural,path,33395.86188079934
54174,CHITAGA,NORTE DE SAN,rural,residential,16704.870544367775
54174,CHITAGA,NORTE DE SAN,rural,service,1665.9654845705745
54174,CHITAGA,NORTE DE SAN,rural,tertiary,11922.729044227319
54174,CHITAGA,NORTE DE SAN,rural,track,53567.201285290124
54174,CHITAGA,NORTE DE SAN,rural,trunk,32127.966819185778
54174,CHITAGA,NORTE DE SAN,rural,unclassified,264571.24917607126
54206,CONVENCION,NORTE DE SAN,cabecera,path,145.78574689360596
54206,CONVENCION,NORTE DE SAN,cabecera,residential,20864.269909923914
54206,CONVENCION,NORTE DE SAN,cabecera,secondary,697.212233595117
54206,CONVENCION,NORTE DE SAN,cabecera,tertiary,3004.647720929395
54206,CONVENCION,NORTE DE SAN,cabecera,track,536.7409675724267
54206,CONVENCION,NORTE DE SAN,cabecera,unclassified,330.21712939163905
54206,CONVENCION,NORTE DE SAN,centro_poblado,path,232.83636128109362
54206,CONVENCION,NORTE DE SAN,centro_poblado,residential,5061.434771682524
54206,CONVENCION,NORTE DE SAN,centro_poblado,secondary,392.73832731152424
54206,CONVENCION,NORTE DE SAN,centro_poblado,service,1.768225168188895
54206,CONVENCION,NORTE DE SAN,centro_poblado,tertiary,1726.8869341046461
54206,CONVENCION,NORTE DE SAN,centro_poblado,track,101.82473752764857
54206,CONVENCION,NORTE DE SAN,centro_poblado,unclassified,996.6002618523435
54206,CONVENCION,NORTE DE SAN,rural,bridleway,21818.4228634605
54206,CONVENCION,NORTE DE SAN,rural,path,215142.8558946609
54206,CONVENCION,NORTE DE SAN,rural,residential,9665.059326148936
54206,CONVENCION,NORTE DE SAN,rural,secondary,14268.984449830039
54206,CONVENCION,NORTE DE SAN,rural,service,10382.950917414671
54206,CONVENCION,NORTE DE SAN,rural,tertiary,22704.276997786943
54206,CONVENCION,NORTE DE SAN,rural,track,115686.23825830212
54206,CONVENCION,NORTE DE SAN,rural,unclassified,333293.77096575196
54245,EL CARMEN,NORTE DE SAN,cabecera,footway,1306.2769008406942
54245,EL CARMEN,NORTE DE SAN,cabecera,pedestrian,55.96412503565329
54245,EL CARMEN,NORTE DE SAN,cabecera,residential,5223.342263886965
54245,EL CARMEN,NORTE DE SAN,cabecera,service,470.1701535367533
54245,EL CARMEN,NORTE DE SAN,cabecera,tertiary,835.9076224695115
54245,EL CARMEN,NORTE DE SAN,cabecera,unclassified,495.24493713906645
54245,EL CARMEN,NORTE DE SAN,centro_poblado,residential,6937.093275125805
54245,EL CARMEN,NORTE DE SAN,centro_poblado,tertiary,1570.4417086988185
54245,EL CARMEN,NORTE DE SAN,centro_poblado,unclassified,135.39911316655272
54245,EL CARMEN,NORTE DE SAN,rural,bridleway,6241.87139536747
54245,EL CARMEN,NORTE DE SAN,rural,footway,80.32609490081715
54245,EL CARMEN,NORTE DE SAN,rural,path,54968.25940184528
54245,EL CARMEN,NORTE DE SAN,rural,residential,1190.6434553974334
54245,EL CARMEN,NORTE DE SAN,rural,service,2311.573268485615
54245,EL CARMEN,NORTE DE SAN,rural,tertiary,55501.84410967848
54245,EL CARMEN,NORTE DE SAN,rural,track,33086.69332066527
54245,EL CARMEN,NORTE DE SAN,rural,unclassified,272314.5991433833
54250,EL TARRA,NORTE DE SAN,cabecera,path,123.69600059423574
54250,EL TARRA,NORTE DE SAN,cabecera,residential,21975.991600521793
54250,EL TARRA,NORTE DE SAN,cabecera,tertiary,1476.9242537987927
54250,EL TARRA,NORTE DE SAN,cabecera,track,66.74307288653672
54250,EL TARRA,NORTE DE SAN,cabecera,unclassified,468.4830515079735
54250,EL TARRA,NORTE DE SAN,centro_poblado,footway,52.17640037508998
54250,EL TARRA,NORTE DE SAN,centro_poblado,residential,4372.256933912635
54250,EL TARRA,NORTE DE SAN,centro_poblado,tertiary,1620.8321944625875
54250,EL TARRA,NORTE DE SAN,rural,bridleway,11335.602636954702
54250,EL TARRA,NORTE DE SAN,rural,footway,90.10310021202521
54250,EL TARRA,NORTE DE SAN,rural,path,42686.261201336034
54250,EL TARRA,NORTE DE SAN,rural,pedestrian,203.18751178211193
54250,EL TARRA,NORTE DE SAN,rural,residential,53247.595263558884
54250,EL TARRA,NORTE DE SAN,rural,service,2386.236642749708
54250,EL TARRA,NORTE DE SAN,rural,tertiary,52847.11713924772
54250,EL TARRA,NORTE DE SAN,rural,track,83028.42939480666
54250,EL TARRA,NORTE DE SAN,rural,unclassified,324737.4631751594
54261,EL ZULIA,NORTE DE SAN,cabecera,path,68.30154281808362
54261,EL ZULIA,NORTE DE SAN,cabecera,primary,2432.2244447003573
54261,EL ZULIA,NORTE DE SAN,cabecera,residential,32172.595693197632
54261,EL ZULIA,NORTE DE SAN,cabecera,secondary,459.98381480941316
54261,EL ZULIA,NORTE DE SAN,cabecera,track,19.6385477868055
54261,EL ZULIA,NORTE DE SAN,cabecera,unclassified,1712.4801477569094
54261,EL ZULIA,NORTE DE SAN,centro_poblado,primary,579.80585912927
54261,EL ZULIA,NORTE DE SAN,centro_poblado,residential,4526.228690646518
54261,EL ZULIA,NORTE DE SAN,centro_poblado,service,0.3126790045763052
54261,EL ZULIA,NORTE DE SAN,centro_poblado,tertiary,1352.8914007956932
54261,EL ZULIA,NORTE DE SAN,centro_poblado,unclassified,347.24401012374875
54261,EL ZULIA,NORTE DE SAN,rural,bridleway,7350.56821827218
54261,EL ZULIA,NORTE DE SAN,rural,footway,9871.650564928588
54261,EL ZULIA,NORTE DE SAN,rural,path,29780.550211771013
54261,EL ZULIA,NORTE DE SAN,rural,primary,34332.70589733249
54261,EL ZULIA,NORTE DE SAN,rural,residential,20669.609050154326
54261,EL ZULIA,NORTE DE SAN,rural,secondary,2819.403765867577
54261,EL ZULIA,NORTE DE SAN,rural,service,20200.034085280815
54261,EL ZULIA,NORTE DE SAN,rural,tertiary,12928.731609833125
54261,EL ZULIA,NORTE DE SAN,rural,track,251271.4711961429
54261,EL ZULIA,NORTE DE SAN,rural,unclassified,284266.18584120204
54344,HACARI,NORTE DE SAN,cabecera,residential,2298.0960630980453
54344,HACARI,NORTE DE SAN,cabecera,tertiary,634.0664833522442
54344,HACARI,NORTE DE SAN,cabecera,unclassified,30.58430981767581
54344,HACARI,NORTE DE SAN,centro_poblado,residential,1073.5898093129176
54344,HACARI,NORTE DE SAN,centro_poblado,track,353.2351089878218
54344,HACARI,NORTE DE SAN,centro_poblado,unclassified,196.2639503931058
54344,HACARI,NORTE DE SAN,rural,bridleway,5299.57908824264
54344,HACARI,NORTE DE SAN,rural,footway,48.7476470859469
54344,HACARI,NORTE DE SAN,rural,path,16359.85961029684
54344,HACARI,NORTE DE SAN,rural,residential,2472.2937282791327
54344,HACARI,NORTE DE SAN,rural,service,7019.344785480797
54344,HACARI,NORTE DE SAN,rural,tertiary,20494.94056855837
54344,HACARI,NORTE DE SAN,rural,track,164940.03705435622
54344,HACARI,NORTE DE SAN,rural,unclassified,105879.6614277351
54385,LA ESPERANZA,NORTE DE SAN,cabecera,residential,3849.7923117113764
54385,LA ESPERANZA,NORTE DE SAN,cabecera,service,27.794789718041088
54385,LA ESPERANZA,NORTE DE SAN,cabecera,trunk,950.1227264261001
54385,LA ESPERANZA,NORTE DE SAN,cabecera,unclassified,236.54371648300486
54385,LA ESPERANZA,NORTE DE SAN,centro_poblado,path,106.93712650819728
54385,LA ESPERANZA,NORTE DE SAN,centro_poblado,pedestrian,96.38328371383619
54385,LA ESPERANZA,NORTE DE SAN,centro_poblado,residential,5420.271230700493
54385,LA ESPERANZA,NORTE DE SAN,centro_poblado,service,176.53533556721743
54385,LA ESPERANZA,NORTE DE SAN,centro_poblado,tertiary,794.4641808974202
54385,LA ESPERANZA,NORTE DE SAN,centro_poblado,track,71.41165576400833
54385,LA ESPERANZA,NORTE DE SAN,centro_poblado,trunk,1190.365682079725
54385,LA ESPERANZA,NORTE DE SAN,centro_poblado,unclassified,984.7205248071672
54385,LA ESPERANZA,NORTE DE SAN,rural,bridleway,2523.4896181171407
54385,LA ESPERANZA,NORTE DE SAN,rural,path,5632.289660919058
54385,LA ESPERANZA,NORTE DE SAN,rural,pedestrian,28.922538943408302
54385,LA ESPERANZA,NORTE DE SAN,rural,residential,6096.672583855602
54385,LA ESPERANZA,NORTE DE SAN,rural,service,16793.56185101877
54385,LA ESPERANZA,NORTE DE SAN,rural,tertiary,32414.163080011334
54385,LA ESPERANZA,NORTE DE SAN,rural,track,140667.49078403937
54385,LA ESPERANZA,NORTE DE SAN,rural,trunk,27475.21687938898
54385,LA ESPERANZA,NORTE DE SAN,rural,unclassified,268544.4320730159
54398,LA PLAYA,NORTE DE SAN,cabecera,residential,2858.2299894657776
54398,LA PLAYA,NORTE DE SAN,cabecera,service,32.017476126638414
54398,LA PLAYA,NORTE DE SAN,cabecera,tertiary,610.9786643877368
54398,LA PLAYA,NORTE DE SAN,cabecera,track,443.15196062736527
54398,LA PLAYA,NORTE DE SAN,cabecera,unclassified,379.1009613321893
54398,LA PLAYA,NORTE DE SAN,centro_poblado,residential,1897.1077584263655
54398,LA PLAYA,NORTE DE SAN,centro_poblado,tertiary,345.27201840369656
54398,LA PLAYA,NORTE DE SAN,centro_poblado,unclassified,373.4554734985294
54398,LA PLAYA,NORTE DE SAN,rural,path,2167.163775933377
54398,LA PLAYA,NORTE DE SAN,rural,residential,3973.356776079003
54398,LA PLAYA,NORTE DE SAN,rural,service,1386.6900640863319
54398,LA PLAYA,NORTE DE SAN,rural,tertiary,26067.246225010862
54398,LA PLAYA,NORTE DE SAN,rural,track,258015.07153570355
54398,LA PLAYA,NORTE DE SAN,rural,unclassified,141740.45903824188
54405,LOS PATIOS,NORTE DE SAN,cabecera,cycleway,3067.5133561718176
54405,LOS PATIOS,NORTE DE SAN,cabecera,footway,6126.903929165594
54405,LOS PATIOS,NORTE DE SAN,cabecera,path,359.12297278413234
54405,LOS PATIOS,NORTE DE SAN,cabecera,pedestrian,601.062276095502
54405,LOS PATIOS,NORTE DE SAN,cabecera,primary,11630.184773228128
54405,LOS PATIOS,NORTE DE SAN,cabecera,residential,156397.2774063264
54405,LOS PATIOS,NORTE DE SAN,cabecera,secondary,7150.973178928768
54405,LOS PATIOS,NORTE DE SAN,cabecera,service,23940.93776764723
54405,LOS PATIOS,NORTE DE SAN,cabecera,track,1069.2992026359718
54405,LOS PATIOS,NORTE DE SAN,cabecera,trunk,11507.451929804904
54405,LOS PATIOS,NORTE DE SAN,cabecera,unclassified,3411.5069000373874
54405,LOS PATIOS,NORTE DE SAN,centro_poblado,residential,17120.028640390876
54405,LOS PATIOS,NORTE DE SAN,centro_poblado,service,2039.106259929873
54405,LOS PATIOS,NORTE DE SAN,centro_poblado,track,258.8080185728026
54405,LOS PATIOS,NORTE DE SAN,centro_poblado,trunk,5882.0207407183225
54405,LOS PATIOS,NORTE DE SAN,centro_poblado,unclassified,1761.7492739762215
54405,LOS PATIOS,NORTE DE SAN,rural,footway,339.5552226419059
54405,LOS PATIOS,NORTE DE SAN,rural,path,4946.584065640549
54405,LOS PATIOS,NORTE DE SAN,rural,residential,19765.724787458563
54405,LOS PATIOS,NORTE DE SAN,rural,secondary,179.95947966687163
54405,LOS PATIOS,NORTE DE SAN,rural,service,32639.32673557018
54405,LOS PATIOS,NORTE DE SAN,rural,track,23848.168624237303
54405,LOS PATIOS,NORTE DE SAN,rural,trunk,31202.282518189688
54405,LOS PATIOS,NORTE DE SAN,rural,unclassified,76878.71196395204
54498,OCAÑA,NORTE DE SAN,cabecera,footway,5365.119841611834
54498,OCAÑA,NORTE DE SAN,cabecera,path,47.12797753116369
54498,OCAÑA,NORTE DE SAN,cabecera,pedestrian,570.8269397661611
54498,OCAÑA,NORTE DE SAN,cabecera,primary,8752.240879113306
54498,OCAÑA,NORTE DE SAN,cabecera,residential,186119.40246044198
54498,OCAÑA,NORTE DE SAN,cabecera,secondary,885.6102719521609
54498,OCAÑA,NORTE DE SAN,cabecera,service,4897.385359465543
54498,OCAÑA,NORTE DE SAN,cabecera,steps,72.64490793775117
54498,OCAÑA,NORTE DE SAN,cabecera,tertiary,5795.203187825503
54498,OCAÑA,NORTE DE SAN,cabecera,track,2384.6630260464985
54498,OCAÑA,NORTE DE SAN,cabecera,unclassified,7879.700449851257
54498,OCAÑA,NORTE DE SAN,centro_poblado,primary,702.696829717468
54498,OCAÑA,NORTE DE SAN,centro_poblado,residential,8791.593889104925
54498,OCAÑA,NORTE DE SAN,centro_poblado,secondary,547.7638669308992
54498,OCAÑA,NORTE DE SAN,centro_poblado,service,583.1938400729641
54498,OCAÑA,NORTE DE SAN,centro_poblado,track,171.17118598779894
54498,OCAÑA,NORTE DE SAN,centro_poblado,unclassified,1254.948505505994
54498,OCAÑA,NORTE DE SAN,rural,bridleway,14839.699250266684
54498,OCAÑA,NORTE DE SAN,rural,footway,3399.3465059981067
54498,OCAÑA,NORTE DE SAN,rural,path,14041.130073221864
54498,OCAÑA,NORTE DE SAN,rural,primary,13834.22379054526
54498,OCAÑA,NORTE DE SAN,rural,residential,29093.7732083656
54498,OCAÑA,NORTE DE SAN,rural,secondary,14117.637238926776
54498,OCAÑA,NORTE DE SAN,rural,service,29181.314317510703
54498,OCAÑA,NORTE DE SAN,rural,tertiary,9687.686452902379
54498,OCAÑA,NORTE DE SAN,rural,track,215646.8762541099
54498,OCAÑA,NORTE DE SAN,rural,unclassified,326669.8990233828
54518,PAMPLONA,NORTE DE SAN,cabecera,cycleway,228.20593708336486
54518,PAMPLONA,NORTE DE SAN,cabecera,footway,938.0836556013812
54518,PAMPLONA,NORTE DE SAN,cabecera,path,263.72563380299425
54518,PAMPLONA,NORTE DE SAN,cabecera,pedestrian,701.2661773032761
54518,PAMPLONA,NORTE DE SAN,cabecera,residential,69714.81275352703
54518,PAMPLONA,NORTE DE SAN,cabecera,secondary,3792.3672202775583
54518,PAMPLONA,NORTE DE SAN,cabecera,service,2543.9756291783888
54518,PAMPLONA,NORTE DE SAN,cabecera,steps,93.50425452970723
54518,PAMPLONA,NORTE DE SAN,cabecera,track,365.10079201527844
54518,PAMPLONA,NORTE DE SAN,cabecera,trunk,4291.517697498579
54518,PAMPLONA,NORTE DE SAN,cabecera,unclassified,1101.8638764382215
54518,PAMPLONA,NORTE DE SAN,rural,bridleway,1346.1129336614213
54518,PAMPLONA,NORTE DE SAN,rural,footway,129.01139140256004
54518,PAMPLONA,NORTE DE SAN,rural,path,20008.662772292304
54518,PAMPLONA,NORTE DE SAN,rural,pedestrian,1885.740685722163
54518,PAMPLONA,NORTE DE SAN,rural,primary,14479.749922565281
54518,PAMPLONA,NORTE DE SAN,rural,residential,6505.9336426070195
54518,PAMPLONA,NORTE DE SAN,rural,secondary,16925.649980051014
54518,PAMPLONA,NORTE DE SAN,rural,service,7116.253000978402
54518,PAMPLONA,NORTE DE SAN,rural,track,29196.119313178417
54518,PAMPLONA,NORTE DE SAN,rural,trunk,37504.44952226004
54518,PAMPLONA,NORTE DE SAN,rural,unclassified,161730.1961731487
54553,PUERTO SANTANDER,NORTE DE SAN,cabecera,footway,723.8875620367824
54553,PUERTO SANTANDER,NORTE DE SAN,cabecera,path,66.09473204621712
54553,PUERTO SANTANDER,NORTE DE SAN,cabecera,primary,2170.0906871668703
54553,PUERTO SANTANDER,NORTE DE SAN,cabecera,residential,10918.105333274154
54553,PUERTO SANTANDER,NORTE DE SAN,cabecera,service,895.2048114463287
54553,PUERTO SANTANDER,NORTE DE SAN,cabecera,tertiary,219.68665474660003
54553,PUERTO SANTANDER,NORTE DE SAN,cabecera,track,12.444379289683019
54553,PUERTO SANTANDER,NORTE DE SAN,cabecera,unclassified,299.04793190941604
54553,PUERTO SANTANDER,NORTE DE SAN,centro_poblado,path,115.04164378615862
54553,PUERTO SANTANDER,NORTE DE SAN,centro_poblado,track,524.5838576228463
54553,PUERTO SANTANDER,NORTE DE SAN,rural,path,2312.4263284101276
54553,PUERTO SANTANDER,NORTE DE SAN,rural,primary,4396.284970255031
54553,PUERTO SANTANDER,NORTE DE SAN,rural,residential,903.0409433511006
54553,PUERTO SANTANDER,NORTE DE SAN,rural,service,817.667660031621
54553,PUERTO SANTANDER,NORTE DE SAN,rural,tertiary,3679.133725443747
54553,PUERTO SANTANDER,NORTE DE SAN,rural,track,20619.30576801663
54553,PUERTO SANTANDER,NORTE DE SAN,rural,unclassified,36247.269071121744
54670,SAN CALIXTO,NORTE DE SAN,cabecera,residential,4030.416408664678
54670,SAN CALIXTO,NORTE DE SAN,cabecera,tertiary,1871.3898553749207
54670,SAN CALIXTO,NORTE DE SAN,cabecera,track,840.7727843405279
54670,SAN CALIXTO,NORTE DE SAN,cabecera,unclassified,44.96339856488217
54670,SAN CALIXTO,NORTE DE SAN,centro_poblado,residential,1131.8379413454643
54670,SAN CALIXTO,NORTE DE SAN,centro_poblado,service,120.13455114811802
54670,SAN CALIXTO,NORTE DE SAN,centro_poblado,tertiary,340.26662732436563
54670,SAN CALIXTO,NORTE DE SAN,centro_poblado,track,596.6865617386727
54670,SAN CALIXTO,NORTE DE SAN,centro_poblado,unclassified,727.7456135147254
54670,SAN CALIXTO,NORTE DE SAN,rural,bridleway,1403.9803130454045
54670,SAN CALIXTO,NORTE DE SAN,rural,path,16417.623608831113
54670,SAN CALIXTO,NORTE DE SAN,rural,residential,15597.041276248234
54670,SAN CALIXTO,NORTE DE SAN,rural,service,5483.012934659551
54670,SAN CALIXTO,NORTE DE SAN,rural,tertiary,18960.767365433534
54670,SAN CALIXTO,NORTE DE SAN,rural,track,160487.03304531673
54670,SAN CALIXTO,NORTE DE SAN,rural,unclassified,221886.59307609953
54720,SARDINATA,NORTE DE SAN,cabecera,residential,19220.45475361408
54720,SARDINATA,NORTE DE SAN,cabecera,service,100.98642567796145
54720,SARDINATA,NORTE DE SAN,cabecera,tertiary,2268.3791283684236
54720,SARDINATA,NORTE DE SAN,cabecera,track,55.84207811229505
54720,SARDINATA,NORTE DE SAN,cabecera,unclassified,96.13563930578084
54720,SARDINATA,NORTE DE SAN,centro_poblado,bridleway,8.803782557546727
54720,SARDINATA,NORTE DE SAN,centro_poblado,path,133.7751391372442
54720,SARDINATA,NORTE DE SAN,centro_poblado,residential,2715.9683873034146
54720,SARDINATA,NORTE DE SAN,centro_poblado,service,114.52257784168712
54720,SARDINATA,NORTE DE SAN,centro_poblado,steps,8.086077265574817
54720,SARDINATA,NORTE DE SAN,centro_poblado,tertiary,148.06229932059426
54720,SARDINATA,NORTE DE SAN,centro_poblado,unclassified,525.4519489267394
54720,SARDINATA,NORTE DE SAN,rural,bridleway,7649.427070156272
54720,SARDINATA,NORTE DE SAN,rural,footway,12397.247767528297
54720,SARDINATA,NORTE DE SAN,rural,path,13489.266342259878
54720,SARDINATA,NORTE DE SAN,rural,primary,27029.15179615288
54720,SARDINATA,NORTE DE SAN,rural,residential,19863.823624058692
54720,SARDINATA,NORTE DE SAN,rural,service,17544.266658627694
54720,SARDINATA,NORTE DE SAN,rural,tertiary,48210.84706322875
54720,SARDINATA,NORTE DE SAN,rural,track,147385.4333973401
54720,SARDINATA,NORTE DE SAN,rural,unclassified,322400.34543275955
54810,TIBU,NORTE DE SAN,cabecera,footway,741.017775260204
54810,TIBU,NORTE DE SAN,cabecera,path,79.61742863904527
54810,TIBU,NORTE DE SAN,cabecera,pedestrian,125.82263410618927
54810,TIBU,NORTE DE SAN,cabecera,residential,57919.49802073713
54810,TIBU,NORTE DE SAN,cabecera,service,990.6016891733503
54810,TIBU,NORTE DE SAN,cabecera,tertiary,3573.438880587177
54810,TIBU,NORTE DE SAN,cabecera,track,232.86748911322363
54810,TIBU,NORTE DE SAN,cabecera,unclassified,335.60655431352586
54810,TIBU,NORTE DE SAN,centro_poblado,footway,14.22450580309915
54810,TIBU,NORTE DE SAN,centro_poblado,pedestrian,391.36329619127014
54810,TIBU,NORTE DE SAN,centro_poblado,residential,40106.04607441993
54810,TIBU,NORTE DE SAN,centro_poblado,service,97.57305937853239
54810,TIBU,NORTE DE SAN,centro_poblado,tertiary,4830.161704509819
54810,TIBU,NORTE DE SAN,centro_poblado,track,19.71895535892895
54810,TIBU,NORTE DE SAN,centro_poblado,unclassified,257.34346451550243
54810,TIBU,NORTE DE SAN,rural,bridleway,19214.541602165078
54810,TIBU,NORTE DE SAN,rural,footway,404.7461971228318
54810,TIBU,NORTE DE SAN,rural,path,12144.21461322176
54810,TIBU,NORTE DE SAN,rural,pedestrian,246.59046445466404
54810,TIBU,NORTE DE SAN,rural,residential,171181.27403804398
54810,TIBU,NORTE DE SAN,rural,service,19012.244544914825
54810,TIBU,NORTE DE SAN,rural,steps,24.908099675871124
54810,TIBU,NORTE DE SAN,rural,tertiary,126238.17490242668
54810,TIBU,NORTE DE SAN,rural,track,123798.64060587295
54810,TIBU,NORTE DE SAN,rural,unclassified,944489.3479034483
54820,TOLEDO,NORTE DE SAN,cabecera,residential,10400.55792124822
54820,TOLEDO,NORTE DE SAN,cabecera,secondary,1796.7659036885996
54820,TOLEDO,NORTE DE SAN,cabecera,service,292.2642109386537
54820,TOLEDO,NORTE DE SAN,cabecera,tertiary,2008.1892319532674
54820,TOLEDO,NORTE DE SAN,cabecera,unclassified,323.6521264013295
54820,TOLEDO,NORTE DE SAN,centro_poblado,primary,1388.694962540879
54820,TOLEDO,NORTE DE SAN,centro_poblado,residential,1417.6749416116631
54820,TOLEDO,NORTE DE SAN,rural,bridleway,12523.689346887486
54820,TOLEDO,NORTE DE SAN,rural,path,26074.933617398092
54820,TOLEDO,NORTE DE SAN,rural,primary,81094.25432222713
54820,TOLEDO,NORTE DE SAN,rural,residential,1837.1252337436595
54820,TOLEDO,NORTE DE SAN,rural,secondary,33165.57704270742
54820,TOLEDO,NORTE DE SAN,rural,service,7497.527954740863
54820,TOLEDO,NORTE DE SAN,rural,tertiary,27214.824974049603
54820,TOLEDO,NORTE DE SAN,rural,track,41334.281748431684
54820,TOLEDO,NORTE DE SAN,rural,unclassified,138553.40979202455
54874,VILLA DEL ROSARIO,NORTE DE SAN,cabecera,footway,5278.72442072307
54874,VILLA DEL ROSARIO,NORTE DE SAN,cabecera,path,2913.3665455836635
54874,VILLA DEL ROSARIO,NORTE DE SAN,cabecera,pedestrian,561.8046093272168
54874,VILLA DEL ROSARIO,NORTE DE SAN,cabecera,primary,3367.6418180855776
54874,VILLA DEL ROSARIO,NORTE DE SAN,cabecera,residential,218018.59935452725
54874,VILLA DEL ROSARIO,NORTE DE SAN,cabecera,secondary,5033.169470123159
54874,VILLA DEL ROSARIO,NORTE DE SAN,cabecera,service,30502.249674593266
54874,VILLA DEL ROSARIO,NORTE DE SAN,cabecera,steps,108.43272709483739
54874,VILLA DEL ROSARIO,NORTE DE SAN,cabecera,tertiary,8720.996326625955
54874,VILLA DEL ROSARIO,NORTE DE SAN,cabecera,track,2249.7496500018906
54874,VILLA DEL ROSARIO,NORTE DE SAN,cabecera,trunk,25996.301325835
54874,VILLA DEL ROSARIO,NORTE DE SAN,cabecera,unclassified,12907.31655287379
54874,VILLA DEL ROSARIO,NORTE DE SAN,centro_poblado,residential,5251.639409260156
54874,VILLA DEL ROSARIO,NORTE DE SAN,centro_poblado,service,1068.089243120085
54874,VILLA DEL ROSARIO,NORTE DE SAN,centro_poblado,tertiary,2142.6350151715583
54874,VILLA DEL ROSARIO,NORTE DE SAN,centro_poblado,track,33.16194743065499
54874,VILLA DEL ROSARIO,NORTE DE SAN,centro_poblado,unclassified,1258.5226138144183
54874,VILLA DEL ROSARIO,NORTE DE SAN,rural,footway,2298.8204131961847
54874,VILLA DEL ROSARIO,NORTE DE SAN,rural,path,3066.789678321374
54874,VILLA DEL ROSARIO,NORTE DE SAN,rural,primary,1424.8582533121742
54874,VILLA DEL ROSARIO,NORTE DE SAN,rural,residential,10682.36212404633
54874,VILLA DEL ROSARIO,NORTE DE SAN,rural,secondary,272.55474823016186
54874,VILLA DEL ROSARIO,NORTE DE SAN,rural,service,10263.131115799875
54874,VILLA DEL ROSARIO,NORTE DE SAN,rural,tertiary,2442.4903225829353
54874,VILLA DEL ROSARIO,NORTE DE SAN,rural,track,11159.679558808122
54874,VILLA DEL ROSARIO,NORTE DE SAN,rural,trunk,2491.2610168243114
54874,VILLA DEL ROSARIO,NORTE DE SAN,rural,unclassified,50672.1093917134
63130,CALARCA,QUINDIO,cabecera,footway,39563.72012977134
63130,CALARCA,QUINDIO,cabecera,path,936.6039052375556
63130,CALARCA,QUINDIO,cabecera,pedestrian,743.2693767968358
63130,CALARCA,QUINDIO,cabecera,primary,2278.382770567771
63130,CALARCA,QUINDIO,cabecera,residential,52110.920208741154
63130,CALARCA,QUINDIO,cabecera,secondary,5943.307599120066
63130,CALARCA,QUINDIO,cabecera,service,14414.807523861393
63130,CALARCA,QUINDIO,cabecera,steps,1327.5802565079368
63130,CALARCA,QUINDIO,cabecera,tertiary,11416.733802530514
63130,CALARCA,QUINDIO,cabecera,track,3027.011148486418
63130,CALARCA,QUINDIO,cabecera,trunk,11751.75650031725
63130,CALARCA,QUINDIO,cabecera,unclassified,907.2120440797975
63130,CALARCA,QUINDIO,cabecera,unknown,2.800226356038772
63130,CALARCA,QUINDIO,centro_poblado,footway,5232.512286262995
63130,CALARCA,QUINDIO,centro_poblado,path,424.0602582529002
63130,CALARCA,QUINDIO,centro_poblado,primary,172.46801750948742
63130,CALARCA,QUINDIO,centro_poblado,residential,12692.166104868433
63130,CALARCA,QUINDIO,centro_poblado,secondary,2169.0710476263926
63130,CALARCA,QUINDIO,centro_poblado,service,5504.321079330515
63130,CALARCA,QUINDIO,centro_poblado,steps,25.087729379528
63130,CALARCA,QUINDIO,centro_poblado,tertiary,1527.1444280940827
63130,CALARCA,QUINDIO,centro_poblado,track,137.47652164402015
63130,CALARCA,QUINDIO,centro_poblado,trunk,1334.1422297040983
63130,CALARCA,QUINDIO,centro_poblado,unclassified,1707.3942036094963
63130,CALARCA,QUINDIO,centro_poblado,unknown,114.43306447561932
63130,CALARCA,QUINDIO,rural,bridleway,4907.728917437805
63130,CALARCA,QUINDIO,rural,footway,902.9373130279068
63130,CALARCA,QUINDIO,rural,path,26866.05865983799
63130,CALARCA,QUINDIO,rural,primary,1521.138543097293
63130,CALARCA,QUINDIO,rural,residential,51341.431463665096
63130,CALARCA,QUINDIO,rural,secondary,18384.61204883449
63130,CALARCA,QUINDIO,rural,service,59752.91022471418
63130,CALARCA,QUINDIO,rural,steps,19.7809161672709
63130,CALARCA,QUINDIO,rural,tertiary,25533.58324749403
63130,CALARCA,QUINDIO,rural,track,77305.70404021064
63130,CALARCA,QUINDIO,rural,trunk,33003.25524102266
63130,CALARCA,QUINDIO,rural,unclassified,200690.9340278288
63130,CALARCA,QUINDIO,rural,unknown,1602.6426235009426
63190,CIRCASIA,QUINDIO,cabecera,bridleway,61.88327300126591
63190,CIRCASIA,QUINDIO,cabecera,footway,3581.533456964709
63190,CIRCASIA,QUINDIO,cabecera,residential,26155.87158835846
63190,CIRCASIA,QUINDIO,cabecera,secondary,4432.806050555235
63190,CIRCASIA,QUINDIO,cabecera,service,6497.744904196933
63190,CIRCASIA,QUINDIO,cabecera,steps,390.22762255347453
63190,CIRCASIA,QUINDIO,cabecera,tertiary,4072.156580340245
63190,CIRCASIA,QUINDIO,cabecera,track,103.02044966229789
63190,CIRCASIA,QUINDIO,cabecera,trunk,2563.935751463417
63190,CIRCASIA,QUINDIO,cabecera,unclassified,609.1615281376535
63190,CIRCASIA,QUINDIO,centro_poblado,path,79.72577959987179
63190,CIRCASIA,QUINDIO,centro_poblado,residential,13568.341376696344
63190,CIRCASIA,QUINDIO,centro_poblado,secondary,4500.868611308593
63190,CIRCASIA,QUINDIO,centro_poblado,service,7809.290544955812
63190,CIRCASIA,QUINDIO,centro_poblado,tertiary,3195.2338950807302
63190,CIRCASIA,QUINDIO,centro_poblado,track,1009.0029395943368
63190,CIRCASIA,QUINDIO,centro_poblado,trunk,1877.1487172812845
63190,CIRCASIA,QUINDIO,centro_poblado,unclassified,10848.838176807501
63190,CIRCASIA,QUINDIO,rural,footway,1201.8754110330212
63190,CIRCASIA,QUINDIO,rural,path,5615.319794784605
63190,CIRCASIA,QUINDIO,rural,primary,618.4576764900389
63190,CIRCASIA,QUINDIO,rural,residential,30068.606349667596
63190,CIRCASIA,QUINDIO,rural,secondary,8028.78444669215
63190,CIRCASIA,QUINDIO,rural,service,34556.73100236826
63190,CIRCASIA,QUINDIO,rural,tertiary,4358.023974542389
63190,CIRCASIA,QUINDIO,rural,track,13016.633247186532
63190,CIRCASIA,QUINDIO,rural,trunk,7034.639006619833
63190,CIRCASIA,QUINDIO,rural,unclassified,130794.45706459325
63272,FILANDIA,QUINDIO,cabecera,bridleway,146.99733411487736
63272,FILANDIA,QUINDIO,cabecera,footway,840.6777224032732
63272,FILANDIA,QUINDIO,cabecera,residential,10109.720791203183
63272,FILANDIA,QUINDIO,cabecera,secondary,2698.41891665422
63272,FILANDIA,QUINDIO,cabecera,service,283.4701360515105
63272,FILANDIA,QUINDIO,cabecera,steps,249.80512828802892
63272,FILANDIA,QUINDIO,cabecera,tertiary,1353.4944320092432
63272,FILANDIA,QUINDIO,cabecera,track,448.84743648596066
63272,FILANDIA,QUINDIO,cabecera,unclassified,295.6276147441894
63272,FILANDIA,QUINDIO,centro_poblado,path,83.4866337563081
63272,FILANDIA,QUINDIO,centro_poblado,residential,578.5988534517224
63272,FILANDIA,QUINDIO,centro_poblado,tertiary,492.48491906914074
63272,FILANDIA,QUINDIO,centro_poblado,track,87.35354218127662
63272,FILANDIA,QUINDIO,centro_poblado,unclassified,99.81302758007405
63272,FILANDIA,QUINDIO,rural,bridleway,4596.633120316115
63272,FILANDIA,QUINDIO,rural,footway,2571.7748329747624
63272,FILANDIA,QUINDIO,rural,path,13652.790656307858
63272,FILANDIA,QUINDIO,rural,residential,23366.816360041732
63272,FILANDIA,QUINDIO,rural,secondary,18658.66521338691
63272,FILANDIA,QUINDIO,rural,service,30218.563921391837
63272,FILANDIA,QUINDIO,rural,steps,17.429886329519434
63272,FILANDIA,QUINDIO,rural,tertiary,36145.56150625514
63272,FILANDIA,QUINDIO,rural,track,46345.426562297405
63272,FILANDIA,QUINDIO,rural,trunk,10211.584786469528
63272,FILANDIA,QUINDIO,rural,unclassified,102721.1051248752
63401,LA TEBAIDA,QUINDIO,cabecera,bridleway,160.74957778941624
63401,LA TEBAIDA,QUINDIO,cabecera,cycleway,1227.7889749323954
63401,LA TEBAIDA,QUINDIO,cabecera,footway,18080.989152977167
63401,LA TEBAIDA,QUINDIO,cabecera,path,163.49850721267984
63401,LA TEBAIDA,QUINDIO,cabecera,pedestrian,269.8049241235192
63401,LA TEBAIDA,QUINDIO,cabecera,residential,34631.644520810914
63401,LA TEBAIDA,QUINDIO,cabecera,secondary,4280.722355613045
63401,LA TEBAIDA,QUINDIO,cabecera,service,4142.412639755167
63401,LA TEBAIDA,QUINDIO,cabecera,steps,68.82101829779963
63401,LA TEBAIDA,QUINDIO,cabecera,tertiary,2258.9355756782834
63401,LA TEBAIDA,QUINDIO,cabecera,track,1476.9411653116606
63401,LA TEBAIDA,QUINDIO,cabecera,trunk,3284.120172805016
63401,LA TEBAIDA,QUINDIO,cabecera,unclassified,794.3628275703765
63401,LA TEBAIDA,QUINDIO,centro_poblado,footway,55.97655533679604
63401,LA TEBAIDA,QUINDIO,centro_poblado,primary,994.911389429933
63401,LA TEBAIDA,QUINDIO,centro_poblado,residential,4082.9291628647834
63401,LA TEBAIDA,QUINDIO,centro_poblado,service,1370.0302374811033
63401,LA TEBAIDA,QUINDIO,centro_poblado,trunk,16.615559281482955
63401,LA TEBAIDA,QUINDIO,centro_poblado,unclassified,917.3944919582677
63401,LA TEBAIDA,QUINDIO,rural,bridleway,3825.209028703525
63401,LA TEBAIDA,QUINDIO,rural,cycleway,154.43772417939138
63401,LA TEBAIDA,QUINDIO,rural,footway,1107.4312086035404
63401,LA TEBAIDA,QUINDIO,rural,path,2026.9200343907476
63401,LA TEBAIDA,QUINDIO,rural,primary,1817.538031799573
63401,LA TEBAIDA,QUINDIO,rural,residential,19197.140839645603
63401,LA TEBAIDA,QUINDIO,rural,secondary,2044.2576990529244
63401,LA TEBAIDA,QUINDIO,rural,service,35046.99029474807
63401,LA TEBAIDA,QUINDIO,rural,tertiary,100.28087555669573
63401,LA TEBAIDA,QUINDIO,rural,track,30091.781873399395
63401,LA TEBAIDA,QUINDIO,rural,trunk,12123.24639223164
63401,LA TEBAIDA,QUINDIO,rural,unclassified,85414.5992808584
63470,MONTENEGRO,QUINDIO,cabecera,footway,12327.249651072389
63470,MONTENEGRO,QUINDIO,cabecera,path,186.7847679168761
63470,MONTENEGRO,QUINDIO,cabecera,primary,2071.6016822600404
63470,MONTENEGRO,QUINDIO,cabecera,residential,29417.595234655593
63470,MONTENEGRO,QUINDIO,cabecera,secondary,6245.727920512867
63470,MONTENEGRO,QUINDIO,cabecera,service,10060.733409303251
63470,MONTENEGRO,QUINDIO,cabecera,steps,369.6155794291476
63470,MONTENEGRO,QUINDIO,cabecera,tertiary,2626.7159257207036
63470,MONTENEGRO,QUINDIO,cabecera,track,781.092893854394
63470,MONTENEGRO,QUINDIO,cabecera,unclassified,1119.7167398235265
63470,MONTENEGRO,QUINDIO,centro_poblado,bridleway,169.83504321557572
63470,MONTENEGRO,QUINDIO,centro_poblado,footway,303.0280373310029
63470,MONTENEGRO,QUINDIO,centro_poblado,residential,5548.707632870576
63470,MONTENEGRO,QUINDIO,centro_poblado,secondary,3909.810258228573
63470,MONTENEGRO,QUINDIO,centro_poblado,service,3536.174891973197
63470,MONTENEGRO,QUINDIO,centro_poblado,tertiary,1080.0778646420974
63470,MONTENEGRO,QUINDIO,centro_poblado,track,614.1822897960014
63470,MONTENEGRO,QUINDIO,centro_poblado,unclassified,7703.950485039571
63470,MONTENEGRO,QUINDIO,rural,bridleway,5158.2800390233115
63470,MONTENEGRO,QUINDIO,rural,footway,7365.311734173136
63470,MONTENEGRO,QUINDIO,rural,path,7681.041862837015
63470,MONTENEGRO,QUINDIO,rural,primary,2256.32338335641
63470,MONTENEGRO,QUINDIO,rural,residential,32605.421756543547
63470,MONTENEGRO,QUINDIO,rural,secondary,14129.944215559153
63470,MONTENEGRO,QUINDIO,rural,service,47940.558264200896
63470,MONTENEGRO,QUINDIO,rural,steps,146.97171627795356
63470,MONTENEGRO,QUINDIO,rural,tertiary,10706.708159273818
63470,MONTENEGRO,QUINDIO,rural,track,64947.87179822545
63470,MONTENEGRO,QUINDIO,rural,unclassified,167636.14183785664
63594,QUIMBAYA,QUINDIO,cabecera,footway,6036.895919314183
63594,QUIMBAYA,QUINDIO,cabecera,path,339.30285747984374
63594,QUIMBAYA,QUINDIO,cabecera,pedestrian,72.8718018542433
63594,QUIMBAYA,QUINDIO,cabecera,primary,2295.8120242879163
63594,QUIMBAYA,QUINDIO,cabecera,residential,27729.889896770997
63594,QUIMBAYA,QUINDIO,cabecera,secondary,2700.621894960117
63594,QUIMBAYA,QUINDIO,cabecera,service,3145.872370527349
63594,QUIMBAYA,QUINDIO,cabecera,steps,146.05178318445834
63594,QUIMBAYA,QUINDIO,cabecera,tertiary,2033.34849768183
63594,QUIMBAYA,QUINDIO,cabecera,track,3229.664694951905
63594,QUIMBAYA,QUINDIO,cabecera,unclassified,879.3974066051923
63594,QUIMBAYA,QUINDIO,centro_poblado,footway,373.5201249912619
63594,QUIMBAYA,QUINDIO,centro_poblado,residential,4783.07916613243
63594,QUIMBAYA,QUINDIO,centro_poblado,service,1692.5967037329008
63594,QUIMBAYA,QUINDIO,centro_poblado,tertiary,482.9825817289773
63594,QUIMBAYA,QUINDIO,centro_poblado,track,271.45432554396405
63594,QUIMBAYA,QUINDIO,centro_poblado,unclassified,4456.867034931248
63594,QUIMBAYA,QUINDIO,rural,footway,132.96726341601746
63594,QUIMBAYA,QUINDIO,rural,path,1377.20677474638
63594,QUIMBAYA,QUINDIO,rural,primary,10530.75506864288
63594,QUIMBAYA,QUINDIO,rural,residential,53500.75290218933
63594,QUIMBAYA,QUINDIO,rural,secondary,1869.8959777905277
63594,QUIMBAYA,QUINDIO,rural,service,56254.961904323034
63594,QUIMBAYA,QUINDIO,rural,tertiary,15638.517094746287
63594,QUIMBAYA,QUINDIO,rural,track,38743.51326722802
63594,QUIMBAYA,QUINDIO,rural,unclassified,183841.47426054126
66045,APIA,RISARALDA,cabecera,footway,266.66346797705467
66045,APIA,RISARALDA,cabecera,primary,2392.741879418208
66045,APIA,RISARALDA,cabecera,residential,9145.98670421804
66045,APIA,RISARALDA,cabecera,service,85.1918387988414
66045,APIA,RISARALDA,cabecera,steps,173.81151852294352
66045,APIA,RISARALDA,cabecera,track,197.54373516825106
66045,APIA,RISARALDA,cabecera,unclassified,584.6259138997223
66045,APIA,RISARALDA,centro_poblado,primary,139.51275217284916
66045,APIA,RISARALDA,centro_poblado,residential,280.0246861510395
66045,APIA,RISARALDA,centro_poblado,track,112.97634055051776
66045,APIA,RISARALDA,centro_poblado,unclassified,430.2078965818299
66045,APIA,RISARALDA,rural,bridleway,238.68852768001167
66045,APIA,RISARALDA,rural,path,5036.955507737101
66045,APIA,RISARALDA,rural,primary,25971.32108464928
66045,APIA,RISARALDA,rural,residential,221.87271434014326
66045,APIA,RISARALDA,rural,service,4188.010484903743
66045,APIA,RISARALDA,rural,tertiary,26042.85602698688
66045,APIA,RISARALDA,rural,track,63466.93822612183
66045,APIA,RISARALDA,rural,unclassified,86972.97588343002
66088,BELEN DE UMBRIA,RISARALDA,cabecera,footway,1127.4196661718265
66088,BELEN DE UMBRIA,RISARALDA,cabecera,pedestrian,268.6046684243464
66088,BELEN DE UMBRIA,RISARALDA,cabecera,residential,17257.188962091815
66088,BELEN DE UMBRIA,RISARALDA,cabecera,secondary,2097.7714702817207
66088,BELEN DE UMBRIA,RISARALDA,cabecera,service,95.39916627810328
66088,BELEN DE UMBRIA,RISARALDA,cabecera,steps,277.11755630627175
66088,BELEN DE UMBRIA,RISARALDA,cabecera,tertiary,1218.6459622784428
66088,BELEN DE UMBRIA,RISARALDA,cabecera,track,1432.4178051869867
66088,BELEN DE UMBRIA,RISARALDA,cabecera,unclassified,889.88834441491
66088,BELEN DE UMBRIA,RISARALDA,centro_poblado,residential,893.1663948301313
66088,BELEN DE UMBRIA,RISARALDA,centro_poblado,secondary,797.9017174896705
66088,BELEN DE UMBRIA,RISARALDA,centro_poblado,service,11.092704680315851
66088,BELEN DE UMBRIA,RISARALDA,centro_poblado,tertiary,895.7196537536777
66088,BELEN DE UMBRIA,RISARALDA,centro_poblado,track,378.8722268849324
66088,BELEN DE UMBRIA,RISARALDA,centro_poblado,unclassified,906.5515076142019
66088,BELEN DE UMBRIA,RISARALDA,rural,footway,992.0846126991844
66088,BELEN DE UMBRIA,RISARALDA,rural,path,6672.592236638324
66088,BELEN DE UMBRIA,RISARALDA,rural,residential,3322.237873144681
66088,BELEN DE UMBRIA,RISARALDA,rural,secondary,23665.831740021098
66088,BELEN DE UMBRIA,RISARALDA,rural,service,3119.9019172059275
66088,BELEN DE UMBRIA,RISARALDA,rural,tertiary,53777.97159835663
66088,BELEN DE UMBRIA,RISARALDA,rural,track,112434.49799019609
66088,BELEN DE UMBRIA,RISARALDA,rural,unclassified,116293.111765621
66318,GUATICA,RISARALDA,cabecera,footway,18.97141289908431
66318,GUATICA,RISARALDA,cabecera,path,292.22750760328466
66318,GUATICA,RISARALDA,cabecera,residential,7547.184050185544
66318,GUATICA,RISARALDA,cabecera,service,171.20682399637764
66318,GUATICA,RISARALDA,cabecera,steps,355.7395713517309
66318,GUATICA,RISARALDA,cabecera,tertiary,2268.731106004555
66318,GUATICA,RISARALDA,cabecera,track,54.72054432876638
66318,GUATICA,RISARALDA,cabecera,unclassified,8.250034221402416
66318,GUATICA,RISARALDA,centro_poblado,primary,459.8403489448548
66318,GUATICA,RISARALDA,centro_poblado,residential,5148.336211184234
66318,GUATICA,RISARALDA,centro_poblado,service,38.25542820559555
66318,GUATICA,RISARALDA,centro_poblado,tertiary,881.7086352449357
66318,GUATICA,RISARALDA,centro_poblado,unclassified,180.60128483913942
66318,GUATICA,RISARALDA,rural,path,2042.4757567944928
66318,GUATICA,RISARALDA,rural,primary,9989.736605912249
66318,GUATICA,RISARALDA,rural,residential,14903.426896729852
66318,GUATICA,RISARALDA,rural,service,10661.509497477304
66318,GUATICA,RISARALDA,rural,tertiary,22650.41911150332
66318,GUATICA,RISARALDA,rural,track,15151.61732527361
66318,GUATICA,RISARALDA,rural,unclassified,146522.3477902345
66383,LA CELIA,RISARALDA,cabecera,footway,37.653272810091224
66383,LA CELIA,RISARALDA,cabecera,residential,4543.840884458777
66383,LA CELIA,RISARALDA,cabecera,secondary,655.1949132701401
66383,LA CELIA,RISARALDA,cabecera,service,83.35844626393529
66383,LA CELIA,RISARALDA,cabecera,steps,196.45600139978345
66383,LA CELIA,RISARALDA,cabecera,tertiary,1061.626460841265
66383,LA CELIA,RISARALDA,cabecera,track,14.262545507146054
66383,LA CELIA,RISARALDA,cabecera,unclassified,345.1414712369644
66383,LA CELIA,RISARALDA,centro_poblado,secondary,258.20551103109375
66383,LA CELIA,RISARALDA,centro_poblado,unclassified,107.97335827908651
66383,LA CELIA,RISARALDA,rural,footway,21.782504658716782
66383,LA CELIA,RISARALDA,rural,path,2096.8892331209677
66383,LA CELIA,RISARALDA,rural,residential,4644.396834595686
66383,LA CELIA,RISARALDA,rural,secondary,10223.137737446228
66383,LA CELIA,RISARALDA,rural,service,2603.6328703330687
66383,LA CELIA,RISARALDA,rural,tertiary,11516.964238107395
66383,LA CELIA,RISARALDA,rural,track,7678.192999883471
66383,LA CELIA,RISARALDA,rural,unclassified,151206.03314728403
66400,LA VIRGINIA,RISARALDA,cabecera,footway,2387.5092928938143
66400,LA VIRGINIA,RISARALDA,cabecera,pedestrian,206.58463972193306
66400,LA VIRGINIA,RISARALDA,cabecera,primary,5035.477724005754
66400,LA VIRGINIA,RISARALDA,cabecera,residential,34027.916517404235
66400,LA VIRGINIA,RISARALDA,cabecera,secondary,1820.298325111885
66400,LA VIRGINIA,RISARALDA,cabecera,service,1330.8652889153734
66400,LA VIRGINIA,RISARALDA,cabecera,trunk,1726.9515670516066
66400,LA VIRGINIA,RISARALDA,centro_poblado,track,80.99526123873426
66400,LA VIRGINIA,RISARALDA,centro_poblado,unclassified,695.5269323996677
66400,LA VIRGINIA,RISARALDA,rural,footway,16.834481205110702
66400,LA VIRGINIA,RISARALDA,rural,path,4721.498784478539
66400,LA VIRGINIA,RISARALDA,rural,primary,3459.7493632766673
66400,LA VIRGINIA,RISARALDA,rural,residential,3373.7260374910493
66400,LA VIRGINIA,RISARALDA,rural,service,2240.017118090691
66400,LA VIRGINIA,RISARALDA,rural,track,9851.221473830945
66400,LA VIRGINIA,RISARALDA,rural,trunk,5951.023845599141
66400,LA VIRGINIA,RISARALDA,rural,unclassified,11753.785443518856
66440,MARSELLA,RISARALDA,cabecera,path,1904.3998793783587
66440,MARSELLA,RISARALDA,cabecera,pedestrian,671.9121311551628
66440,MARSELLA,RISARALDA,cabecera,residential,14329.311312184891
66440,MARSELLA,RISARALDA,cabecera,secondary,2318.8261883874875
66440,MARSELLA,RISARALDA,cabecera,service,646.4924327145367
66440,MARSELLA,RISARALDA,cabecera,steps,158.37014945055822
66440,MARSELLA,RISARALDA,cabecera,tertiary,504.6586930182409
66440,MARSELLA,RISARALDA,cabecera,track,2758.1547416252633
66440,MARSELLA,RISARALDA,cabecera,unclassified,2789.775571934438
66440,MARSELLA,RISARALDA,centro_poblado,residential,475.36160579105797
66440,MARSELLA,RISARALDA,centro_poblado,track,306.33679296285476
66440,MARSELLA,RISARALDA,centro_poblado,unclassified,2238.2437076574
66440,MARSELLA,RISARALDA,rural,bridleway,194.92598458381167
66440,MARSELLA,RISARALDA,rural,footway,1151.010152239241
66440,MARSELLA,RISARALDA,rural,path,15227.06340607602
66440,MARSELLA,RISARALDA,rural,residential,7242.507519802422
66440,MARSELLA,RISARALDA,rural,secondary,19891.10175511672
66440,MARSELLA,RISARALDA,rural,service,3992.716816992961
66440,MARSELLA,RISARALDA,rural,track,87718.14834491254
66440,MARSELLA,RISARALDA,rural,unclassified,174033.64985119255
66456,MISTRATO,RISARALDA,cabecera,footway,144.4607920010966
66456,MISTRATO,RISARALDA,cabecera,residential,5502.922125186121
66456,MISTRATO,RISARALDA,cabecera,secondary,1084.7623391369245
66456,MISTRATO,RISARALDA,cabecera,service,12.765520818297503
66456,MISTRATO,RISARALDA,cabecera,tertiary,1751.9323126518807
66456,MISTRATO,RISARALDA,cabecera,unclassified,225.24672745661587
66456,MISTRATO,RISARALDA,centro_poblado,residential,2125.4567474525243
66456,MISTRATO,RISARALDA,centro_poblado,tertiary,702.3372532305946
66456,MISTRATO,RISARALDA,centro_poblado,track,103.28911623912674
66456,MISTRATO,RISARALDA,centro_poblado,unclassified,757.9089750181129
66456,MISTRATO,RISARALDA,rural,bridleway,1542.3116525498199
66456,MISTRATO,RISARALDA,rural,footway,106.09195055457621
66456,MISTRATO,RISARALDA,rural,path,21113.65102458542
66456,MISTRATO,RISARALDA,rural,residential,7426.192382626516
66456,MISTRATO,RISARALDA,rural,secondary,4295.932292905636
66456,MISTRATO,RISARALDA,rural,service,3181.282515691906
66456,MISTRATO,RISARALDA,rural,tertiary,42231.17572157283
66456,MISTRATO,RISARALDA,rural,track,11635.181933676431
66456,MISTRATO,RISARALDA,rural,unclassified,81578.67439458665
66572,PUEBLO RICO,RISARALDA,cabecera,footway,622.4601913107402
66572,PUEBLO RICO,RISARALDA,cabecera,path,52.92874624527541
66572,PUEBLO RICO,RISARALDA,cabecera,primary,1219.8816531558286
66572,PUEBLO RICO,RISARALDA,cabecera,residential,5352.145190375086
66572,PUEBLO RICO,RISARALDA,cabecera,service,19.988221235318512
66572,PUEBLO RICO,RISARALDA,cabecera,steps,39.18118098408021
66572,PUEBLO RICO,RISARALDA,cabecera,unclassified,416.39373722373176
66572,PUEBLO RICO,RISARALDA,centro_poblado,footway,50.33553486770673
66572,PUEBLO RICO,RISARALDA,centro_poblado,path,91.66510365428162
66572,PUEBLO RICO,RISARALDA,centro_poblado,primary,645.4422849349501
66572,PUEBLO RICO,RISARALDA,centro_poblado,residential,2209.7038816376203
66572,PUEBLO RICO,RISARALDA,centro_poblado,unclassified,290.6935790900837
66572,PUEBLO RICO,RISARALDA,rural,bridleway,3820.898698384976
66572,PUEBLO RICO,RISARALDA,rural,footway,1178.916235750773
66572,PUEBLO RICO,RISARALDA,rural,path,15229.376888739105
66572,PUEBLO RICO,RISARALDA,rural,primary,50576.108508000165
66572,PUEBLO RICO,RISARALDA,rural,residential,771.2234871779509
66572,PUEBLO RICO,RISARALDA,rural,service,1272.739000239624
66572,PUEBLO RICO,RISARALDA,rural,track,11864.37135403671
66572,PUEBLO RICO,RISARALDA,rural,unclassified,110598.80121017821
66594,QUINCHIA,RISARALDA,cabecera,residential,18462.469722799768
66594,QUINCHIA,RISARALDA,cabecera,service,505.9167477872652
66594,QUINCHIA,RISARALDA,cabecera,steps,97.1584738574094
66594,QUINCHIA,RISARALDA,cabecera,tertiary,1577.9080932541149
66594,QUINCHIA,RISARALDA,cabecera,unclassified,1640.209847397044
66594,QUINCHIA,RISARALDA,centro_poblado,footway,40.167566154848565
66594,QUINCHIA,RISARALDA,centro_poblado,path,39.62411289642914
66594,QUINCHIA,RISARALDA,centro_poblado,pedestrian,71.8604758627949
66594,QUINCHIA,RISARALDA,centro_poblado,residential,3862.0868696114617
66594,QUINCHIA,RISARALDA,centro_poblado,service,63.37245121256316
66594,QUINCHIA,RISARALDA,centro_poblado,tertiary,539.7644641779133
66594,QUINCHIA,RISARALDA,centro_poblado,unclassified,1085.3037825277054
66594,QUINCHIA,RISARALDA,rural,footway,94.99753143362013
66594,QUINCHIA,RISARALDA,rural,path,8422.933245350914
66594,QUINCHIA,RISARALDA,rural,primary,9686.701809673337
66594,QUINCHIA,RISARALDA,rural,residential,8061.695323398377
66594,QUINCHIA,RISARALDA,rural,service,2218.8253965308822
66594,QUINCHIA,RISARALDA,rural,steps,842.6728261993612
66594,QUINCHIA,RISARALDA,rural,tertiary,24490.102929916946
66594,QUINCHIA,RISARALDA,rural,track,11036.814356001378
66594,QUINCHIA,RISARALDA,rural,trunk,3897.8087279384645
66594,QUINCHIA,RISARALDA,rural,unclassified,184614.59984607808
66682,SANTA ROSA DE CABAL,RISARALDA,cabecera,footway,2847.735664848403
66682,SANTA ROSA DE CABAL,RISARALDA,cabecera,path,554.483388402542
66682,SANTA ROSA DE CABAL,RISARALDA,cabecera,pedestrian,286.3196676713395
66682,SANTA ROSA DE CABAL,RISARALDA,cabecera,primary,6654.861562317805
66682,SANTA ROSA DE CABAL,RISARALDA,cabecera,residential,94825.38030638226
66682,SANTA ROSA DE CABAL,RISARALDA,cabecera,secondary,2503.543956776169
66682,SANTA ROSA DE CABAL,RISARALDA,cabecera,service,14741.495533727846
66682,SANTA ROSA DE CABAL,RISARALDA,cabecera,steps,578.9280326348506
66682,SANTA ROSA DE CABAL,RISARALDA,cabecera,tertiary,486.20286681488835
66682,SANTA ROSA DE CABAL,RISARALDA,cabecera,track,127.3634674754983
66682,SANTA ROSA DE CABAL,RISARALDA,cabecera,trunk,9768.028432271312
66682,SANTA ROSA DE CABAL,RISARALDA,cabecera,unclassified,8000.575682205863
66682,SANTA ROSA DE CABAL,RISARALDA,cabecera,unknown,45.690426239564324
66682,SANTA ROSA DE CABAL,RISARALDA,centro_poblado,path,20.0313708669351
66682,SANTA ROSA DE CABAL,RISARALDA,centro_poblado,residential,1157.2126099833083
66682,SANTA ROSA DE CABAL,RISARALDA,centro_poblado,service,649.2475051794787
66682,SANTA ROSA DE CABAL,RISARALDA,centro_poblado,tertiary,873.2290491000729
66682,SANTA ROSA DE CABAL,RISARALDA,centro_poblado,track,162.11155290492442
66682,SANTA ROSA DE CABAL,RISARALDA,centro_poblado,trunk,175.6086273756768
66682,SANTA ROSA DE CABAL,RISARALDA,centro_poblado,unclassified,6201.121880228675
66682,SANTA ROSA DE CABAL,RISARALDA,rural,bridleway,40100.239742163954
66682,SANTA ROSA DE CABAL,RISARALDA,rural,footway,9145.303163215596
66682,SANTA ROSA DE CABAL,RISARALDA,rural,path,232884.08346231165
66682,SANTA ROSA DE CABAL,RISARALDA,rural,primary,1057.0061388454492
66682,SANTA ROSA DE CABAL,RISARALDA,rural,residential,20880.291427147018
66682,SANTA ROSA DE CABAL,RISARALDA,rural,service,106483.49403643477
66682,SANTA ROSA DE CABAL,RISARALDA,rural,steps,21.52434486893532
66682,SANTA ROSA DE CABAL,RISARALDA,rural,tertiary,27376.15157653783
66682,SANTA ROSA DE CABAL,RISARALDA,rural,track,114230.35458526341
66682,SANTA ROSA DE CABAL,RISARALDA,rural,trunk,15957.967740290773
66682,SANTA ROSA DE CABAL,RISARALDA,rural,unclassified,286478.6878165483
66687,SANTUARIO,RISARALDA,cabecera,footway,138.44072492805756
66687,SANTUARIO,RISARALDA,cabecera,pedestrian,299.7719500903509
66687,SANTUARIO,RISARALDA,cabecera,residential,8250.421700929921
66687,SANTUARIO,RISARALDA,cabecera,service,25.2635234517574
66687,SANTUARIO,RISARALDA,cabecera,steps,399.7603828792758
66687,SANTUARIO,RISARALDA,cabecera,tertiary,690.6823699285384
66687,SANTUARIO,RISARALDA,cabecera,unclassified,866.381511744094
66687,SANTUARIO,RISARALDA,centro_poblado,primary,1602.499047745548
66687,SANTUARIO,RISARALDA,centro_poblado,residential,1658.0902647033988
66687,SANTUARIO,RISARALDA,centro_poblado,service,79.21178911223973
66687,SANTUARIO,RISARALDA,centro_poblado,tertiary,209.7746008998095
66687,SANTUARIO,RISARALDA,centro_poblado,track,403.89192320612466
66687,SANTUARIO,RISARALDA,centro_poblado,unclassified,58.526549755989755
66687,SANTUARIO,RISARALDA,rural,footway,436.95619477346446
66687,SANTUARIO,RISARALDA,rural,path,6621.60263553798
66687,SANTUARIO,RISARALDA,rural,pedestrian,17.039075857287983
66687,SANTUARIO,RISARALDA,rural,primary,18851.083317277356
66687,SANTUARIO,RISARALDA,rural,residential,4183.9693410777945
66687,SANTUARIO,RISARALDA,rural,service,11217.746920498492
66687,SANTUARIO,RISARALDA,rural,tertiary,18539.918407901765
66687,SANTUARIO,RISARALDA,rural,track,77957.6066465507
66687,SANTUARIO,RISARALDA,rural,unclassified,178399.27025599492
68077,BARBOSA,SANTANDER,cabecera,footway,168.56020269909078
68077,BARBOSA,SANTANDER,cabecera,path,1122.9481446902535
68077,BARBOSA,SANTANDER,cabecera,pedestrian,127.34551504060593
68077,BARBOSA,SANTANDER,cabecera,primary,4397.955210512059
68077,BARBOSA,SANTANDER,cabecera,residential,46824.94304563574
68077,BARBOSA,SANTANDER,cabecera,service,1411.156824222216
68077,BARBOSA,SANTANDER,cabecera,steps,73.97295743672728
68077,BARBOSA,SANTANDER,cabecera,track,332.3270411285826
68077,BARBOSA,SANTANDER,cabecera,trunk,3993.9926960126604
68077,BARBOSA,SANTANDER,cabecera,unclassified,3999.9465676316427
68077,BARBOSA,SANTANDER,centro_poblado,footway,186.55414294367426
68077,BARBOSA,SANTANDER,centro_poblado,primary,1625.780359005842
68077,BARBOSA,SANTANDER,centro_poblado,residential,5663.5995749383455
68077,BARBOSA,SANTANDER,centro_poblado,service,658.5269905324262
68077,BARBOSA,SANTANDER,centro_poblado,steps,17.04136892098895
68077,BARBOSA,SANTANDER,centro_poblado,track,67.44173626205212
68077,BARBOSA,SANTANDER,centro_poblado,trunk,2321.361380918587
68077,BARBOSA,SANTANDER,centro_poblado,unclassified,3087.1972488203287
68077,BARBOSA,SANTANDER,rural,path,464.2621388844367
68077,BARBOSA,SANTANDER,rural,primary,4171.757263678571
68077,BARBOSA,SANTANDER,rural,residential,28205.43322475359
68077,BARBOSA,SANTANDER,rural,service,19546.31597551379
68077,BARBOSA,SANTANDER,rural,track,16737.969928456652
68077,BARBOSA,SANTANDER,rural,trunk,5326.169556334339
68077,BARBOSA,SANTANDER,rural,unclassified,91932.26768762137
68101,BOLIVAR,SANTANDER,cabecera,path,127.74929925018893
68101,BOLIVAR,SANTANDER,cabecera,residential,2780.32351361562
68101,BOLIVAR,SANTANDER,cabecera,secondary,1229.837161534927
68101,BOLIVAR,SANTANDER,cabecera,steps,118.31905762106013
68101,BOLIVAR,SANTANDER,cabecera,tertiary,602.4072551179004
68101,BOLIVAR,SANTANDER,cabecera,unclassified,225.49128665614157
68101,BOLIVAR,SANTANDER,centro_poblado,residential,1194.2978390378412
68101,BOLIVAR,SANTANDER,centro_poblado,service,96.82199381527383
68101,BOLIVAR,SANTANDER,centro_poblado,tertiary,57.83767492703847
68101,BOLIVAR,SANTANDER,centro_poblado,unclassified,852.1146712535539
68101,BOLIVAR,SANTANDER,rural,bridleway,213.66720051242137
68101,BOLIVAR,SANTANDER,rural,path,2461.523732132771
68101,BOLIVAR,SANTANDER,rural,residential,2484.938524894904
68101,BOLIVAR,SANTANDER,rural,secondary,21996.19736798515
68101,BOLIVAR,SANTANDER,rural,service,3374.5297842893656
68101,BOLIVAR,SANTANDER,rural,steps,22.00189159570117
68101,BOLIVAR,SANTANDER,rural,tertiary,29015.037214717122
68101,BOLIVAR,SANTANDER,rural,track,38720.31030898062
68101,BOLIVAR,SANTANDER,rural,trunk,8456.923309451402
68101,BOLIVAR,SANTANDER,rural,unclassified,318305.31603361695
68167,CHARALA,SANTANDER,cabecera,cycleway,158.50178158114934
68167,CHARALA,SANTANDER,cabecera,footway,2061.320014021109
68167,CHARALA,SANTANDER,cabecera,path,106.35518746935615
68167,CHARALA,SANTANDER,cabecera,pedestrian,97.08051838381417
68167,CHARALA,SANTANDER,cabecera,residential,15010.090954667503
68167,CHARALA,SANTANDER,cabecera,service,697.983747931048
68167,CHARALA,SANTANDER,cabecera,steps,77.27855055211928
68167,CHARALA,SANTANDER,cabecera,tertiary,4700.9889904973625
68167,CHARALA,SANTANDER,cabecera,track,35.97206944968905
68167,CHARALA,SANTANDER,cabecera,unclassified,398.0626549813562
68167,CHARALA,SANTANDER,centro_poblado,residential,1098.655822247163
68167,CHARALA,SANTANDER,centro_poblado,tertiary,675.8420947658346
68167,CHARALA,SANTANDER,rural,bridleway,2934.7407626754793
68167,CHARALA,SANTANDER,rural,footway,826.5544050690388
68167,CHARALA,SANTANDER,rural,path,5274.962445573276
68167,CHARALA,SANTANDER,rural,residential,2786.121009859808
68167,CHARALA,SANTANDER,rural,secondary,10376.563620150262
68167,CHARALA,SANTANDER,rural,service,2365.950047298128
68167,CHARALA,SANTANDER,rural,tertiary,63763.82438353427
68167,CHARALA,SANTANDER,rural,track,29098.199260318383
68167,CHARALA,SANTANDER,rural,unclassified,199574.94529444995
68190,CIMITARRA,SANTANDER,cabecera,path,219.45303726738663
68190,CIMITARRA,SANTANDER,cabecera,primary,2872.558687443482
68190,CIMITARRA,SANTANDER,cabecera,residential,31662.79624967696
68190,CIMITARRA,SANTANDER,cabecera,service,731.3031479553484
68190,CIMITARRA,SANTANDER,cabecera,steps,35.58091979341484
68190,CIMITARRA,SANTANDER,cabecera,track,23.719066290388334
68190,CIMITARRA,SANTANDER,cabecera,unclassified,2637.3557600068293
68190,CIMITARRA,SANTANDER,centro_poblado,footway,69.18690290061429
68190,CIMITARRA,SANTANDER,centro_poblado,primary,1188.651029654301
68190,CIMITARRA,SANTANDER,centro_poblado,residential,8432.325093148653
68190,CIMITARRA,SANTANDER,centro_poblado,service,34.48502491416433
68190,CIMITARRA,SANTANDER,centro_poblado,trunk,467.10700620370835
68190,CIMITARRA,SANTANDER,centro_poblado,unclassified,3617.095622169277
68190,CIMITARRA,SANTANDER,rural,footway,444.5886021561651
68190,CIMITARRA,SANTANDER,rural,path,1137.7000961556057
68190,CIMITARRA,SANTANDER,rural,primary,39526.294398321275
68190,CIMITARRA,SANTANDER,rural,residential,26791.597153232175
68190,CIMITARRA,SANTANDER,rural,service,28062.907451066734
68190,CIMITARRA,SANTANDER,rural,track,221896.14050322698
68190,CIMITARRA,SANTANDER,rural,trunk,115888.10267851323
68190,CIMITARRA,SANTANDER,rural,unclassified,663684.3719786903
68190,CIMITARRA,SANTANDER,rural,unknown,7590.440999392289
68217,COROMORO,SANTANDER,cabecera,footway,289.70731677275325
68217,COROMORO,SANTANDER,cabecera,path,70.52109434215596
68217,COROMORO,SANTANDER,cabecera,pedestrian,106.27792364112294
68217,COROMORO,SANTANDER,cabecera,residential,2713.493480512011
68217,COROMORO,SANTANDER,cabecera,service,219.04971532872275
68217,COROMORO,SANTANDER,cabecera,tertiary,192.26695151227776
68217,COROMORO,SANTANDER,cabecera,unclassified,121.46557606596261
68217,COROMORO,SANTANDER,centro_poblado,footway,151.29281826662788
68217,COROMORO,SANTANDER,centro_poblado,residential,1627.8617815368193
68217,COROMORO,SANTANDER,centro_poblado,tertiary,235.60812021790434
68217,COROMORO,SANTANDER,centro_poblado,unclassified,54.49808357057134
68217,COROMORO,SANTANDER,rural,bridleway,10636.81598874132
68217,COROMORO,SANTANDER,rural,path,9808.610008737114
68217,COROMORO,SANTANDER,rural,residential,6206.872918598751
68217,COROMORO,SANTANDER,rural,service,1721.7933727188963
68217,COROMORO,SANTANDER,rural,tertiary,9321.317311256462
68217,COROMORO,SANTANDER,rural,track,6650.981457205189
68217,COROMORO,SANTANDER,rural,unclassified,129051.32064870629
68229,CURITI,SANTANDER,cabecera,footway,77.75734043359553
68229,CURITI,SANTANDER,cabecera,path,113.68166991860336
68229,CURITI,SANTANDER,cabecera,residential,10560.016203369438
68229,CURITI,SANTANDER,cabecera,secondary,193.94583598722505
68229,CURITI,SANTANDER,cabecera,service,59.4997146831374
68229,CURITI,SANTANDER,cabecera,tertiary,1489.3981179528146
68229,CURITI,SANTANDER,cabecera,unclassified,1010.437448988086
68229,CURITI,SANTANDER,rural,path,5249.3635793166995
68229,CURITI,SANTANDER,rural,residential,17601.184992511615
68229,CURITI,SANTANDER,rural,secondary,1948.2092602433365
68229,CURITI,SANTANDER,rural,service,24170.270151291326
68229,CURITI,SANTANDER,rural,tertiary,17298.614497120776
68229,CURITI,SANTANDER,rural,track,13370.795456614227
68229,CURITI,SANTANDER,rural,trunk,14398.635568664562
68229,CURITI,SANTANDER,rural,unclassified,268462.47351946164
68235,EL CARMEN,SANTANDER,cabecera,footway,123.52261680463616
68235,EL CARMEN,SANTANDER,cabecera,path,525.6478617187527
68235,EL CARMEN,SANTANDER,cabecera,residential,3230.273573504447
68235,EL CARMEN,SANTANDER,cabecera,tertiary,1280.2140057287972
68235,EL CARMEN,SANTANDER,cabecera,unclassified,7.8849552738526345
68235,EL CARMEN,SANTANDER,centro_poblado,residential,2122.8573868922194
68235,EL CARMEN,SANTANDER,centro_poblado,track,158.90704743736532
68235,EL CARMEN,SANTANDER,centro_poblado,unclassified,749.0413022891103
68235,EL CARMEN,SANTANDER,rural,bridleway,12357.362550916114
68235,EL CARMEN,SANTANDER,rural,path,117396.85901809133
68235,EL CARMEN,SANTANDER,rural,residential,5574.115663487304
68235,EL CARMEN,SANTANDER,rural,service,2157.199227735481
68235,EL CARMEN,SANTANDER,rural,tertiary,38979.492431857245
68235,EL CARMEN,SANTANDER,rural,track,41708.02063574579
68235,EL CARMEN,SANTANDER,rural,unclassified,260847.1619305368
68255,EL PLAYON,SANTANDER,cabecera,footway,330.3575363505666
68255,EL PLAYON,SANTANDER,cabecera,path,22.82685090223552
68255,EL PLAYON,SANTANDER,cabecera,residential,9755.581192522848
68255,EL PLAYON,SANTANDER,cabecera,service,1697.732059586224
68255,EL PLAYON,SANTANDER,cabecera,trunk,1289.8491847483972
68255,EL PLAYON,SANTANDER,cabecera,unclassified,41.70901757897513
68255,EL PLAYON,SANTANDER,centro_poblado,residential,3046.1161704640726
68255,EL PLAYON,SANTANDER,centro_poblado,service,20.44742924932085
68255,EL PLAYON,SANTANDER,centro_poblado,track,17.10289719911057
68255,EL PLAYON,SANTANDER,centro_poblado,trunk,887.4206299623654
68255,EL PLAYON,SANTANDER,centro_poblado,unclassified,292.5797190842571
68255,EL PLAYON,SANTANDER,rural,bridleway,2136.9956260181266
68255,EL PLAYON,SANTANDER,rural,footway,33.30538135025526
68255,EL PLAYON,SANTANDER,rural,path,3766.2395902472267
68255,EL PLAYON,SANTANDER,rural,residential,4387.437149909093
68255,EL PLAYON,SANTANDER,rural,service,12944.394160852855
68255,EL PLAYON,SANTANDER,rural,track,15151.792526517658
68255,EL PLAYON,SANTANDER,rural,trunk,20608.402605048283
68255,EL PLAYON,SANTANDER,rural,unclassified,232923.09718542616
68385,LANDAZURI,SANTANDER,cabecera,footway,65.1785014496865
68385,LANDAZURI,SANTANDER,cabecera,primary,1815.6017838862062
68385,LANDAZURI,SANTANDER,cabecera,residential,6714.866272125723
68385,LANDAZURI,SANTANDER,cabecera,service,150.19249620278873
68385,LANDAZURI,SANTANDER,cabecera,track,118.0102987620449
68385,LANDAZURI,SANTANDER,cabecera,unclassified,304.7365802594501
68385,LANDAZURI,SANTANDER,centro_poblado,primary,323.5291844564258
68385,LANDAZURI,SANTANDER,centro_poblado,residential,2273.0527077675188
68385,LANDAZURI,SANTANDER,centro_poblado,track,135.2360173623564
68385,LANDAZURI,SANTANDER,centro_poblado,unclassified,425.75999001186364
68385,LANDAZURI,SANTANDER,rural,path,1130.0777528561612
68385,LANDAZURI,SANTANDER,rural,primary,32070.772640631294
68385,LANDAZURI,SANTANDER,rural,residential,7933.642700301797
68385,LANDAZURI,SANTANDER,rural,service,1713.7921852460377
68385,LANDAZURI,SANTANDER,rural,track,38188.69037029963
68385,LANDAZURI,SANTANDER,rural,unclassified,210586.68269502366
68406,LEBRIJA,SANTANDER,cabecera,bridleway,35.97799768578578
68406,LEBRIJA,SANTANDER,cabecera,footway,474.60927660426415
68406,LEBRIJA,SANTANDER,cabecera,path,127.68101386504496
68406,LEBRIJA,SANTANDER,cabecera,residential,27212.09961231731
68406,LEBRIJA,SANTANDER,cabecera,service,3300.9335785571375
68406,LEBRIJA,SANTANDER,cabecera,steps,45.25240915948933
68406,LEBRIJA,SANTANDER,cabecera,tertiary,4490.934826309651
68406,LEBRIJA,SANTANDER,cabecera,track,402.8648060206897
68406,LEBRIJA,SANTANDER,cabecera,trunk,5566.449249103048
68406,LEBRIJA,SANTANDER,cabecera,unclassified,3659.3761457125415
68406,LEBRIJA,SANTANDER,centro_poblado,residential,2894.2981767070924
68406,LEBRIJA,SANTANDER,centro_poblado,tertiary,1540.2644259861906
68406,LEBRIJA,SANTANDER,centro_poblado,trunk,319.7263354664617
68406,LEBRIJA,SANTANDER,centro_poblado,unclassified,186.31856498507963
68406,LEBRIJA,SANTANDER,rural,bridleway,13858.940186255604
68406,LEBRIJA,SANTANDER,rural,cycleway,93.0645030311222
68406,LEBRIJA,SANTANDER,rural,footway,4239.780250616048
68406,LEBRIJA,SANTANDER,rural,path,1977.7389896640832
68406,LEBRIJA,SANTANDER,rural,residential,43536.15385516642
68406,LEBRIJA,SANTANDER,rural,secondary,10142.589975074712
68406,LEBRIJA,SANTANDER,rural,service,327513.06301608897
68406,LEBRIJA,SANTANDER,rural,steps,7.062977261015521
68406,LEBRIJA,SANTANDER,rural,tertiary,57536.853409505886
68406,LEBRIJA,SANTANDER,rural,track,148078.59572784172
68406,LEBRIJA,SANTANDER,rural,trunk,54075.413720535056
68406,LEBRIJA,SANTANDER,rural,unclassified,525626.1918141962
68406,LEBRIJA,SANTANDER,rural,unknown,4548.049280079577
68418,LOS SANTOS,SANTANDER,cabecera,bridleway,152.39628124951224
68418,LOS SANTOS,SANTANDER,cabecera,path,445.66485405095125
68418,LOS SANTOS,SANTANDER,cabecera,pedestrian,194.65589779369614
68418,LOS SANTOS,SANTANDER,cabecera,residential,4093.505523194069
68418,LOS SANTOS,SANTANDER,cabecera,steps,10.384655922040277
68418,LOS SANTOS,SANTANDER,cabecera,tertiary,559.4020426701666
68418,LOS SANTOS,SANTANDER,cabecera,track,234.04879899453144
68418,LOS SANTOS,SANTANDER,cabecera,unclassified,727.6509822634829
68418,LOS SANTOS,SANTANDER,centro_poblado,footway,88.7197013613519
68418,LOS SANTOS,SANTANDER,centro_poblado,residential,872.4123400885659
68418,LOS SANTOS,SANTANDER,centro_poblado,service,339.3679899187207
68418,LOS SANTOS,SANTANDER,rural,bridleway,5105.596254502886
68418,LOS SANTOS,SANTANDER,rural,footway,4406.710079633444
68418,LOS SANTOS,SANTANDER,rural,path,44573.68239218822
68418,LOS SANTOS,SANTANDER,rural,pedestrian,161.51975122082956
68418,LOS SANTOS,SANTANDER,rural,residential,132349.46193571197
68418,LOS SANTOS,SANTANDER,rural,service,27543.62439312834
68418,LOS SANTOS,SANTANDER,rural,steps,7.757612252323182
68418,LOS SANTOS,SANTANDER,rural,tertiary,19578.645886285427
68418,LOS SANTOS,SANTANDER,rural,track,27615.101471025664
68418,LOS SANTOS,SANTANDER,rural,unclassified,318762.9216647967
68432,MALAGA,SANTANDER,cabecera,footway,1264.5641905821694
68432,MALAGA,SANTANDER,cabecera,path,464.0699566380262
68432,MALAGA,SANTANDER,cabecera,pedestrian,124.82249026224585
68432,MALAGA,SANTANDER,cabecera,primary,1510.3003432401931
68432,MALAGA,SANTANDER,cabecera,residential,31114.40812839655
68432,MALAGA,SANTANDER,cabecera,service,539.3097063376478
68432,MALAGA,SANTANDER,cabecera,steps,41.800393938713285
68432,MALAGA,SANTANDER,cabecera,track,52.71818396692963
68432,MALAGA,SANTANDER,cabecera,trunk,4696.823169297538
68432,MALAGA,SANTANDER,cabecera,unclassified,477.2046174498803
68432,MALAGA,SANTANDER,centro_poblado,primary,286.1363805956835
68432,MALAGA,SANTANDER,rural,bridleway,267.4681163484157
68432,MALAGA,SANTANDER,rural,path,9794.422145741764
68432,MALAGA,SANTANDER,rural,primary,8945.31065994813
68432,MALAGA,SANTANDER,rural,residential,5017.8786864800495
68432,MALAGA,SANTANDER,rural,service,2333.5653657522057
68432,MALAGA,SANTANDER,rural,track,1822.440811102278
68432,MALAGA,SANTANDER,rural,trunk,5780.732333193597
68432,MALAGA,SANTANDER,rural,unclassified,65149.29617309163
68464,MOGOTES,SANTANDER,cabecera,path,209.98414318411622
68464,MOGOTES,SANTANDER,cabecera,residential,11108.613673135193
68464,MOGOTES,SANTANDER,cabecera,secondary,1386.0721501214598
68464,MOGOTES,SANTANDER,cabecera,service,563.9691416776279
68464,MOGOTES,SANTANDER,cabecera,unclassified,395.7518291270611
68464,MOGOTES,SANTANDER,centro_poblado,residential,152.70685547788858
68464,MOGOTES,SANTANDER,centro_poblado,unclassified,748.9644155427475
68464,MOGOTES,SANTANDER,rural,bridleway,6900.8427499815
68464,MOGOTES,SANTANDER,rural,path,4662.222821266838
68464,MOGOTES,SANTANDER,rural,residential,6715.305485069468
68464,MOGOTES,SANTANDER,rural,secondary,27884.30984686918
68464,MOGOTES,SANTANDER,rural,service,6314.490345725371
68464,MOGOTES,SANTANDER,rural,track,49722.90232346281
68464,MOGOTES,SANTANDER,rural,unclassified,199632.58351938982
68500,OIBA,SANTANDER,cabecera,residential,12643.345495602507
68500,OIBA,SANTANDER,cabecera,service,680.8017902264417
68500,OIBA,SANTANDER,cabecera,tertiary,398.95594999910725
68500,OIBA,SANTANDER,cabecera,trunk,1463.4835249413425
68500,OIBA,SANTANDER,cabecera,unclassified,543.4471653201988
68500,OIBA,SANTANDER,centro_poblado,trunk,289.90056397132906
68500,OIBA,SANTANDER,centro_poblado,unclassified,153.49707567129883
68500,OIBA,SANTANDER,rural,path,686.1321476780528
68500,OIBA,SANTANDER,rural,residential,10690.845410424932
68500,OIBA,SANTANDER,rural,service,29035.77092246847
68500,OIBA,SANTANDER,rural,tertiary,9767.656369017885
68500,OIBA,SANTANDER,rural,track,31774.284234203667
68500,OIBA,SANTANDER,rural,trunk,19725.504045083966
68500,OIBA,SANTANDER,rural,unclassified,263839.7681312144
68572,PUENTE NACIONAL,SANTANDER,cabecera,footway,283.7519648610595
68572,PUENTE NACIONAL,SANTANDER,cabecera,path,175.09711720864988
68572,PUENTE NACIONAL,SANTANDER,cabecera,residential,11590.53348078032
68572,PUENTE NACIONAL,SANTANDER,cabecera,secondary,566.5680693926806
68572,PUENTE NACIONAL,SANTANDER,cabecera,service,733.7845343432025
68572,PUENTE NACIONAL,SANTANDER,cabecera,tertiary,3774.351053886811
68572,PUENTE NACIONAL,SANTANDER,cabecera,track,105.86012737610388
68572,PUENTE NACIONAL,SANTANDER,cabecera,unclassified,1797.1711072261244
68572,PUENTE NACIONAL,SANTANDER,centro_poblado,residential,546.6226171917177
68572,PUENTE NACIONAL,SANTANDER,centro_poblado,service,442.05109295679824
68572,PUENTE NACIONAL,SANTANDER,centro_poblado,track,0.08100070188377384
68572,PUENTE NACIONAL,SANTANDER,centro_poblado,unclassified,3058.304749240456
68572,PUENTE NACIONAL,SANTANDER,rural,path,20867.716689289122
68572,PUENTE NACIONAL,SANTANDER,rural,residential,10824.183414762816
68572,PUENTE NACIONAL,SANTANDER,rural,secondary,17360.268980544155
68572,PUENTE NACIONAL,SANTANDER,rural,service,30856.105465950004
68572,PUENTE NACIONAL,SANTANDER,rural,tertiary,1250.8483425354455
68572,PUENTE NACIONAL,SANTANDER,rural,track,70967.3551975801
68572,PUENTE NACIONAL,SANTANDER,rural,trunk,24234.907725062523
68572,PUENTE NACIONAL,SANTANDER,rural,unclassified,325194.60787859856
68575,PUERTO WILCHES,SANTANDER,cabecera,residential,37568.08847325608
68575,PUERTO WILCHES,SANTANDER,cabecera,secondary,2251.7668768472276
68575,PUERTO WILCHES,SANTANDER,cabecera,service,68.16532832240841
68575,PUERTO WILCHES,SANTANDER,cabecera,tertiary,2253.2148633218685
68575,PUERTO WILCHES,SANTANDER,cabecera,track,414.14970313032813
68575,PUERTO WILCHES,SANTANDER,cabecera,unclassified,973.2252337634998
68575,PUERTO WILCHES,SANTANDER,centro_poblado,path,431.971656456459
68575,PUERTO WILCHES,SANTANDER,centro_poblado,pedestrian,247.60455748424704
68575,PUERTO WILCHES,SANTANDER,centro_poblado,residential,39969.71512547321
68575,PUERTO WILCHES,SANTANDER,centro_poblado,secondary,2384.7790743538176
68575,PUERTO WILCHES,SANTANDER,centro_poblado,service,246.09868972544263
68575,PUERTO WILCHES,SANTANDER,centro_poblado,track,268.9010848602168
68575,PUERTO WILCHES,SANTANDER,centro_poblado,unclassified,1746.2340910725206
68575,PUERTO WILCHES,SANTANDER,rural,path,5.145691951116991
68575,PUERTO WILCHES,SANTANDER,rural,pedestrian,104.63822820565375
68575,PUERTO WILCHES,SANTANDER,rural,residential,14451.132786111386
68575,PUERTO WILCHES,SANTANDER,rural,secondary,70728.71751011543
68575,PUERTO WILCHES,SANTANDER,rural,service,4117.217525838981
68575,PUERTO WILCHES,SANTANDER,rural,track,400440.4383592673
68575,PUERTO WILCHES,SANTANDER,rural,unclassified,381601.0706164559
68655,SABANA DE TORRES,SANTANDER,cabecera,cycleway,602.3428946913916
68655,SABANA DE TORRES,SANTANDER,cabecera,residential,70349.63360690695
68655,SABANA DE TORRES,SANTANDER,cabecera,service,1091.0979119527226
68655,SABANA DE TORRES,SANTANDER,cabecera,tertiary,9930.074315807715
68655,SABANA DE TORRES,SANTANDER,cabecera,unclassified,2011.008311109837
68655,SABANA DE TORRES,SANTANDER,centro_poblado,residential,8319.957361447236
68655,SABANA DE TORRES,SANTANDER,centro_poblado,service,317.8686790723663
68655,SABANA DE TORRES,SANTANDER,centro_poblado,tertiary,2167.834525964529
68655,SABANA DE TORRES,SANTANDER,centro_poblado,track,249.41294038305242
68655,SABANA DE TORRES,SANTANDER,centro_poblado,trunk,704.042280985964
68655,SABANA DE TORRES,SANTANDER,centro_poblado,unclassified,2429.122460026651
68655,SABANA DE TORRES,SANTANDER,centro_poblado,unknown,170.2043692226394
68655,SABANA DE TORRES,SANTANDER,rural,bridleway,9922.983177559043
68655,SABANA DE TORRES,SANTANDER,rural,cycleway,3760.111941396455
68655,SABANA DE TORRES,SANTANDER,rural,residential,13233.11321611127
68655,SABANA DE TORRES,SANTANDER,rural,secondary,2463.7585930664695
68655,SABANA DE TORRES,SANTANDER,rural,service,71626.89199139521
68655,SABANA DE TORRES,SANTANDER,rural,tertiary,47210.94633106151
68655,SABANA DE TORRES,SANTANDER,rural,track,167161.62995950397
68655,SABANA DE TORRES,SANTANDER,rural,trunk,67325.11402295527
68655,SABANA DE TORRES,SANTANDER,rural,unclassified,822299.9396126649
68655,SABANA DE TORRES,SANTANDER,rural,unknown,1198.9929276441221
68669,SAN ANDRES,SANTANDER,cabecera,primary,1489.7651252846656
68669,SAN ANDRES,SANTANDER,cabecera,residential,7805.235921574511
68669,SAN ANDRES,SANTANDER,cabecera,unclassified,71.26488012511517
68669,SAN ANDRES,SANTANDER,centro_poblado,footway,193.70413549898166
68669,SAN ANDRES,SANTANDER,centro_poblado,residential,2602.1585177858365
68669,SAN ANDRES,SANTANDER,centro_poblado,track,256.2887532115411
68669,SAN ANDRES,SANTANDER,centro_poblado,unclassified,143.46261971813425
68669,SAN ANDRES,SANTANDER,rural,footway,37.6097964057166
68669,SAN ANDRES,SANTANDER,rural,path,5366.061030888146
68669,SAN ANDRES,SANTANDER,rural,primary,26941.472295431944
68669,SAN ANDRES,SANTANDER,rural,residential,2731.6098965437777
68669,SAN ANDRES,SANTANDER,rural,service,2067.257580144781
68669,SAN ANDRES,SANTANDER,rural,track,9513.66394100802
68669,SAN ANDRES,SANTANDER,rural,unclassified,163037.37301975468
68679,SAN GIL,SANTANDER,cabecera,footway,5524.0923785508985
68679,SAN GIL,SANTANDER,cabecera,path,547.4110599873053
68679,SAN GIL,SANTANDER,cabecera,pedestrian,4244.289029774213
68679,SAN GIL,SANTANDER,cabecera,residential,87473.60474569631
68679,SAN GIL,SANTANDER,cabecera,secondary,7603.115513183801
68679,SAN GIL,SANTANDER,cabecera,service,5787.84772831722
68679,SAN GIL,SANTANDER,cabecera,steps,239.2270437080487
68679,SAN GIL,SANTANDER,cabecera,tertiary,11732.772991648197
68679,SAN GIL,SANTANDER,cabecera,trunk,4888.286493464929
68679,SAN GIL,SANTANDER,cabecera,unclassified,5624.87187729754
68679,SAN GIL,SANTANDER,rural,footway,233.63429860596486
68679,SAN GIL,SANTANDER,rural,path,7002.013244726302
68679,SAN GIL,SANTANDER,rural,pedestrian,31.619865264101794
68679,SAN GIL,SANTANDER,rural,residential,21938.396650907343
68679,SAN GIL,SANTANDER,rural,secondary,31289.722349746527
68679,SAN GIL,SANTANDER,rural,service,24641.241667577015
68679,SAN GIL,SANTANDER,rural,tertiary,712.6939081511025
68679,SAN GIL,SANTANDER,rural,track,27046.909273498997
68679,SAN GIL,SANTANDER,rural,trunk,3068.768253417777
68679,SAN GIL,SANTANDER,rural,unclassified,258538.5699800412
68679,SAN GIL,SANTANDER,rural,unknown,1446.782063916799
68689,SAN VICENTE DE CHUCURI,SANTANDER,cabecera,footway,294.5685315889293
68689,SAN VICENTE DE CHUCURI,SANTANDER,cabecera,path,81.08651091583636
68689,SAN VICENTE DE CHUCURI,SANTANDER,cabecera,residential,21078.625245021485
68689,SAN VICENTE DE CHUCURI,SANTANDER,cabecera,secondary,4204.217718496511
68689,SAN VICENTE DE CHUCURI,SANTANDER,cabecera,service,47.98842147779598
68689,SAN VICENTE DE CHUCURI,SANTANDER,cabecera,steps,331.82520266135555
68689,SAN VICENTE DE CHUCURI,SANTANDER,cabecera,track,300.65632098511475
68689,SAN VICENTE DE CHUCURI,SANTANDER,cabecera,unclassified,1621.4568256825921
68689,SAN VICENTE DE CHUCURI,SANTANDER,centro_poblado,residential,11684.690070865221
68689,SAN VICENTE DE CHUCURI,SANTANDER,centro_poblado,secondary,665.5799199087015
68689,SAN VICENTE DE CHUCURI,SANTANDER,centro_poblado,service,167.34877374124042
68689,SAN VICENTE DE CHUCURI,SANTANDER,centro_poblado,tertiary,2477.329230829297
68689,SAN VICENTE DE CHUCURI,SANTANDER,centro_poblado,track,117.93420692896092
68689,SAN VICENTE DE CHUCURI,SANTANDER,centro_poblado,unclassified,179.0924853901078
68689,SAN VICENTE DE CHUCURI,SANTANDER,rural,bridleway,13003.43892323045
68689,SAN VICENTE DE CHUCURI,SANTANDER,rural,footway,14.166546381964652
68689,SAN VICENTE DE CHUCURI,SANTANDER,rural,path,14575.479487289002
68689,SAN VICENTE DE CHUCURI,SANTANDER,rural,residential,20126.578425582444
68689,SAN VICENTE DE CHUCURI,SANTANDER,rural,secondary,69026.16099292526
68689,SAN VICENTE DE CHUCURI,SANTANDER,rural,service,24730.940666106395
68689,SAN VICENTE DE CHUCURI,SANTANDER,rural,tertiary,51551.31019063303
68689,SAN VICENTE DE CHUCURI,SANTANDER,rural,track,33313.761259861785
68689,SAN VICENTE DE CHUCURI,SANTANDER,rural,trunk,7818.702528360414
68689,SAN VICENTE DE CHUCURI,SANTANDER,rural,unclassified,620857.3541389478
68755,SOCORRO,SANTANDER,cabecera,footway,1813.374996230713
68755,SOCORRO,SANTANDER,cabecera,path,360.16353562840783
68755,SOCORRO,SANTANDER,cabecera,pedestrian,379.20527257236284
68755,SOCORRO,SANTANDER,cabecera,residential,56862.50216477601
68755,SOCORRO,SANTANDER,cabecera,service,2277.010961767436
68755,SOCORRO,SANTANDER,cabecera,tertiary,2849.6904740695795
68755,SOCORRO,SANTANDER,cabecera,track,468.45829927712094
68755,SOCORRO,SANTANDER,cabecera,trunk,4973.906388471188
68755,SOCORRO,SANTANDER,cabecera,unclassified,2750.4041033803287
68755,SOCORRO,SANTANDER,centro_poblado,trunk,398.9920422938546
68755,SOCORRO,SANTANDER,centro_poblado,unclassified,120.20239807884315
68755,SOCORRO,SANTANDER,rural,residential,18621.796314534207
68755,SOCORRO,SANTANDER,rural,service,20526.69289135704
68755,SOCORRO,SANTANDER,rural,tertiary,22272.652342337893
68755,SOCORRO,SANTANDER,rural,track,5185.572777290961
68755,SOCORRO,SANTANDER,rural,trunk,12263.853055673138
68755,SOCORRO,SANTANDER,rural,unclassified,165467.1218463065
68770,SUAITA,SANTANDER,cabecera,footway,505.5659602473534
68770,SUAITA,SANTANDER,cabecera,residential,4774.457532185708
68770,SUAITA,SANTANDER,cabecera,secondary,1663.8835334596442
68770,SUAITA,SANTANDER,cabecera,service,81.09377099034381
68770,SUAITA,SANTANDER,cabecera,tertiary,600.3285370317697
68770,SUAITA,SANTANDER,cabecera,track,277.96913634867104
68770,SUAITA,SANTANDER,cabecera,unclassified,579.0123006042259
68770,SUAITA,SANTANDER,centro_poblado,residential,6204.9353520965005
68770,SUAITA,SANTANDER,centro_poblado,secondary,218.52064448301775
68770,SUAITA,SANTANDER,centro_poblado,service,246.3380231720809
68770,SUAITA,SANTANDER,centro_poblado,steps,92.4378580986833
68770,SUAITA,SANTANDER,centro_poblado,tertiary,1264.7286651536845
68770,SUAITA,SANTANDER,centro_poblado,track,129.73132248795156
68770,SUAITA,SANTANDER,centro_poblado,trunk,2353.3759975078688
68770,SUAITA,SANTANDER,centro_poblado,unclassified,1030.4464603656695
68770,SUAITA,SANTANDER,rural,path,2502.9238947621434
68770,SUAITA,SANTANDER,rural,residential,14502.085593648962
68770,SUAITA,SANTANDER,rural,secondary,18624.425168969894
68770,SUAITA,SANTANDER,rural,service,22237.77701931049
68770,SUAITA,SANTANDER,rural,tertiary,11973.697380553931
68770,SUAITA,SANTANDER,rural,track,36889.1808327525
68770,SUAITA,SANTANDER,rural,trunk,13999.409291917447
68770,SUAITA,SANTANDER,rural,unclassified,248243.1011990382
68773,SUCRE,SANTANDER,cabecera,residential,797.3723820109406
68773,SUCRE,SANTANDER,cabecera,secondary,1094.5670435246693
68773,SUCRE,SANTANDER,cabecera,service,98.87092590277858
68773,SUCRE,SANTANDER,cabecera,steps,33.49997524911561
68773,SUCRE,SANTANDER,cabecera,tertiary,413.50744405428327
68773,SUCRE,SANTANDER,cabecera,unclassified,274.77252191960645
68773,SUCRE,SANTANDER,centro_poblado,residential,6023.285243254453
68773,SUCRE,SANTANDER,centro_poblado,tertiary,487.8794179747782
68773,SUCRE,SANTANDER,centro_poblado,track,167.7806573073376
68773,SUCRE,SANTANDER,centro_poblado,unclassified,1352.5454782135198
68773,SUCRE,SANTANDER,rural,bridleway,3442.3941337647248
68773,SUCRE,SANTANDER,rural,footway,1668.7874732031714
68773,SUCRE,SANTANDER,rural,path,333.4672195938234
68773,SUCRE,SANTANDER,rural,pedestrian,301.7079462562084
68773,SUCRE,SANTANDER,rural,residential,1741.6454871529304
68773,SUCRE,SANTANDER,rural,secondary,8613.870268494275
68773,SUCRE,SANTANDER,rural,service,541.2997721694691
68773,SUCRE,SANTANDER,rural,steps,74.71279797009623
68773,SUCRE,SANTANDER,rural,tertiary,31853.78739631987
68773,SUCRE,SANTANDER,rural,track,52627.73310666226
68773,SUCRE,SANTANDER,rural,unclassified,192334.5926637631
68820,TONA,SANTANDER,cabecera,residential,1613.6332495023275
68820,TONA,SANTANDER,cabecera,tertiary,855.7851575402785
68820,TONA,SANTANDER,cabecera,unclassified,112.21127576242557
68820,TONA,SANTANDER,centro_poblado,residential,1274.676977962209
68820,TONA,SANTANDER,centro_poblado,service,110.27815118618892
68820,TONA,SANTANDER,centro_poblado,tertiary,544.4951943851626
68820,TONA,SANTANDER,centro_poblado,trunk,1720.9412009361731
68820,TONA,SANTANDER,centro_poblado,unclassified,1534.3126193115497
68820,TONA,SANTANDER,rural,bridleway,3542.327784241118
68820,TONA,SANTANDER,rural,footway,5151.4369105305095
68820,TONA,SANTANDER,rural,path,17032.178241940463
68820,TONA,SANTANDER,rural,residential,16525.01912125679
68820,TONA,SANTANDER,rural,service,18176.36527777821
68820,TONA,SANTANDER,rural,tertiary,46443.04832278437
68820,TONA,SANTANDER,rural,track,42106.08623950514
68820,TONA,SANTANDER,rural,trunk,31532.061464267084
68820,TONA,SANTANDER,rural,unclassified,292331.3116683059
68861,VELEZ,SANTANDER,cabecera,footway,1843.852062476923
68861,VELEZ,SANTANDER,cabecera,path,1374.3133320367751
68861,VELEZ,SANTANDER,cabecera,pedestrian,609.650584057905
68861,VELEZ,SANTANDER,cabecera,primary,2365.340339993845
68861,VELEZ,SANTANDER,cabecera,residential,17927.202725800806
68861,VELEZ,SANTANDER,cabecera,secondary,2777.8614087656492
68861,VELEZ,SANTANDER,cabecera,service,5766.852888897206
68861,VELEZ,SANTANDER,cabecera,steps,771.1623970644073
68861,VELEZ,SANTANDER,cabecera,tertiary,4579.782294987484
68861,VELEZ,SANTANDER,cabecera,track,231.69315739597232
68861,VELEZ,SANTANDER,cabecera,unclassified,2044.0398245840313
68861,VELEZ,SANTANDER,centro_poblado,path,18.358367677167568
68861,VELEZ,SANTANDER,centro_poblado,primary,4124.240376689971
68861,VELEZ,SANTANDER,centro_poblado,residential,271.3221238371335
68861,VELEZ,SANTANDER,centro_poblado,secondary,182.8266551694904
68861,VELEZ,SANTANDER,centro_poblado,service,641.4840805731901
68861,VELEZ,SANTANDER,centro_poblado,track,277.6597177120579
68861,VELEZ,SANTANDER,centro_poblado,unclassified,4277.8444430726995
68861,VELEZ,SANTANDER,rural,footway,849.7637245336161
68861,VELEZ,SANTANDER,rural,path,18274.475343990787
68861,VELEZ,SANTANDER,rural,primary,44062.52042545876
68861,VELEZ,SANTANDER,rural,residential,2134.1751213411676
68861,VELEZ,SANTANDER,rural,secondary,20849.318274900448
68861,VELEZ,SANTANDER,rural,service,13130.668249374046
68861,VELEZ,SANTANDER,rural,steps,66.39043609967186
68861,VELEZ,SANTANDER,rural,tertiary,13543.412225468019
68861,VELEZ,SANTANDER,rural,track,22777.393950710884
68861,VELEZ,SANTANDER,rural,unclassified,240645.2448047959
68895,ZAPATOCA,SANTANDER,cabecera,footway,920.61177193501
68895,ZAPATOCA,SANTANDER,cabecera,path,239.8947537009351
68895,ZAPATOCA,SANTANDER,cabecera,pedestrian,114.85282779044338
68895,ZAPATOCA,SANTANDER,cabecera,residential,29689.50774744411
68895,ZAPATOCA,SANTANDER,cabecera,secondary,2938.7061976287196
68895,ZAPATOCA,SANTANDER,cabecera,service,951.398679728733
68895,ZAPATOCA,SANTANDER,cabecera,steps,61.23428891039552
68895,ZAPATOCA,SANTANDER,cabecera,track,207.52761672605325
68895,ZAPATOCA,SANTANDER,cabecera,unclassified,3343.9672387612823
68895,ZAPATOCA,SANTANDER,centro_poblado,footway,132.0869622104753
68895,ZAPATOCA,SANTANDER,centro_poblado,residential,2780.3789597705727
68895,ZAPATOCA,SANTANDER,centro_poblado,track,218.78976542825
68895,ZAPATOCA,SANTANDER,centro_poblado,unclassified,1254.9141807538595
68895,ZAPATOCA,SANTANDER,rural,bridleway,9978.567246960685
68895,ZAPATOCA,SANTANDER,rural,footway,9.362378034597496
68895,ZAPATOCA,SANTANDER,rural,path,25502.398232603126
68895,ZAPATOCA,SANTANDER,rural,residential,2242.317719184259
68895,ZAPATOCA,SANTANDER,rural,secondary,58114.46146332636
68895,ZAPATOCA,SANTANDER,rural,service,8774.101558443675
68895,ZAPATOCA,SANTANDER,rural,tertiary,5174.509468197026
68895,ZAPATOCA,SANTANDER,rural,track,30573.648995728283
68895,ZAPATOCA,SANTANDER,rural,unclassified,228751.70606880152
70110,BUENAVISTA,SUCRE,cabecera,residential,20920.441158569534
70110,BUENAVISTA,SUCRE,cabecera,service,95.61101681027753
70110,BUENAVISTA,SUCRE,cabecera,tertiary,2477.4443821694595
70110,BUENAVISTA,SUCRE,cabecera,track,11.04953196279982
70110,BUENAVISTA,SUCRE,cabecera,unclassified,1625.9335958007646
70110,BUENAVISTA,SUCRE,centro_poblado,residential,1942.1334258981751
70110,BUENAVISTA,SUCRE,centro_poblado,tertiary,303.28123334876057
70110,BUENAVISTA,SUCRE,centro_poblado,trunk,1149.0174699549275
70110,BUENAVISTA,SUCRE,centro_poblado,unclassified,500.30346892608253
70110,BUENAVISTA,SUCRE,rural,residential,1964.1544345943803
70110,BUENAVISTA,SUCRE,rural,service,620.2641587795448
70110,BUENAVISTA,SUCRE,rural,tertiary,27065.598162405833
70110,BUENAVISTA,SUCRE,rural,track,468.3953508833697
70110,BUENAVISTA,SUCRE,rural,trunk,886.3370703573828
70110,BUENAVISTA,SUCRE,rural,unclassified,52847.13357884964
70215,COROZAL,SUCRE,cabecera,cycleway,472.8885694296452
70215,COROZAL,SUCRE,cabecera,footway,1064.5750726036356
70215,COROZAL,SUCRE,cabecera,path,340.67352667104245
70215,COROZAL,SUCRE,cabecera,pedestrian,460.17805969532606
70215,COROZAL,SUCRE,cabecera,residential,102150.72010954062
70215,COROZAL,SUCRE,cabecera,secondary,2722.2844076307315
70215,COROZAL,SUCRE,cabecera,service,1961.677690476748
70215,COROZAL,SUCRE,cabecera,steps,87.98456343436074
70215,COROZAL,SUCRE,cabecera,tertiary,9288.850260096859
70215,COROZAL,SUCRE,cabecera,track,1047.4623680486875
70215,COROZAL,SUCRE,cabecera,trunk,3275.7524950579527
70215,COROZAL,SUCRE,cabecera,unclassified,741.751947214633
70215,COROZAL,SUCRE,centro_poblado,residential,33798.367193728765
70215,COROZAL,SUCRE,centro_poblado,service,2842.018335253807
70215,COROZAL,SUCRE,centro_poblado,tertiary,6803.718389073967
70215,COROZAL,SUCRE,centro_poblado,track,163.54206396187726
70215,COROZAL,SUCRE,centro_poblado,trunk,1974.093559570324
70215,COROZAL,SUCRE,centro_poblado,unclassified,4097.850897898668
70215,COROZAL,SUCRE,rural,cycleway,1119.2635336654928
70215,COROZAL,SUCRE,rural,footway,50.21366946149177
70215,COROZAL,SUCRE,rural,path,32.41076081380027
70215,COROZAL,SUCRE,rural,residential,25721.8018449933
70215,COROZAL,SUCRE,rural,secondary,2934.6100775333703
70215,COROZAL,SUCRE,rural,service,26283.149658520877
70215,COROZAL,SUCRE,rural,tertiary,22496.4192907019
70215,COROZAL,SUCRE,rural,track,34106.11198404705
70215,COROZAL,SUCRE,rural,trunk,4020.779483388742
70215,COROZAL,SUCRE,rural,unclassified,196403.55477776084
70221,COVEÑAS,SUCRE,cabecera,primary,956.5178393883043
70221,COVEÑAS,SUCRE,cabecera,residential,31381.831967958915
70221,COVEÑAS,SUCRE,cabecera,secondary,8316.26086168203
70221,COVEÑAS,SUCRE,cabecera,service,21249.651751163117
70221,COVEÑAS,SUCRE,cabecera,unclassified,6797.686149234167
70221,COVEÑAS,SUCRE,centro_poblado,footway,34.136900931811724
70221,COVEÑAS,SUCRE,centro_poblado,primary,219.95002137650178
70221,COVEÑAS,SUCRE,centro_poblado,residential,15440.132199847863
70221,COVEÑAS,SUCRE,centro_poblado,secondary,9570.849638044301
70221,COVEÑAS,SUCRE,centro_poblado,service,1397.1993933558686
70221,COVEÑAS,SUCRE,centro_poblado,unclassified,600.7753955092694
70221,COVEÑAS,SUCRE,rural,path,3505.833949553218
70221,COVEÑAS,SUCRE,rural,primary,7360.32259130954
70221,COVEÑAS,SUCRE,rural,residential,13356.683645586818
70221,COVEÑAS,SUCRE,rural,secondary,1619.0806559764906
70221,COVEÑAS,SUCRE,rural,service,3434.78979335953
70221,COVEÑAS,SUCRE,rural,track,2455.99200711001
70221,COVEÑAS,SUCRE,rural,unclassified,24675.381668422557
70233,EL ROBLE,SUCRE,cabecera,pedestrian,111.33176512326189
70233,EL ROBLE,SUCRE,cabecera,residential,14220.819839861284
70233,EL ROBLE,SUCRE,cabecera,tertiary,1073.9052457013045
70233,EL ROBLE,SUCRE,cabecera,track,147.0306126714189
70233,EL ROBLE,SUCRE,cabecera,unclassified,753.1679946048446
70233,EL ROBLE,SUCRE,centro_poblado,residential,19030.46618597489
70233,EL ROBLE,SUCRE,centro_poblado,secondary,3348.8923852496237
70233,EL ROBLE,SUCRE,centro_poblado,tertiary,841.1090803201296
70233,EL ROBLE,SUCRE,centro_poblado,track,480.5878957661716
70233,EL ROBLE,SUCRE,centro_poblado,unclassified,2081.5398338889463
70233,EL ROBLE,SUCRE,rural,residential,5677.989279842738
70233,EL ROBLE,SUCRE,rural,secondary,10058.207330679841
70233,EL ROBLE,SUCRE,rural,service,1840.9716718324378
70233,EL ROBLE,SUCRE,rural,tertiary,5395.317300182956
70233,EL ROBLE,SUCRE,rural,track,20390.261741325638
70233,EL ROBLE,SUCRE,rural,unclassified,62229.60180551429
70235,GALERAS (NUEVA GRANADA),SUCRE,cabecera,residential,30282.115835720622
70235,GALERAS (NUEVA GRANADA),SUCRE,cabecera,service,553.3273161466788
70235,GALERAS (NUEVA GRANADA),SUCRE,cabecera,tertiary,3067.0607730379716
70235,GALERAS (NUEVA GRANADA),SUCRE,cabecera,track,165.74691436167893
70235,GALERAS (NUEVA GRANADA),SUCRE,cabecera,unclassified,1734.9320855398107
70235,GALERAS (NUEVA GRANADA),SUCRE,centro_poblado,residential,15997.72757624765
70235,GALERAS (NUEVA GRANADA),SUCRE,centro_poblado,tertiary,4548.390382535625
70235,GALERAS (NUEVA GRANADA),SUCRE,centro_poblado,track,157.859756570218
70235,GALERAS (NUEVA GRANADA),SUCRE,centro_poblado,unclassified,939.0053374428924
70235,GALERAS (NUEVA GRANADA),SUCRE,rural,path,489.55984769183624
70235,GALERAS (NUEVA GRANADA),SUCRE,rural,residential,5785.065378042779
70235,GALERAS (NUEVA GRANADA),SUCRE,rural,service,1251.2307786771098
70235,GALERAS (NUEVA GRANADA),SUCRE,rural,tertiary,41944.23866597951
70235,GALERAS (NUEVA GRANADA),SUCRE,rural,track,28110.458760492744
70235,GALERAS (NUEVA GRANADA),SUCRE,rural,unclassified,113498.08104617549
70400,LA UNION,SUCRE,cabecera,residential,22842.538807956822
70400,LA UNION,SUCRE,cabecera,service,197.7125290968853
70400,LA UNION,SUCRE,cabecera,tertiary,8203.403992655474
70400,LA UNION,SUCRE,cabecera,track,713.7659788090355
70400,LA UNION,SUCRE,cabecera,unclassified,8747.32371989795
70400,LA UNION,SUCRE,centro_poblado,residential,1450.7885462778731
70400,LA UNION,SUCRE,centro_poblado,tertiary,208.6979717160214
70400,LA UNION,SUCRE,centro_poblado,track,37.876551282768354
70400,LA UNION,SUCRE,centro_poblado,unclassified,9692.579922864976
70400,LA UNION,SUCRE,rural,residential,2077.596226275297
70400,LA UNION,SUCRE,rural,service,3541.7462732874524
70400,LA UNION,SUCRE,rural,tertiary,13426.847325474037
70400,LA UNION,SUCRE,rural,track,7612.935427504453
70400,LA UNION,SUCRE,rural,unclassified,205477.90812168675
70418,LOS PALMITOS,SUCRE,cabecera,footway,1380.4845179292977
70418,LOS PALMITOS,SUCRE,cabecera,path,530.6997724419899
70418,LOS PALMITOS,SUCRE,cabecera,pedestrian,26.493538436079923
70418,LOS PALMITOS,SUCRE,cabecera,residential,21737.756868190314
70418,LOS PALMITOS,SUCRE,cabecera,service,282.3578286608624
70418,LOS PALMITOS,SUCRE,cabecera,tertiary,3033.3762961051266
70418,LOS PALMITOS,SUCRE,cabecera,track,283.6508147068094
70418,LOS PALMITOS,SUCRE,cabecera,trunk,1771.3842387849038
70418,LOS PALMITOS,SUCRE,cabecera,unclassified,248.6413087067644
70418,LOS PALMITOS,SUCRE,centro_poblado,footway,63.84003362142301
70418,LOS PALMITOS,SUCRE,centro_poblado,path,739.8999959815478
70418,LOS PALMITOS,SUCRE,centro_poblado,pedestrian,39.30066002123627
70418,LOS PALMITOS,SUCRE,centro_poblado,residential,17801.65159145787
70418,LOS PALMITOS,SUCRE,centro_poblado,service,60.22667297828433
70418,LOS PALMITOS,SUCRE,centro_poblado,steps,12.315237674733769
70418,LOS PALMITOS,SUCRE,centro_poblado,tertiary,1888.425481724761
70418,LOS PALMITOS,SUCRE,centro_poblado,track,373.1493290671334
70418,LOS PALMITOS,SUCRE,centro_poblado,trunk,2904.627289281701
70418,LOS PALMITOS,SUCRE,centro_poblado,unclassified,1459.5432498444954
70418,LOS PALMITOS,SUCRE,rural,footway,194.1210552073306
70418,LOS PALMITOS,SUCRE,rural,path,5745.414691433071
70418,LOS PALMITOS,SUCRE,rural,residential,14039.62936056218
70418,LOS PALMITOS,SUCRE,rural,service,17518.9646510423
70418,LOS PALMITOS,SUCRE,rural,tertiary,9641.62426583387
70418,LOS PALMITOS,SUCRE,rural,track,115324.4179519998
70418,LOS PALMITOS,SUCRE,rural,trunk,29420.277436450255
70418,LOS PALMITOS,SUCRE,rural,unclassified,118842.52510658553
70429,MAJAGUAL,SUCRE,cabecera,path,580.807903271684
70429,MAJAGUAL,SUCRE,cabecera,residential,21522.988573123585
70429,MAJAGUAL,SUCRE,cabecera,secondary,1987.8093507073315
70429,MAJAGUAL,SUCRE,cabecera,unclassified,2215.9833903147423
70429,MAJAGUAL,SUCRE,centro_poblado,path,187.19844151770496
70429,MAJAGUAL,SUCRE,centro_poblado,residential,14324.80562748012
70429,MAJAGUAL,SUCRE,centro_poblado,secondary,1389.9434455654207
70429,MAJAGUAL,SUCRE,centro_poblado,track,172.1269108474657
70429,MAJAGUAL,SUCRE,centro_poblado,unclassified,6484.340793391771
70429,MAJAGUAL,SUCRE,rural,path,1116.4201508896047
70429,MAJAGUAL,SUCRE,rural,residential,30111.185922423392
70429,MAJAGUAL,SUCRE,rural,secondary,45367.80553245379
70429,MAJAGUAL,SUCRE,rural,service,537.8800583941783
70429,MAJAGUAL,SUCRE,rural,tertiary,4445.29312149002
70429,MAJAGUAL,SUCRE,rural,track,8867.356742966527
70429,MAJAGUAL,SUCRE,rural,unclassified,239849.09194131405
70473,MORROA,SUCRE,cabecera,cycleway,278.1845751401525
70473,MORROA,SUCRE,cabecera,footway,154.2453865599353
70473,MORROA,SUCRE,cabecera,path,184.32580267743288
70473,MORROA,SUCRE,cabecera,pedestrian,100.22505150034783
70473,MORROA,SUCRE,cabecera,residential,23979.050159994753
70473,MORROA,SUCRE,cabecera,service,370.1647846493964
70473,MORROA,SUCRE,cabecera,tertiary,4656.6484064999595
70473,MORROA,SUCRE,cabecera,trunk,128.5703551368272
70473,MORROA,SUCRE,cabecera,unclassified,309.08808576970983
70473,MORROA,SUCRE,centro_poblado,cycleway,263.9477657718898
70473,MORROA,SUCRE,centro_poblado,path,110.70451106748042
70473,MORROA,SUCRE,centro_poblado,residential,6993.600723721261
70473,MORROA,SUCRE,centro_poblado,service,594.5344159432728
70473,MORROA,SUCRE,centro_poblado,tertiary,1138.271803558631
70473,MORROA,SUCRE,centro_poblado,track,165.99685255354737
70473,MORROA,SUCRE,centro_poblado,trunk,689.0624947158121
70473,MORROA,SUCRE,centro_poblado,unclassified,1099.6817518851472
70473,MORROA,SUCRE,rural,cycleway,5419.255244974658
70473,MORROA,SUCRE,rural,footway,74.19918631616376
70473,MORROA,SUCRE,rural,path,9199.161187630629
70473,MORROA,SUCRE,rural,residential,18233.508450805803
70473,MORROA,SUCRE,rural,service,13796.900398563575
70473,MORROA,SUCRE,rural,tertiary,18291.10516840331
70473,MORROA,SUCRE,rural,track,58706.2971637443
70473,MORROA,SUCRE,rural,trunk,13505.653811593169
70473,MORROA,SUCRE,rural,unclassified,89723.16839290262
70508,OVEJAS,SUCRE,cabecera,footway,429.65757622092656
70508,OVEJAS,SUCRE,cabecera,path,20.6421723110826
70508,OVEJAS,SUCRE,cabecera,residential,27348.782492681687
70508,OVEJAS,SUCRE,cabecera,service,319.64883544031557
70508,OVEJAS,SUCRE,cabecera,tertiary,3001.6567058288456
70508,OVEJAS,SUCRE,cabecera,track,252.9785117255017
70508,OVEJAS,SUCRE,cabecera,trunk,2179.796475492424
70508,OVEJAS,SUCRE,centro_poblado,bridleway,6.663244271526728
70508,OVEJAS,SUCRE,centro_poblado,footway,336.17990786344217
70508,OVEJAS,SUCRE,centro_poblado,path,42.402603759049335
70508,OVEJAS,SUCRE,centro_poblado,residential,23291.82642004341
70508,OVEJAS,SUCRE,centro_poblado,secondary,2484.481577145516
70508,OVEJAS,SUCRE,centro_poblado,tertiary,1035.5669659537166
70508,OVEJAS,SUCRE,centro_poblado,track,122.67906684801957
70508,OVEJAS,SUCRE,centro_poblado,trunk,169.5507933288049
70508,OVEJAS,SUCRE,centro_poblado,unclassified,2927.228977613766
70508,OVEJAS,SUCRE,rural,bridleway,8083.017845534816
70508,OVEJAS,SUCRE,rural,footway,678.9037126829378
70508,OVEJAS,SUCRE,rural,path,5231.268434721427
70508,OVEJAS,SUCRE,rural,residential,7887.272396776626
70508,OVEJAS,SUCRE,rural,secondary,11027.937683619562
70508,OVEJAS,SUCRE,rural,service,7897.989541082601
70508,OVEJAS,SUCRE,rural,tertiary,15465.950501118634
70508,OVEJAS,SUCRE,rural,track,24569.37307614013
70508,OVEJAS,SUCRE,rural,trunk,13968.157556941242
70508,OVEJAS,SUCRE,rural,unclassified,200141.4134666358
70523,PALMITO,SUCRE,cabecera,residential,11519.084041827102
70523,PALMITO,SUCRE,cabecera,secondary,1239.4142230694863
70523,PALMITO,SUCRE,cabecera,unclassified,378.5951397636512
70523,PALMITO,SUCRE,centro_poblado,path,48.632547741611056
70523,PALMITO,SUCRE,centro_poblado,residential,2481.9497165620305
70523,PALMITO,SUCRE,centro_poblado,track,152.99398781124626
70523,PALMITO,SUCRE,centro_poblado,unclassified,14887.495722834516
70523,PALMITO,SUCRE,rural,path,6679.87450514496
70523,PALMITO,SUCRE,rural,primary,3722.8755577306097
70523,PALMITO,SUCRE,rural,residential,4116.684174083596
70523,PALMITO,SUCRE,rural,secondary,17734.414025373306
70523,PALMITO,SUCRE,rural,service,7299.865157335304
70523,PALMITO,SUCRE,rural,track,26050.454269851012
70523,PALMITO,SUCRE,rural,unclassified,59427.47416186618
70670,SAMPUES,SUCRE,cabecera,footway,42.077923804606854
70670,SAMPUES,SUCRE,cabecera,path,58.604611548329245
70670,SAMPUES,SUCRE,cabecera,residential,45795.43470487477
70670,SAMPUES,SUCRE,cabecera,secondary,3254.962318621411
70670,SAMPUES,SUCRE,cabecera,service,318.7100013667492
70670,SAMPUES,SUCRE,cabecera,steps,8.427586449295182
70670,SAMPUES,SUCRE,cabecera,tertiary,2359.642142439055
70670,SAMPUES,SUCRE,cabecera,trunk,2728.363041225854
70670,SAMPUES,SUCRE,cabecera,unclassified,1671.826568969685
70670,SAMPUES,SUCRE,centro_poblado,footway,94.56311634358622
70670,SAMPUES,SUCRE,centro_poblado,path,77.09383179984448
70670,SAMPUES,SUCRE,centro_poblado,residential,15602.010306225236
70670,SAMPUES,SUCRE,centro_poblado,secondary,2223.878027410984
70670,SAMPUES,SUCRE,centro_poblado,service,531.6112192682957
70670,SAMPUES,SUCRE,centro_poblado,tertiary,3440.932363513517
70670,SAMPUES,SUCRE,centro_poblado,track,414.87544220763004
70670,SAMPUES,SUCRE,centro_poblado,trunk,1185.1483842456817
70670,SAMPUES,SUCRE,centro_poblado,unclassified,5886.104271502504
70670,SAMPUES,SUCRE,rural,footway,55.05151916002459
70670,SAMPUES,SUCRE,rural,path,2304.8601768884005
70670,SAMPUES,SUCRE,rural,residential,29296.770490891806
70670,SAMPUES,SUCRE,rural,secondary,17976.927159176907
70670,SAMPUES,SUCRE,rural,service,14282.40081694627
70670,SAMPUES,SUCRE,rural,tertiary,8172.663647868969
70670,SAMPUES,SUCRE,rural,track,27618.257296352633
70670,SAMPUES,SUCRE,rural,trunk,13019.567013398557
70670,SAMPUES,SUCRE,rural,unclassified,157145.55218875903
70678,SAN BENITO ABAD,SUCRE,cabecera,residential,22905.405513810176
70678,SAN BENITO ABAD,SUCRE,cabecera,secondary,174.63770556408844
70678,SAN BENITO ABAD,SUCRE,cabecera,unclassified,2209.0067545113607
70678,SAN BENITO ABAD,SUCRE,centro_poblado,footway,48.99076204569549
70678,SAN BENITO ABAD,SUCRE,centro_poblado,residential,48642.10504578457
70678,SAN BENITO ABAD,SUCRE,centro_poblado,secondary,5447.713975450263
70678,SAN BENITO ABAD,SUCRE,centro_poblado,service,196.92431434379998
70678,SAN BENITO ABAD,SUCRE,centro_poblado,tertiary,5097.977364194476
70678,SAN BENITO ABAD,SUCRE,centro_poblado,track,1946.9703779466836
70678,SAN BENITO ABAD,SUCRE,centro_poblado,unclassified,3338.086734867224
70678,SAN BENITO ABAD,SUCRE,rural,path,6729.99183375056
70678,SAN BENITO ABAD,SUCRE,rural,residential,9168.701265769188
70678,SAN BENITO ABAD,SUCRE,rural,secondary,60489.685153652375
70678,SAN BENITO ABAD,SUCRE,rural,service,3102.5188115910523
70678,SAN BENITO ABAD,SUCRE,rural,tertiary,13969.693271545808
70678,SAN BENITO ABAD,SUCRE,rural,track,46962.33967959277
70678,SAN BENITO ABAD,SUCRE,rural,unclassified,161712.23439863024
70702,SAN JUAN DE BETULIA (BETULIA),SUCRE,cabecera,residential,18744.43000094663
70702,SAN JUAN DE BETULIA (BETULIA),SUCRE,cabecera,secondary,2135.394309910826
70702,SAN JUAN DE BETULIA (BETULIA),SUCRE,cabecera,service,314.87207962641315
70702,SAN JUAN DE BETULIA (BETULIA),SUCRE,cabecera,tertiary,1060.3685492395596
70702,SAN JUAN DE BETULIA (BETULIA),SUCRE,cabecera,unclassified,2304.091923721228
70702,SAN JUAN DE BETULIA (BETULIA),SUCRE,centro_poblado,footway,197.2931769095042
70702,SAN JUAN DE BETULIA (BETULIA),SUCRE,centro_poblado,residential,14285.573612971124
70702,SAN JUAN DE BETULIA (BETULIA),SUCRE,centro_poblado,tertiary,1770.3009352919398
70702,SAN JUAN DE BETULIA (BETULIA),SUCRE,centro_poblado,unclassified,1723.8159706085075
70702,SAN JUAN DE BETULIA (BETULIA),SUCRE,rural,residential,2402.883566992673
70702,SAN JUAN DE BETULIA (BETULIA),SUCRE,rural,secondary,7041.605042166596
70702,SAN JUAN DE BETULIA (BETULIA),SUCRE,rural,service,286.1882944968356
70702,SAN JUAN DE BETULIA (BETULIA),SUCRE,rural,tertiary,12339.773115048803
70702,SAN JUAN DE BETULIA (BETULIA),SUCRE,rural,track,3089.063553917754
70702,SAN JUAN DE BETULIA (BETULIA),SUCRE,rural,unclassified,99867.14448916657
70708,SAN MARCOS,SUCRE,cabecera,pedestrian,213.37718811890176
70708,SAN MARCOS,SUCRE,cabecera,residential,85688.93882537264
70708,SAN MARCOS,SUCRE,cabecera,secondary,5880.3678225452995
70708,SAN MARCOS,SUCRE,cabecera,service,92.31722895821787
70708,SAN MARCOS,SUCRE,cabecera,tertiary,4734.2711044517455
70708,SAN MARCOS,SUCRE,cabecera,track,587.2086487197921
70708,SAN MARCOS,SUCRE,cabecera,unclassified,2166.7890786400053
70708,SAN MARCOS,SUCRE,centro_poblado,path,683.845110422683
70708,SAN MARCOS,SUCRE,centro_poblado,residential,58443.76078828984
70708,SAN MARCOS,SUCRE,centro_poblado,secondary,1868.1403381840094
70708,SAN MARCOS,SUCRE,centro_poblado,service,15.748798617528777
70708,SAN MARCOS,SUCRE,centro_poblado,tertiary,7583.447559300482
70708,SAN MARCOS,SUCRE,centro_poblado,track,1251.2832089679205
70708,SAN MARCOS,SUCRE,centro_poblado,unclassified,12916.134633094509
70708,SAN MARCOS,SUCRE,rural,path,3148.7218542280266
70708,SAN MARCOS,SUCRE,rural,residential,25696.179448404455
70708,SAN MARCOS,SUCRE,rural,secondary,34788.31851381553
70708,SAN MARCOS,SUCRE,rural,service,10208.798073102625
70708,SAN MARCOS,SUCRE,rural,tertiary,29235.526119727565
70708,SAN MARCOS,SUCRE,rural,track,62383.73988132204
70708,SAN MARCOS,SUCRE,rural,unclassified,238221.87597301923
70713,SAN ONOFRE,SUCRE,cabecera,footway,60.84969272605477
70713,SAN ONOFRE,SUCRE,cabecera,primary,1835.8021791283445
70713,SAN ONOFRE,SUCRE,cabecera,residential,55671.06704503675
70713,SAN ONOFRE,SUCRE,cabecera,service,1136.3948129538014
70713,SAN ONOFRE,SUCRE,cabecera,tertiary,2241.118794774712
70713,SAN ONOFRE,SUCRE,cabecera,track,338.79473225906975
70713,SAN ONOFRE,SUCRE,cabecera,unclassified,1480.7985285380373
70713,SAN ONOFRE,SUCRE,centro_poblado,footway,831.2757779733922
70713,SAN ONOFRE,SUCRE,centro_poblado,path,1235.8705305080578
70713,SAN ONOFRE,SUCRE,centro_poblado,primary,4410.085078480013
70713,SAN ONOFRE,SUCRE,centro_poblado,residential,70812.4646864025
70713,SAN ONOFRE,SUCRE,centro_poblado,secondary,405.69253940508315
70713,SAN ONOFRE,SUCRE,centro_poblado,service,728.1770474666167
70713,SAN ONOFRE,SUCRE,centro_poblado,tertiary,2003.3618551177506
70713,SAN ONOFRE,SUCRE,centro_poblado,track,256.03085312641224
70713,SAN ONOFRE,SUCRE,centro_poblado,unclassified,8842.910403767512
70713,SAN ONOFRE,SUCRE,rural,footway,1823.348917135302
70713,SAN ONOFRE,SUCRE,rural,path,7799.481615011428
70713,SAN ONOFRE,SUCRE,rural,primary,28283.347624152462
70713,SAN ONOFRE,SUCRE,rural,residential,16368.700515644325
70713,SAN ONOFRE,SUCRE,rural,secondary,2138.4621796067954
70713,SAN ONOFRE,SUCRE,rural,service,12232.735190390276
70713,SAN ONOFRE,SUCRE,rural,tertiary,17555.902872865227
70713,SAN ONOFRE,SUCRE,rural,track,74969.73584206575
70713,SAN ONOFRE,SUCRE,rural,unclassified,322244.62149642035
70717,SAN PEDRO,SUCRE,cabecera,residential,30252.169190408626
70717,SAN PEDRO,SUCRE,cabecera,secondary,130.7712061738711
70717,SAN PEDRO,SUCRE,cabecera,service,376.24889759521216
70717,SAN PEDRO,SUCRE,cabecera,tertiary,3576.317576780085
70717,SAN PEDRO,SUCRE,cabecera,track,170.71900086819443
70717,SAN PEDRO,SUCRE,cabecera,trunk,1075.452068586838
70717,SAN PEDRO,SUCRE,cabecera,unclassified,475.9360911277448
70717,SAN PEDRO,SUCRE,centro_poblado,path,119.33995952180699
70717,SAN PEDRO,SUCRE,centro_poblado,residential,7692.385609796018
70717,SAN PEDRO,SUCRE,centro_poblado,service,82.98620476868058
70717,SAN PEDRO,SUCRE,centro_poblado,tertiary,1605.9262858148832
70717,SAN PEDRO,SUCRE,centro_poblado,track,8.217470384680478
70717,SAN PEDRO,SUCRE,centro_poblado,trunk,1382.2113790123342
70717,SAN PEDRO,SUCRE,centro_poblado,unclassified,1767.9917524226223
70717,SAN PEDRO,SUCRE,rural,path,68.32964288537072
70717,SAN PEDRO,SUCRE,rural,residential,3589.3527739720344
70717,SAN PEDRO,SUCRE,rural,secondary,8867.567314640532
70717,SAN PEDRO,SUCRE,rural,service,2630.3772336966663
70717,SAN PEDRO,SUCRE,rural,tertiary,36424.30602439679
70717,SAN PEDRO,SUCRE,rural,track,15819.124199306461
70717,SAN PEDRO,SUCRE,rural,trunk,15885.115576933911
70717,SAN PEDRO,SUCRE,rural,unclassified,104538.50491589324
70742,SINCE,SUCRE,cabecera,footway,451.1463390425666
70742,SINCE,SUCRE,cabecera,path,59.67210476585337
70742,SINCE,SUCRE,cabecera,pedestrian,76.53700981952355
70742,SINCE,SUCRE,cabecera,residential,54819.0661292503
70742,SINCE,SUCRE,cabecera,secondary,3755.6148235557966
70742,SINCE,SUCRE,cabecera,service,75.21244182433686
70742,SINCE,SUCRE,cabecera,tertiary,1087.0221926754389
70742,SINCE,SUCRE,cabecera,track,214.68062023985152
70742,SINCE,SUCRE,cabecera,unclassified,2885.284109948275
70742,SINCE,SUCRE,centro_poblado,residential,13340.430363064512
70742,SINCE,SUCRE,centro_poblado,secondary,1019.3214863443628
70742,SINCE,SUCRE,centro_poblado,service,37.496870807639915
70742,SINCE,SUCRE,centro_poblado,tertiary,2819.1174751384224
70742,SINCE,SUCRE,centro_poblado,track,76.93045284844627
70742,SINCE,SUCRE,centro_poblado,unclassified,1199.4339626510016
70742,SINCE,SUCRE,rural,footway,0.47658255373087105
70742,SINCE,SUCRE,rural,residential,6299.554245557427
70742,SINCE,SUCRE,rural,secondary,20827.40862398169
70742,SINCE,SUCRE,rural,service,6973.8003054405635
70742,SINCE,SUCRE,rural,tertiary,52285.91900674811
70742,SINCE,SUCRE,rural,track,16812.64592275936
70742,SINCE,SUCRE,rural,unclassified,172241.08537119257
70771,SUCRE,SUCRE,cabecera,residential,10834.558406167942
70771,SUCRE,SUCRE,cabecera,service,54.12312222161752
70771,SUCRE,SUCRE,cabecera,unclassified,590.8485354139522
70771,SUCRE,SUCRE,centro_poblado,footway,1229.969053933704
70771,SUCRE,SUCRE,centro_poblado,residential,1050.8639527860187
70771,SUCRE,SUCRE,centro_poblado,unclassified,18936.202558924626
70771,SUCRE,SUCRE,rural,footway,188.66734457673425
70771,SUCRE,SUCRE,rural,residential,6293.420004072913
70771,SUCRE,SUCRE,rural,track,19041.169982557327
70771,SUCRE,SUCRE,rural,unclassified,151669.7829509621
70820,TOLU,SUCRE,cabecera,footway,421.94822064709933
70820,TOLU,SUCRE,cabecera,path,208.31839672708088
70820,TOLU,SUCRE,cabecera,pedestrian,96.07060717839019
70820,TOLU,SUCRE,cabecera,primary,3004.2709265353847
70820,TOLU,SUCRE,cabecera,residential,74765.9879462868
70820,TOLU,SUCRE,cabecera,secondary,4212.347951804652
70820,TOLU,SUCRE,cabecera,service,1850.7869294250604
70820,TOLU,SUCRE,cabecera,tertiary,6604.5901182096695
70820,TOLU,SUCRE,cabecera,track,5368.747121868603
70820,TOLU,SUCRE,cabecera,unclassified,2314.9530181946266
70820,TOLU,SUCRE,cabecera,unknown,162.36044842995116
70820,TOLU,SUCRE,centro_poblado,primary,365.0818564003492
70820,TOLU,SUCRE,centro_poblado,residential,10506.975431535137
70820,TOLU,SUCRE,centro_poblado,track,256.21889956200044
70820,TOLU,SUCRE,centro_poblado,unclassified,2190.5869199388526
70820,TOLU,SUCRE,rural,footway,193.20781844522372
70820,TOLU,SUCRE,rural,primary,43463.32416518744
70820,TOLU,SUCRE,rural,residential,3451.1183115796334
70820,TOLU,SUCRE,rural,secondary,4088.6420235592273
70820,TOLU,SUCRE,rural,service,4841.508486553271
70820,TOLU,SUCRE,rural,tertiary,2170.4260694006625
70820,TOLU,SUCRE,rural,track,49852.53987576094
70820,TOLU,SUCRE,rural,unclassified,99704.34762733919
70820,TOLU,SUCRE,rural,unknown,34.66316484569104
70823,TOLUVIEJO,SUCRE,cabecera,primary,2739.3029407365307
70823,TOLUVIEJO,SUCRE,cabecera,residential,12459.630334291549
70823,TOLUVIEJO,SUCRE,cabecera,service,90.1486143579479
70823,TOLUVIEJO,SUCRE,cabecera,tertiary,1332.8765870829768
70823,TOLUVIEJO,SUCRE,cabecera,track,42.899279679660815
70823,TOLUVIEJO,SUCRE,cabecera,unclassified,162.22202383667695
70823,TOLUVIEJO,SUCRE,centro_poblado,primary,2342.881481869685
70823,TOLUVIEJO,SUCRE,centro_poblado,residential,27077.233846017112
70823,TOLUVIEJO,SUCRE,centro_poblado,secondary,2490.4697738407285
70823,TOLUVIEJO,SUCRE,centro_poblado,service,579.3059848717788
70823,TOLUVIEJO,SUCRE,centro_poblado,tertiary,5825.490607849256
70823,TOLUVIEJO,SUCRE,centro_poblado,unclassified,2412.132631263173
70823,TOLUVIEJO,SUCRE,rural,cycleway,8.802447527401428
70823,TOLUVIEJO,SUCRE,rural,path,140.14536976932845
70823,TOLUVIEJO,SUCRE,rural,primary,21505.41498443994
70823,TOLUVIEJO,SUCRE,rural,residential,10244.92469688833
70823,TOLUVIEJO,SUCRE,rural,secondary,18496.943282795808
70823,TOLUVIEJO,SUCRE,rural,service,21018.87837207449
70823,TOLUVIEJO,SUCRE,rural,tertiary,29778.611192205735
70823,TOLUVIEJO,SUCRE,rural,track,38213.621770967366
70823,TOLUVIEJO,SUCRE,rural,unclassified,65002.92664625007
73026,ALVARADO,TOLIMA,cabecera,residential,9215.41464603715
73026,ALVARADO,TOLIMA,cabecera,service,212.35181340760585
73026,ALVARADO,TOLIMA,cabecera,tertiary,2647.343576557916
73026,ALVARADO,TOLIMA,cabecera,trunk,319.36585706982714
73026,ALVARADO,TOLIMA,cabecera,unclassified,83.44099588103293
73026,ALVARADO,TOLIMA,centro_poblado,residential,1639.9590982263758
73026,ALVARADO,TOLIMA,centro_poblado,service,55.167419511635174
73026,ALVARADO,TOLIMA,centro_poblado,tertiary,1782.595000362392
73026,ALVARADO,TOLIMA,centro_poblado,unclassified,804.4011197255954
73026,ALVARADO,TOLIMA,rural,footway,1301.5152025095877
73026,ALVARADO,TOLIMA,rural,path,2268.486191918013
73026,ALVARADO,TOLIMA,rural,residential,9425.921283399328
73026,ALVARADO,TOLIMA,rural,service,29344.675192238392
73026,ALVARADO,TOLIMA,rural,tertiary,68803.12006602414
73026,ALVARADO,TOLIMA,rural,track,44434.133517623406
73026,ALVARADO,TOLIMA,rural,trunk,26271.310128739555
73026,ALVARADO,TOLIMA,rural,unclassified,169049.25908727795
73043,ANZOATEGUI,TOLIMA,cabecera,footway,127.98374437112705
73043,ANZOATEGUI,TOLIMA,cabecera,residential,2768.5520921957987
73043,ANZOATEGUI,TOLIMA,cabecera,tertiary,2241.243275477819
73043,ANZOATEGUI,TOLIMA,cabecera,unclassified,889.8973380889993
73043,ANZOATEGUI,TOLIMA,centro_poblado,path,12.10351013835545
73043,ANZOATEGUI,TOLIMA,centro_poblado,residential,1435.4043612747032
73043,ANZOATEGUI,TOLIMA,centro_poblado,unclassified,93.91569437250457
73043,ANZOATEGUI,TOLIMA,rural,footway,18695.751988961965
73043,ANZOATEGUI,TOLIMA,rural,path,106953.01167957923
73043,ANZOATEGUI,TOLIMA,rural,residential,788.296815955231
73043,ANZOATEGUI,TOLIMA,rural,service,7304.308021151088
73043,ANZOATEGUI,TOLIMA,rural,tertiary,26725.797565336907
73043,ANZOATEGUI,TOLIMA,rural,track,25629.218277042673
73043,ANZOATEGUI,TOLIMA,rural,unclassified,150036.89807994923
73055,ARMERO (GUAYABAL),TOLIMA,cabecera,footway,1188.1445018334298
73055,ARMERO (GUAYABAL),TOLIMA,cabecera,path,98.31933205968373
73055,ARMERO (GUAYABAL),TOLIMA,cabecera,pedestrian,145.34013694290073
73055,ARMERO (GUAYABAL),TOLIMA,cabecera,residential,38742.612297148415
73055,ARMERO (GUAYABAL),TOLIMA,cabecera,service,862.4172371820224
73055,ARMERO (GUAYABAL),TOLIMA,cabecera,track,185.04932633283588
73055,ARMERO (GUAYABAL),TOLIMA,cabecera,trunk,2325.9748225138055
73055,ARMERO (GUAYABAL),TOLIMA,cabecera,unclassified,193.71476711485914
73055,ARMERO (GUAYABAL),TOLIMA,centro_poblado,residential,5164.345812533776
73055,ARMERO (GUAYABAL),TOLIMA,centro_poblado,secondary,488.1800316920294
73055,ARMERO (GUAYABAL),TOLIMA,centro_poblado,service,2.81977356657627
73055,ARMERO (GUAYABAL),TOLIMA,centro_poblado,tertiary,964.9152957399748
73055,ARMERO (GUAYABAL),TOLIMA,centro_poblado,track,56.7035911945081
73055,ARMERO (GUAYABAL),TOLIMA,centro_poblado,trunk,1409.5685345600655
73055,ARMERO (GUAYABAL),TOLIMA,centro_poblado,unclassified,78.7238569675073
73055,ARMERO (GUAYABAL),TOLIMA,rural,footway,1974.0009910280723
73055,ARMERO (GUAYABAL),TOLIMA,rural,path,12415.97262079499
73055,ARMERO (GUAYABAL),TOLIMA,rural,primary,14677.2310277711
73055,ARMERO (GUAYABAL),TOLIMA,rural,residential,14727.578723930936
73055,ARMERO (GUAYABAL),TOLIMA,rural,secondary,367.8528486312701
73055,ARMERO (GUAYABAL),TOLIMA,rural,service,25946.213901586078
73055,ARMERO (GUAYABAL),TOLIMA,rural,tertiary,42125.25715498602
73055,ARMERO (GUAYABAL),TOLIMA,rural,track,145536.43855688584
73055,ARMERO (GUAYABAL),TOLIMA,rural,trunk,18243.320098900607
73055,ARMERO (GUAYABAL),TOLIMA,rural,unclassified,176674.54116172565
73067,ATACO,TOLIMA,cabecera,footway,110.14469318193969
73067,ATACO,TOLIMA,cabecera,residential,16713.92098569052
73067,ATACO,TOLIMA,cabecera,secondary,1773.7511501139757
73067,ATACO,TOLIMA,cabecera,track,202.8533564923986
73067,ATACO,TOLIMA,cabecera,unclassified,753.3768991819006
73067,ATACO,TOLIMA,centro_poblado,path,254.87220586676793
73067,ATACO,TOLIMA,centro_poblado,residential,5206.793381983802
73067,ATACO,TOLIMA,centro_poblado,secondary,1603.6820004075587
73067,ATACO,TOLIMA,centro_poblado,service,0.9615958948461065
73067,ATACO,TOLIMA,centro_poblado,unclassified,1506.0479459637243
73067,ATACO,TOLIMA,rural,bridleway,1610.9447164167634
73067,ATACO,TOLIMA,rural,path,40154.819008374645
73067,ATACO,TOLIMA,rural,pedestrian,569.8547208285264
73067,ATACO,TOLIMA,rural,residential,7520.217895166839
73067,ATACO,TOLIMA,rural,secondary,67760.1342401823
73067,ATACO,TOLIMA,rural,service,4664.280526426163
73067,ATACO,TOLIMA,rural,tertiary,8597.218052945896
73067,ATACO,TOLIMA,rural,track,92524.22852300009
73067,ATACO,TOLIMA,rural,unclassified,275590.37088666
73124,CAJAMARCA,TOLIMA,cabecera,footway,99.59677684284623
73124,CAJAMARCA,TOLIMA,cabecera,residential,10904.269344557251
73124,CAJAMARCA,TOLIMA,cabecera,service,92.34258051386607
73124,CAJAMARCA,TOLIMA,cabecera,steps,34.88299952030132
73124,CAJAMARCA,TOLIMA,cabecera,tertiary,1753.0700536608015
73124,CAJAMARCA,TOLIMA,cabecera,track,24.328325370063265
73124,CAJAMARCA,TOLIMA,cabecera,trunk,2923.2146678007916
73124,CAJAMARCA,TOLIMA,centro_poblado,footway,111.89894077654573
73124,CAJAMARCA,TOLIMA,centro_poblado,residential,1763.1334061346674
73124,CAJAMARCA,TOLIMA,centro_poblado,service,65.98753124616037
73124,CAJAMARCA,TOLIMA,centro_poblado,tertiary,1195.4151108505177
73124,CAJAMARCA,TOLIMA,centro_poblado,unclassified,1129.3040957235273
73124,CAJAMARCA,TOLIMA,rural,bridleway,14537.55088608135
73124,CAJAMARCA,TOLIMA,rural,footway,2067.8254038372224
73124,CAJAMARCA,TOLIMA,rural,path,8522.057523455112
73124,CAJAMARCA,TOLIMA,rural,residential,3739.120803247055
73124,CAJAMARCA,TOLIMA,rural,service,8452.769391280048
73124,CAJAMARCA,TOLIMA,rural,steps,18.432313300084328
73124,CAJAMARCA,TOLIMA,rural,tertiary,75125.15235538724
73124,CAJAMARCA,TOLIMA,rural,track,19186.247953578666
73124,CAJAMARCA,TOLIMA,rural,trunk,41090.73078656019
73124,CAJAMARCA,TOLIMA,rural,unclassified,146603.2218738571
73148,CARMEN DE APICALA,TOLIMA,cabecera,footway,2126.1279064305727
73148,CARMEN DE APICALA,TOLIMA,cabecera,path,725.7373516406482
73148,CARMEN DE APICALA,TOLIMA,cabecera,residential,39800.702345901365
73148,CARMEN DE APICALA,TOLIMA,cabecera,secondary,5751.865564710466
73148,CARMEN DE APICALA,TOLIMA,cabecera,service,4535.157799965869
73148,CARMEN DE APICALA,TOLIMA,cabecera,tertiary,454.3053206628904
73148,CARMEN DE APICALA,TOLIMA,cabecera,track,707.6023389605638
73148,CARMEN DE APICALA,TOLIMA,cabecera,unclassified,2708.442537747614
73148,CARMEN DE APICALA,TOLIMA,rural,bridleway,1891.9322664458832
73148,CARMEN DE APICALA,TOLIMA,rural,path,2894.840304897801
73148,CARMEN DE APICALA,TOLIMA,rural,residential,65693.99020697808
73148,CARMEN DE APICALA,TOLIMA,rural,secondary,23763.16941765329
73148,CARMEN DE APICALA,TOLIMA,rural,service,13379.62203960817
73148,CARMEN DE APICALA,TOLIMA,rural,tertiary,4277.233621249769
73148,CARMEN DE APICALA,TOLIMA,rural,track,29962.64411668976
73148,CARMEN DE APICALA,TOLIMA,rural,trunk,403.96943280284654
73148,CARMEN DE APICALA,TOLIMA,rural,unclassified,92219.50457795498
73168,CHAPARRAL,TOLIMA,cabecera,footway,121.58457164754313
73168,CHAPARRAL,TOLIMA,cabecera,path,858.6060988112115
73168,CHAPARRAL,TOLIMA,cabecera,pedestrian,1859.524817443506
73168,CHAPARRAL,TOLIMA,cabecera,primary,1476.4303713156935
73168,CHAPARRAL,TOLIMA,cabecera,residential,63893.65024321471
73168,CHAPARRAL,TOLIMA,cabecera,secondary,7599.075775504206
73168,CHAPARRAL,TOLIMA,cabecera,service,3658.904302816608
73168,CHAPARRAL,TOLIMA,cabecera,tertiary,3555.492073887179
73168,CHAPARRAL,TOLIMA,cabecera,track,777.4188433934985
73168,CHAPARRAL,TOLIMA,cabecera,unclassified,5256.265259057368
73168,CHAPARRAL,TOLIMA,centro_poblado,residential,2057.6347560254903
73168,CHAPARRAL,TOLIMA,centro_poblado,secondary,1017.1941964934567
73168,CHAPARRAL,TOLIMA,centro_poblado,track,175.48310419750726
73168,CHAPARRAL,TOLIMA,centro_poblado,unclassified,410.60536023585075
73168,CHAPARRAL,TOLIMA,rural,bridleway,755.292535741115
73168,CHAPARRAL,TOLIMA,rural,path,44318.18920735913
73168,CHAPARRAL,TOLIMA,rural,primary,20638.919266954726
73168,CHAPARRAL,TOLIMA,rural,residential,5870.301190312988
73168,CHAPARRAL,TOLIMA,rural,secondary,56107.57888841802
73168,CHAPARRAL,TOLIMA,rural,service,3339.7951718698946
73168,CHAPARRAL,TOLIMA,rural,tertiary,67410.70927976012
73168,CHAPARRAL,TOLIMA,rural,track,25504.697318368577
73168,CHAPARRAL,TOLIMA,rural,unclassified,324183.9563775866
73200,COELLO,TOLIMA,cabecera,footway,328.7380397532722
73200,COELLO,TOLIMA,cabecera,residential,4898.997000751277
73200,COELLO,TOLIMA,cabecera,service,322.13792133515113
73200,COELLO,TOLIMA,cabecera,tertiary,2026.4469352545054
73200,COELLO,TOLIMA,cabecera,track,51.8132447852711
73200,COELLO,TOLIMA,cabecera,unclassified,33.36408028808143
73200,COELLO,TOLIMA,centro_poblado,cycleway,124.50858177387289
73200,COELLO,TOLIMA,centro_poblado,primary,2407.999554573131
73200,COELLO,TOLIMA,centro_poblado,residential,9044.03403681811
73200,COELLO,TOLIMA,centro_poblado,service,587.9251557130176
73200,COELLO,TOLIMA,centro_poblado,tertiary,945.9978608196803
73200,COELLO,TOLIMA,centro_poblado,track,168.3484291694603
73200,COELLO,TOLIMA,centro_poblado,trunk,352.3889323222336
73200,COELLO,TOLIMA,centro_poblado,unclassified,2722.9010781213983
73200,COELLO,TOLIMA,rural,footway,889.5785098568238
73200,COELLO,TOLIMA,rural,path,37927.966084434054
73200,COELLO,TOLIMA,rural,primary,2853.3418670525975
73200,COELLO,TOLIMA,rural,residential,16350.498082898162
73200,COELLO,TOLIMA,rural,service,16980.5027495335
73200,COELLO,TOLIMA,rural,tertiary,43061.85254520316
73200,COELLO,TOLIMA,rural,track,34224.21296558391
73200,COELLO,TOLIMA,rural,trunk,39472.56886761749
73200,COELLO,TOLIMA,rural,unclassified,93930.80474264873
73217,COYAIMA,TOLIMA,cabecera,footway,23.35007009712516
73217,COYAIMA,TOLIMA,cabecera,path,85.76113789199906
73217,COYAIMA,TOLIMA,cabecera,residential,11817.989648198776
73217,COYAIMA,TOLIMA,cabecera,secondary,981.7899105749942
73217,COYAIMA,TOLIMA,cabecera,service,93.89203374403388
73217,COYAIMA,TOLIMA,cabecera,track,20.50125962512037
73217,COYAIMA,TOLIMA,cabecera,unclassified,309.944899711003
73217,COYAIMA,TOLIMA,centro_poblado,path,612.0720309344744
73217,COYAIMA,TOLIMA,centro_poblado,residential,8251.436458983613
73217,COYAIMA,TOLIMA,centro_poblado,secondary,522.5724225879767
73217,COYAIMA,TOLIMA,centro_poblado,service,242.79731472874022
73217,COYAIMA,TOLIMA,centro_poblado,trunk,1233.9320536190692
73217,COYAIMA,TOLIMA,centro_poblado,unclassified,4895.163034487379
73217,COYAIMA,TOLIMA,rural,bridleway,2970.0246621057713
73217,COYAIMA,TOLIMA,rural,path,6545.291240911401
73217,COYAIMA,TOLIMA,rural,residential,25200.337185193657
73217,COYAIMA,TOLIMA,rural,secondary,41361.604259196625
73217,COYAIMA,TOLIMA,rural,service,14536.427008847786
73217,COYAIMA,TOLIMA,rural,track,23940.195760238006
73217,COYAIMA,TOLIMA,rural,trunk,18372.715759480438
73217,COYAIMA,TOLIMA,rural,unclassified,379781.1542967159
73226,CUNDAY,TOLIMA,cabecera,path,366.7572849263828
73226,CUNDAY,TOLIMA,cabecera,residential,11506.769047939633
73226,CUNDAY,TOLIMA,cabecera,secondary,1079.0988366166255
73226,CUNDAY,TOLIMA,cabecera,steps,50.52030840870371
73226,CUNDAY,TOLIMA,cabecera,tertiary,1098.6476111317468
73226,CUNDAY,TOLIMA,cabecera,unclassified,190.1326358022008
73226,CUNDAY,TOLIMA,centro_poblado,path,117.27599230286525
73226,CUNDAY,TOLIMA,centro_poblado,residential,8929.216218382666
73226,CUNDAY,TOLIMA,centro_poblado,tertiary,2492.7038140580867
73226,CUNDAY,TOLIMA,centro_poblado,unclassified,1475.1876843605905
73226,CUNDAY,TOLIMA,rural,bridleway,3097.852847388353
73226,CUNDAY,TOLIMA,rural,path,2758.1442496266322
73226,CUNDAY,TOLIMA,rural,residential,4976.371934886218
73226,CUNDAY,TOLIMA,rural,secondary,26304.399222596327
73226,CUNDAY,TOLIMA,rural,service,1640.0206582821825
73226,CUNDAY,TOLIMA,rural,tertiary,96559.3063081959
73226,CUNDAY,TOLIMA,rural,track,21184.924630951504
73226,CUNDAY,TOLIMA,rural,unclassified,165154.03994573653
73236,DOLORES,TOLIMA,cabecera,footway,112.81625077704707
73236,DOLORES,TOLIMA,cabecera,path,2358.8498179534654
73236,DOLORES,TOLIMA,cabecera,residential,11033.955420361874
73236,DOLORES,TOLIMA,cabecera,secondary,1360.3418843383945
73236,DOLORES,TOLIMA,cabecera,service,78.09289356312644
73236,DOLORES,TOLIMA,cabecera,steps,36.71892244059245
73236,DOLORES,TOLIMA,cabecera,tertiary,329.32974680802187
73236,DOLORES,TOLIMA,cabecera,unclassified,204.89016001739714
73236,DOLORES,TOLIMA,centro_poblado,residential,2182.5479411576903
73236,DOLORES,TOLIMA,centro_poblado,unclassified,865.3228636962363
73236,DOLORES,TOLIMA,rural,bridleway,1073.7430663419025
73236,DOLORES,TOLIMA,rural,path,2585.5091086712087
73236,DOLORES,TOLIMA,rural,residential,18279.285460816303
73236,DOLORES,TOLIMA,rural,secondary,23461.14145189093
73236,DOLORES,TOLIMA,rural,service,828.0207550731074
73236,DOLORES,TOLIMA,rural,tertiary,29710.839184062614
73236,DOLORES,TOLIMA,rural,track,25882.71266668485
73236,DOLORES,TOLIMA,rural,unclassified,161838.30855257655
73268,ESPINAL,TOLIMA,cabecera,footway,4430.596160361738
73268,ESPINAL,TOLIMA,cabecera,path,1192.1110612061088
73268,ESPINAL,TOLIMA,cabecera,pedestrian,1022.300777584831
73268,ESPINAL,TOLIMA,cabecera,primary,7101.603175477914
73268,ESPINAL,TOLIMA,cabecera,residential,138834.09622234915
73268,ESPINAL,TOLIMA,cabecera,service,11728.451561003758
73268,ESPINAL,TOLIMA,cabecera,steps,13.74222248442064
73268,ESPINAL,TOLIMA,cabecera,tertiary,6099.48537222738
73268,ESPINAL,TOLIMA,cabecera,track,565.6875881098624
73268,ESPINAL,TOLIMA,cabecera,trunk,1062.8614870336235
73268,ESPINAL,TOLIMA,cabecera,unclassified,7272.819311521062
73268,ESPINAL,TOLIMA,centro_poblado,footway,300.2767985793471
73268,ESPINAL,TOLIMA,centro_poblado,path,52.53776767728752
73268,ESPINAL,TOLIMA,centro_poblado,primary,2203.9477753785236
73268,ESPINAL,TOLIMA,centro_poblado,residential,15163.280186975488
73268,ESPINAL,TOLIMA,centro_poblado,service,717.6972156473457
73268,ESPINAL,TOLIMA,centro_poblado,tertiary,3422.351639240689
73268,ESPINAL,TOLIMA,centro_poblado,track,1323.6817934883345
73268,ESPINAL,TOLIMA,centro_poblado,unclassified,3498.683188622705
73268,ESPINAL,TOLIMA,rural,bridleway,149.5773238986788
73268,ESPINAL,TOLIMA,rural,footway,1182.0641633798198
73268,ESPINAL,TOLIMA,rural,path,4186.952255981128
73268,ESPINAL,TOLIMA,rural,primary,14209.434126118134
73268,ESPINAL,TOLIMA,rural,residential,28128.304132944057
73268,ESPINAL,TOLIMA,rural,service,40549.20088815703
73268,ESPINAL,TOLIMA,rural,tertiary,47496.37097553421
73268,ESPINAL,TOLIMA,rural,track,37945.95493649301
73268,ESPINAL,TOLIMA,rural,trunk,35503.8214716489
73268,ESPINAL,TOLIMA,rural,unclassified,322555.04126158357
73270,FALAN,TOLIMA,cabecera,footway,36.85725175607813
73270,FALAN,TOLIMA,cabecera,path,229.186041616729
73270,FALAN,TOLIMA,cabecera,residential,4113.869715596268
73270,FALAN,TOLIMA,cabecera,secondary,1663.6674756895382
73270,FALAN,TOLIMA,cabecera,service,46.43890423458022
73270,FALAN,TOLIMA,cabecera,steps,15.564222153234864
73270,FALAN,TOLIMA,cabecera,unclassified,1071.8888699547406
73270,FALAN,TOLIMA,centro_poblado,residential,1787.0571403591368
73270,FALAN,TOLIMA,centro_poblado,secondary,1072.28182190126
73270,FALAN,TOLIMA,centro_poblado,unclassified,1147.3769564846257
73270,FALAN,TOLIMA,rural,bridleway,858.2732907317022
73270,FALAN,TOLIMA,rural,footway,4466.914525203755
73270,FALAN,TOLIMA,rural,path,9127.53946416291
73270,FALAN,TOLIMA,rural,residential,3911.7086021021896
73270,FALAN,TOLIMA,rural,secondary,12497.675597436764
73270,FALAN,TOLIMA,rural,service,4747.06000074469
73270,FALAN,TOLIMA,rural,track,5183.686495476082
73270,FALAN,TOLIMA,rural,trunk,1367.4119416829376
73270,FALAN,TOLIMA,rural,unclassified,211846.2944010709
73275,FLANDES,TOLIMA,cabecera,footway,8545.708618010907
73275,FLANDES,TOLIMA,cabecera,path,125.0823386110193
73275,FLANDES,TOLIMA,cabecera,pedestrian,3510.3886407459104
73275,FLANDES,TOLIMA,cabecera,primary,4311.471849876547
73275,FLANDES,TOLIMA,cabecera,residential,96725.20496648455
73275,FLANDES,TOLIMA,cabecera,service,18022.728749833
73275,FLANDES,TOLIMA,cabecera,steps,8.779606350625322
73275,FLANDES,TOLIMA,cabecera,tertiary,7707.292557380417
73275,FLANDES,TOLIMA,cabecera,track,939.3562315829438
73275,FLANDES,TOLIMA,cabecera,unclassified,3608.421478602948
73275,FLANDES,TOLIMA,centro_poblado,residential,12979.167121657221
73275,FLANDES,TOLIMA,centro_poblado,service,266.20491687698575
73275,FLANDES,TOLIMA,centro_poblado,trunk,88.34209694882765
73275,FLANDES,TOLIMA,centro_poblado,unclassified,5378.254585928226
73275,FLANDES,TOLIMA,rural,footway,474.348175679698
73275,FLANDES,TOLIMA,rural,primary,6875.52603945428
73275,FLANDES,TOLIMA,rural,residential,9853.677539149734
73275,FLANDES,TOLIMA,rural,service,34803.041059564384
73275,FLANDES,TOLIMA,rural,tertiary,10347.369944717646
73275,FLANDES,TOLIMA,rural,track,10564.515153399268
73275,FLANDES,TOLIMA,rural,trunk,48126.550652151804
73275,FLANDES,TOLIMA,rural,unclassified,74011.7914374395
73283,FRESNO,TOLIMA,cabecera,footway,746.5906581630423
73283,FRESNO,TOLIMA,cabecera,path,182.1891250980259
73283,FRESNO,TOLIMA,cabecera,residential,18732.865930425975
73283,FRESNO,TOLIMA,cabecera,service,1244.0326205219985
73283,FRESNO,TOLIMA,cabecera,steps,411.2098266920296
73283,FRESNO,TOLIMA,cabecera,tertiary,1011.2320289803046
73283,FRESNO,TOLIMA,cabecera,track,128.0901947861824
73283,FRESNO,TOLIMA,cabecera,trunk,3534.198954310655
73283,FRESNO,TOLIMA,cabecera,unclassified,609.9311575817644
73283,FRESNO,TOLIMA,centro_poblado,residential,1536.9070586088633
73283,FRESNO,TOLIMA,centro_poblado,tertiary,768.2764941444159
73283,FRESNO,TOLIMA,centro_poblado,trunk,590.5852606072323
73283,FRESNO,TOLIMA,centro_poblado,unclassified,2099.1044730049853
73283,FRESNO,TOLIMA,rural,path,1811.5932646248893
73283,FRESNO,TOLIMA,rural,residential,5822.357331167007
73283,FRESNO,TOLIMA,rural,secondary,8971.54260797638
73283,FRESNO,TOLIMA,rural,service,13075.900749498373
73283,FRESNO,TOLIMA,rural,steps,2.135236054632468
73283,FRESNO,TOLIMA,rural,tertiary,27162.368379997763
73283,FRESNO,TOLIMA,rural,track,9730.24196135327
73283,FRESNO,TOLIMA,rural,trunk,24777.680218806752
73283,FRESNO,TOLIMA,rural,unclassified,335798.2307556113
73319,GUAMO,TOLIMA,cabecera,footway,193.61337044458168
73319,GUAMO,TOLIMA,cabecera,path,942.9967171655651
73319,GUAMO,TOLIMA,cabecera,primary,2798.950255240638
73319,GUAMO,TOLIMA,cabecera,residential,45253.76081979694
73319,GUAMO,TOLIMA,cabecera,secondary,2302.6183098417823
73319,GUAMO,TOLIMA,cabecera,service,6078.684834179251
73319,GUAMO,TOLIMA,cabecera,tertiary,5071.8209200579195
73319,GUAMO,TOLIMA,cabecera,track,182.89447273076792
73319,GUAMO,TOLIMA,cabecera,trunk,3985.3099048722665
73319,GUAMO,TOLIMA,cabecera,unclassified,4695.24788602554
73319,GUAMO,TOLIMA,centro_poblado,residential,5471.158681809293
73319,GUAMO,TOLIMA,centro_poblado,service,96.86348884525447
73319,GUAMO,TOLIMA,centro_poblado,tertiary,8485.362258918536
73319,GUAMO,TOLIMA,centro_poblado,track,978.6267567155953
73319,GUAMO,TOLIMA,centro_poblado,trunk,197.94238570996038
73319,GUAMO,TOLIMA,centro_poblado,unclassified,11679.239668280446
73319,GUAMO,TOLIMA,rural,bridleway,920.6108187946109
73319,GUAMO,TOLIMA,rural,footway,23.068339318205926
73319,GUAMO,TOLIMA,rural,path,2324.8536676815656
73319,GUAMO,TOLIMA,rural,primary,12687.227378239479
73319,GUAMO,TOLIMA,rural,residential,37477.688649112366
73319,GUAMO,TOLIMA,rural,secondary,11727.79392482876
73319,GUAMO,TOLIMA,rural,service,55009.57164318587
73319,GUAMO,TOLIMA,rural,tertiary,95820.46849540796
73319,GUAMO,TOLIMA,rural,track,64256.29567303488
73319,GUAMO,TOLIMA,rural,trunk,40100.75960221786
73319,GUAMO,TOLIMA,rural,unclassified,468462.9928321982
73347,HERVEO,TOLIMA,cabecera,footway,276.0912060620507
73347,HERVEO,TOLIMA,cabecera,path,537.3079565619407
73347,HERVEO,TOLIMA,cabecera,residential,4451.9697791171175
73347,HERVEO,TOLIMA,cabecera,service,91.42288483021584
73347,HERVEO,TOLIMA,cabecera,steps,8.694618501326147
73347,HERVEO,TOLIMA,cabecera,tertiary,1012.5608644973181
73347,HERVEO,TOLIMA,cabecera,unclassified,203.6849364608205
73347,HERVEO,TOLIMA,centro_poblado,footway,99.76301459088671
73347,HERVEO,TOLIMA,centro_poblado,residential,2056.661749111391
73347,HERVEO,TOLIMA,centro_poblado,service,969.3481179550283
73347,HERVEO,TOLIMA,centro_poblado,track,23.937062725904784
73347,HERVEO,TOLIMA,centro_poblado,trunk,1658.9868299675827
73347,HERVEO,TOLIMA,centro_poblado,unclassified,971.4756637893565
73347,HERVEO,TOLIMA,rural,bridleway,3565.985510420138
73347,HERVEO,TOLIMA,rural,footway,47.201176776044115
73347,HERVEO,TOLIMA,rural,path,25300.378057355283
73347,HERVEO,TOLIMA,rural,primary,1730.290798916269
73347,HERVEO,TOLIMA,rural,residential,685.6903032735141
73347,HERVEO,TOLIMA,rural,service,3898.563337634701
73347,HERVEO,TOLIMA,rural,steps,2.025862089088874
73347,HERVEO,TOLIMA,rural,tertiary,29632.434352098862
73347,HERVEO,TOLIMA,rural,track,33995.121159324546
73347,HERVEO,TOLIMA,rural,trunk,35866.957491752175
73347,HERVEO,TOLIMA,rural,unclassified,133733.82126971832
73349,HONDA,TOLIMA,cabecera,footway,651.8122395712772
73349,HONDA,TOLIMA,cabecera,path,656.5933403358104
73349,HONDA,TOLIMA,cabecera,pedestrian,450.19795517928213
73349,HONDA,TOLIMA,cabecera,residential,72693.62357196772
73349,HONDA,TOLIMA,cabecera,service,11167.84509024988
73349,HONDA,TOLIMA,cabecera,steps,611.0769975245686
73349,HONDA,TOLIMA,cabecera,tertiary,7308.3260637451185
73349,HONDA,TOLIMA,cabecera,track,961.1708817176607
73349,HONDA,TOLIMA,cabecera,trunk,8130.723184590679
73349,HONDA,TOLIMA,cabecera,unclassified,5274.517046730773
73349,HONDA,TOLIMA,centro_poblado,unclassified,564.9109289801415
73349,HONDA,TOLIMA,rural,footway,2161.134729357965
73349,HONDA,TOLIMA,rural,path,6531.695209660531
73349,HONDA,TOLIMA,rural,primary,540.5553806837145
73349,HONDA,TOLIMA,rural,residential,4703.193359292773
73349,HONDA,TOLIMA,rural,service,3496.537665451909
73349,HONDA,TOLIMA,rural,steps,6.395800395115684
73349,HONDA,TOLIMA,rural,tertiary,3996.2687924657143
73349,HONDA,TOLIMA,rural,track,42461.781270020576
73349,HONDA,TOLIMA,rural,trunk,16655.27767442975
73349,HONDA,TOLIMA,rural,unclassified,52126.26543838599
73352,ICONONZO,TOLIMA,cabecera,footway,859.6035379981228
73352,ICONONZO,TOLIMA,cabecera,path,1118.3006133399454
73352,ICONONZO,TOLIMA,cabecera,residential,9815.882146303593
73352,ICONONZO,TOLIMA,cabecera,secondary,471.8094447190895
73352,ICONONZO,TOLIMA,cabecera,service,123.25367901823513
73352,ICONONZO,TOLIMA,cabecera,steps,56.285929007378456
73352,ICONONZO,TOLIMA,cabecera,tertiary,1506.88837338506
73352,ICONONZO,TOLIMA,cabecera,unclassified,427.2784165376956
73352,ICONONZO,TOLIMA,centro_poblado,path,108.70965661200214
73352,ICONONZO,TOLIMA,centro_poblado,residential,2286.6031336871606
73352,ICONONZO,TOLIMA,centro_poblado,service,68.78500893128043
73352,ICONONZO,TOLIMA,centro_poblado,tertiary,956.9166310349847
73352,ICONONZO,TOLIMA,centro_poblado,track,76.99734077309007
73352,ICONONZO,TOLIMA,centro_poblado,trunk,969.127515764432
73352,ICONONZO,TOLIMA,centro_poblado,unclassified,1583.685783778925
73352,ICONONZO,TOLIMA,rural,path,13396.936481094503
73352,ICONONZO,TOLIMA,rural,residential,5322.7204273843345
73352,ICONONZO,TOLIMA,rural,secondary,3197.9189439454894
73352,ICONONZO,TOLIMA,rural,service,7050.085313882966
73352,ICONONZO,TOLIMA,rural,tertiary,84515.34796757343
73352,ICONONZO,TOLIMA,rural,track,15420.359567666539
73352,ICONONZO,TOLIMA,rural,trunk,2079.888972125568
73352,ICONONZO,TOLIMA,rural,unclassified,141755.21074979135
73408,LERIDA,TOLIMA,cabecera,footway,463.9652856204009
73408,LERIDA,TOLIMA,cabecera,path,1273.7518348348963
73408,LERIDA,TOLIMA,cabecera,residential,58288.022548902394
73408,LERIDA,TOLIMA,cabecera,service,1534.3581052534662
73408,LERIDA,TOLIMA,cabecera,tertiary,311.663624457381
73408,LERIDA,TOLIMA,cabecera,trunk,3064.5995405381977
73408,LERIDA,TOLIMA,cabecera,unclassified,1218.565778891382
73408,LERIDA,TOLIMA,centro_poblado,primary,671.3920627223986
73408,LERIDA,TOLIMA,centro_poblado,residential,7013.315143004874
73408,LERIDA,TOLIMA,centro_poblado,service,147.6682139147033
73408,LERIDA,TOLIMA,centro_poblado,tertiary,2291.451389858845
73408,LERIDA,TOLIMA,centro_poblado,track,97.76127806420477
73408,LERIDA,TOLIMA,centro_poblado,unclassified,3237.403813360978
73408,LERIDA,TOLIMA,rural,bridleway,405.1676071826151
73408,LERIDA,TOLIMA,rural,path,121.29278583867261
73408,LERIDA,TOLIMA,rural,pedestrian,97.2254633074706
73408,LERIDA,TOLIMA,rural,primary,14804.983521844955
73408,LERIDA,TOLIMA,rural,residential,5096.098913676464
73408,LERIDA,TOLIMA,rural,service,10783.396188347024
73408,LERIDA,TOLIMA,rural,tertiary,20104.07115024671
73408,LERIDA,TOLIMA,rural,track,52386.90640541464
73408,LERIDA,TOLIMA,rural,trunk,17938.39639600591
73408,LERIDA,TOLIMA,rural,unclassified,224597.44659028633
73411,LIBANO,TOLIMA,cabecera,bridleway,5.309053019978458
73411,LIBANO,TOLIMA,cabecera,footway,5633.324134797326
73411,LIBANO,TOLIMA,cabecera,path,3140.5826225532055
73411,LIBANO,TOLIMA,cabecera,pedestrian,84.71821710856018
73411,LIBANO,TOLIMA,cabecera,primary,6177.587854160728
73411,LIBANO,TOLIMA,cabecera,residential,43036.736641985975
73411,LIBANO,TOLIMA,cabecera,service,2256.192033294358
73411,LIBANO,TOLIMA,cabecera,steps,300.41989505665987
73411,LIBANO,TOLIMA,cabecera,tertiary,2140.2639323638114
73411,LIBANO,TOLIMA,cabecera,track,161.7802721435412
73411,LIBANO,TOLIMA,cabecera,unclassified,5272.231176602668
73411,LIBANO,TOLIMA,centro_poblado,primary,1053.937351204604
73411,LIBANO,TOLIMA,centro_poblado,residential,3703.318572900409
73411,LIBANO,TOLIMA,centro_poblado,service,58.52578781504204
73411,LIBANO,TOLIMA,centro_poblado,steps,101.82101312874263
73411,LIBANO,TOLIMA,centro_poblado,tertiary,423.6493608714507
73411,LIBANO,TOLIMA,centro_poblado,unclassified,655.9236327379331
73411,LIBANO,TOLIMA,rural,bridleway,9234.966048795828
73411,LIBANO,TOLIMA,rural,footway,9043.23453500393
73411,LIBANO,TOLIMA,rural,path,28143.86366388716
73411,LIBANO,TOLIMA,rural,primary,23575.8576995255
73411,LIBANO,TOLIMA,rural,residential,5446.1615373140485
73411,LIBANO,TOLIMA,rural,service,5893.194698983735
73411,LIBANO,TOLIMA,rural,steps,15.875553390890019
73411,LIBANO,TOLIMA,rural,tertiary,27063.8914599825
73411,LIBANO,TOLIMA,rural,track,14609.163076018363
73411,LIBANO,TOLIMA,rural,unclassified,352012.66752431163
73443,MARIQUITA,TOLIMA,cabecera,footway,1681.5480773279826
73443,MARIQUITA,TOLIMA,cabecera,pedestrian,121.0819247513474
73443,MARIQUITA,TOLIMA,cabecera,residential,71245.68356278377
73443,MARIQUITA,TOLIMA,cabecera,secondary,1920.2784395746626
73443,MARIQUITA,TOLIMA,cabecera,service,6004.786970391368
73443,MARIQUITA,TOLIMA,cabecera,tertiary,1500.4583103366674
73443,MARIQUITA,TOLIMA,cabecera,track,371.85429917021247
73443,MARIQUITA,TOLIMA,cabecera,trunk,6356.408137280361
73443,MARIQUITA,TOLIMA,cabecera,unclassified,1991.9189991763571
73443,MARIQUITA,TOLIMA,centro_poblado,residential,1991.8563418644683
73443,MARIQUITA,TOLIMA,centro_poblado,service,14.28138967237301
73443,MARIQUITA,TOLIMA,centro_poblado,trunk,579.6932010248182
73443,MARIQUITA,TOLIMA,centro_poblado,unclassified,2280.4068599728344
73443,MARIQUITA,TOLIMA,rural,bridleway,3189.396766080389
73443,MARIQUITA,TOLIMA,rural,footway,938.0171033474915
73443,MARIQUITA,TOLIMA,rural,path,9308.99487759983
73443,MARIQUITA,TOLIMA,rural,pedestrian,49.867340790849596
73443,MARIQUITA,TOLIMA,rural,residential,14324.837349009023
73443,MARIQUITA,TOLIMA,rural,secondary,12189.877854355213
73443,MARIQUITA,TOLIMA,rural,service,11308.31028662619
73443,MARIQUITA,TOLIMA,rural,track,30070.21798598433
73443,MARIQUITA,TOLIMA,rural,trunk,21086.50609218171
73443,MARIQUITA,TOLIMA,rural,unclassified,305347.978288716
73449,MELGAR,TOLIMA,cabecera,footway,1104.5263125066447
73449,MELGAR,TOLIMA,cabecera,path,1703.163589898718
73449,MELGAR,TOLIMA,cabecera,pedestrian,536.0511646621305
73449,MELGAR,TOLIMA,cabecera,residential,103402.34770258737
73449,MELGAR,TOLIMA,cabecera,secondary,13748.284329685997
73449,MELGAR,TOLIMA,cabecera,service,28159.48786382747
73449,MELGAR,TOLIMA,cabecera,steps,637.7060841093187
73449,MELGAR,TOLIMA,cabecera,tertiary,7525.36134606808
73449,MELGAR,TOLIMA,cabecera,track,222.70868883704105
73449,MELGAR,TOLIMA,cabecera,unclassified,12539.315402545906
73449,MELGAR,TOLIMA,centro_poblado,path,52.26912592982839
73449,MELGAR,TOLIMA,centro_poblado,pedestrian,162.4008116970047
73449,MELGAR,TOLIMA,centro_poblado,residential,20630.54717689558
73449,MELGAR,TOLIMA,centro_poblado,secondary,2891.578555320471
73449,MELGAR,TOLIMA,centro_poblado,service,287.13940096562794
73449,MELGAR,TOLIMA,centro_poblado,tertiary,560.7410983827934
73449,MELGAR,TOLIMA,centro_poblado,track,373.5229156500915
73449,MELGAR,TOLIMA,centro_poblado,trunk,1044.0120209044348
73449,MELGAR,TOLIMA,centro_poblado,unclassified,2721.1884947994185
73449,MELGAR,TOLIMA,rural,footway,157.09874686467228
73449,MELGAR,TOLIMA,rural,path,1955.5444243897587
73449,MELGAR,TOLIMA,rural,pedestrian,21.53576691717306
73449,MELGAR,TOLIMA,rural,residential,39536.56928092324
73449,MELGAR,TOLIMA,rural,secondary,21461.96898381159
73449,MELGAR,TOLIMA,rural,service,29258.652338152384
73449,MELGAR,TOLIMA,rural,tertiary,14930.399113983643
73449,MELGAR,TOLIMA,rural,track,17390.260219883778
73449,MELGAR,TOLIMA,rural,trunk,22440.470781930853
73449,MELGAR,TOLIMA,rural,unclassified,146126.49248610868
73483,NATAGAIMA,TOLIMA,cabecera,footway,27.33223531195753
73483,NATAGAIMA,TOLIMA,cabecera,residential,25225.822726570263
73483,NATAGAIMA,TOLIMA,cabecera,service,632.7378730221891
73483,NATAGAIMA,TOLIMA,cabecera,tertiary,1542.7519409770089
73483,NATAGAIMA,TOLIMA,cabecera,trunk,96.2478424034499
73483,NATAGAIMA,TOLIMA,cabecera,unclassified,2705.000608221903
73483,NATAGAIMA,TOLIMA,centro_poblado,residential,4765.193085494538
73483,NATAGAIMA,TOLIMA,centro_poblado,service,5.58236584806277
73483,NATAGAIMA,TOLIMA,centro_poblado,trunk,356.54407021432377
73483,NATAGAIMA,TOLIMA,centro_poblado,unclassified,1528.15201207259
73483,NATAGAIMA,TOLIMA,rural,footway,65.18330870611392
73483,NATAGAIMA,TOLIMA,rural,path,888.2778828269068
73483,NATAGAIMA,TOLIMA,rural,residential,32442.260585111115
73483,NATAGAIMA,TOLIMA,rural,service,14600.217979156889
73483,NATAGAIMA,TOLIMA,rural,tertiary,7655.069099101173
73483,NATAGAIMA,TOLIMA,rural,track,19164.558681551458
73483,NATAGAIMA,TOLIMA,rural,trunk,32590.054207835383
73483,NATAGAIMA,TOLIMA,rural,unclassified,151298.26931141145
73504,ORTEGA,TOLIMA,cabecera,footway,427.5705466933723
73504,ORTEGA,TOLIMA,cabecera,path,41.92731534089522
73504,ORTEGA,TOLIMA,cabecera,primary,1147.054942670693
73504,ORTEGA,TOLIMA,cabecera,residential,19949.115900161607
73504,ORTEGA,TOLIMA,cabecera,service,300.5646191041093
73504,ORTEGA,TOLIMA,cabecera,steps,59.22631821272056
73504,ORTEGA,TOLIMA,cabecera,unclassified,1160.9401953335368
73504,ORTEGA,TOLIMA,centro_poblado,primary,1411.0989692886037
73504,ORTEGA,TOLIMA,centro_poblado,residential,7417.012387421689
73504,ORTEGA,TOLIMA,centro_poblado,service,176.91084962338437
73504,ORTEGA,TOLIMA,centro_poblado,unclassified,4882.9677556647375
73504,ORTEGA,TOLIMA,rural,footway,6834.487968838951
73504,ORTEGA,TOLIMA,rural,path,803.0471972008335
73504,ORTEGA,TOLIMA,rural,primary,38921.56723489607
73504,ORTEGA,TOLIMA,rural,residential,16505.895486028352
73504,ORTEGA,TOLIMA,rural,service,1038.366455346465
73504,ORTEGA,TOLIMA,rural,tertiary,425.39904202605055
73504,ORTEGA,TOLIMA,rural,track,55771.90052091494
73504,ORTEGA,TOLIMA,rural,unclassified,412265.1881999071
73520,PALOCABILDO,TOLIMA,cabecera,footway,195.450164591606
73520,PALOCABILDO,TOLIMA,cabecera,path,171.66745116989225
73520,PALOCABILDO,TOLIMA,cabecera,residential,4678.302601968607
73520,PALOCABILDO,TOLIMA,cabecera,secondary,50.542137605364935
73520,PALOCABILDO,TOLIMA,cabecera,service,73.88724215689658
73520,PALOCABILDO,TOLIMA,cabecera,tertiary,1759.0354311556082
73520,PALOCABILDO,TOLIMA,cabecera,unclassified,832.1092851058154
73520,PALOCABILDO,TOLIMA,centro_poblado,residential,749.9346233935764
73520,PALOCABILDO,TOLIMA,centro_poblado,secondary,286.8784351005082
73520,PALOCABILDO,TOLIMA,centro_poblado,track,34.62602487138593
73520,PALOCABILDO,TOLIMA,centro_poblado,unclassified,284.3180585044025
73520,PALOCABILDO,TOLIMA,rural,bridleway,760.1199560641938
73520,PALOCABILDO,TOLIMA,rural,path,1827.6799758415941
73520,PALOCABILDO,TOLIMA,rural,residential,8734.631472043746
73520,PALOCABILDO,TOLIMA,rural,secondary,4357.603475457685
73520,PALOCABILDO,TOLIMA,rural,service,1351.6226826402742
73520,PALOCABILDO,TOLIMA,rural,tertiary,4470.586011253686
73520,PALOCABILDO,TOLIMA,rural,track,10246.9569658873
73520,PALOCABILDO,TOLIMA,rural,unclassified,142257.07377680254
73555,PLANADAS,TOLIMA,cabecera,footway,519.5233516482231
73555,PLANADAS,TOLIMA,cabecera,path,39.64479784931794
73555,PLANADAS,TOLIMA,cabecera,pedestrian,73.82223471140023
73555,PLANADAS,TOLIMA,cabecera,residential,15773.784340806178
73555,PLANADAS,TOLIMA,cabecera,secondary,136.39832919734235
73555,PLANADAS,TOLIMA,cabecera,service,68.44777808411251
73555,PLANADAS,TOLIMA,cabecera,tertiary,620.9991330429045
73555,PLANADAS,TOLIMA,centro_poblado,path,111.43201457359996
73555,PLANADAS,TOLIMA,centro_poblado,residential,4860.866930500541
73555,PLANADAS,TOLIMA,centro_poblado,secondary,204.55071648981996
73555,PLANADAS,TOLIMA,centro_poblado,tertiary,1282.6266569014956
73555,PLANADAS,TOLIMA,centro_poblado,track,133.6291613064732
73555,PLANADAS,TOLIMA,centro_poblado,unclassified,218.18845841345293
73555,PLANADAS,TOLIMA,rural,bridleway,6863.581587183709
73555,PLANADAS,TOLIMA,rural,footway,12.210921937225027
73555,PLANADAS,TOLIMA,rural,path,7881.558147816992
73555,PLANADAS,TOLIMA,rural,residential,2828.162431919975
73555,PLANADAS,TOLIMA,rural,secondary,16501.642611113377
73555,PLANADAS,TOLIMA,rural,service,675.7406862192304
73555,PLANADAS,TOLIMA,rural,tertiary,120829.83399698751
73555,PLANADAS,TOLIMA,rural,track,8548.519493468617
73555,PLANADAS,TOLIMA,rural,unclassified,158050.80470917348
73563,PRADO,TOLIMA,cabecera,footway,370.1058491050627
73563,PRADO,TOLIMA,cabecera,path,539.1958724547172
73563,PRADO,TOLIMA,cabecera,residential,15190.054077281027
73563,PRADO,TOLIMA,cabecera,secondary,1400.8073581836054
73563,PRADO,TOLIMA,cabecera,tertiary,493.66929378377023
73563,PRADO,TOLIMA,cabecera,unclassified,361.7060041148021
73563,PRADO,TOLIMA,centro_poblado,residential,963.4738880492791
73563,PRADO,TOLIMA,centro_poblado,tertiary,108.18568022454392
73563,PRADO,TOLIMA,centro_poblado,unclassified,149.1088953850575
73563,PRADO,TOLIMA,rural,bridleway,916.6806517837184
73563,PRADO,TOLIMA,rural,footway,748.0916794635763
73563,PRADO,TOLIMA,rural,path,2740.7856731744832
73563,PRADO,TOLIMA,rural,residential,11662.748436906062
73563,PRADO,TOLIMA,rural,secondary,20704.62646505104
73563,PRADO,TOLIMA,rural,service,5596.682500490993
73563,PRADO,TOLIMA,rural,tertiary,10387.32533531825
73563,PRADO,TOLIMA,rural,track,43977.646736473005
73563,PRADO,TOLIMA,rural,unclassified,158405.83658676659
73585,PURIFICACION,TOLIMA,cabecera,footway,5308.101049948377
73585,PURIFICACION,TOLIMA,cabecera,path,919.1280373007011
73585,PURIFICACION,TOLIMA,cabecera,residential,48889.329651072956
73585,PURIFICACION,TOLIMA,cabecera,secondary,4328.562221149921
73585,PURIFICACION,TOLIMA,cabecera,service,1061.6854223051985
73585,PURIFICACION,TOLIMA,cabecera,steps,282.80337058422083
73585,PURIFICACION,TOLIMA,cabecera,track,1089.3050440476936
73585,PURIFICACION,TOLIMA,cabecera,unclassified,3181.0229048377587
73585,PURIFICACION,TOLIMA,centro_poblado,residential,14473.292781892254
73585,PURIFICACION,TOLIMA,centro_poblado,secondary,687.0197289216572
73585,PURIFICACION,TOLIMA,centro_poblado,service,51.271518972543035
73585,PURIFICACION,TOLIMA,centro_poblado,tertiary,495.4175029883891
73585,PURIFICACION,TOLIMA,centro_poblado,unclassified,2482.4114459340244
73585,PURIFICACION,TOLIMA,rural,footway,263.00333035602836
73585,PURIFICACION,TOLIMA,rural,path,186.77815690382988
73585,PURIFICACION,TOLIMA,rural,residential,28098.490067760074
73585,PURIFICACION,TOLIMA,rural,secondary,10783.541397980138
73585,PURIFICACION,TOLIMA,rural,service,6814.597513339274
73585,PURIFICACION,TOLIMA,rural,tertiary,17406.46094929777
73585,PURIFICACION,TOLIMA,rural,track,63925.7335149847
73585,PURIFICACION,TOLIMA,rural,unclassified,240654.64960755303
73616,RIOBLANCO,TOLIMA,cabecera,pedestrian,167.08202758689237
73616,RIOBLANCO,TOLIMA,cabecera,residential,6560.062166087362
73616,RIOBLANCO,TOLIMA,cabecera,secondary,1020.9206981262756
73616,RIOBLANCO,TOLIMA,cabecera,tertiary,719.5252602227079
73616,RIOBLANCO,TOLIMA,centro_poblado,footway,68.8724406226391
73616,RIOBLANCO,TOLIMA,centro_poblado,residential,5228.99301173168
73616,RIOBLANCO,TOLIMA,centro_poblado,tertiary,937.175023722814
73616,RIOBLANCO,TOLIMA,centro_poblado,track,323.43288794770046
73616,RIOBLANCO,TOLIMA,centro_poblado,unclassified,65.111805172161
73616,RIOBLANCO,TOLIMA,rural,bridleway,118330.96262662961
73616,RIOBLANCO,TOLIMA,rural,footway,16.860386327867044
73616,RIOBLANCO,TOLIMA,rural,path,37501.58469623755
73616,RIOBLANCO,TOLIMA,rural,residential,7302.8107897000045
73616,RIOBLANCO,TOLIMA,rural,secondary,7788.610047028115
73616,RIOBLANCO,TOLIMA,rural,service,699.6622481613699
73616,RIOBLANCO,TOLIMA,rural,tertiary,85102.19092696375
73616,RIOBLANCO,TOLIMA,rural,track,30708.06752760598
73616,RIOBLANCO,TOLIMA,rural,unclassified,185788.14066381645
73624,ROVIRA,TOLIMA,cabecera,footway,1210.2295611409868
73624,ROVIRA,TOLIMA,cabecera,path,1660.2270496757785
73624,ROVIRA,TOLIMA,cabecera,residential,26317.987210803607
73624,ROVIRA,TOLIMA,cabecera,secondary,439.87556917313225
73624,ROVIRA,TOLIMA,cabecera,service,149.1913745602221
73624,ROVIRA,TOLIMA,cabecera,steps,360.0173984512516
73624,ROVIRA,TOLIMA,cabecera,tertiary,1381.1254799394494
73624,ROVIRA,TOLIMA,cabecera,unclassified,1018.2476493729694
73624,ROVIRA,TOLIMA,centro_poblado,residential,1329.7415586424077
73624,ROVIRA,TOLIMA,centro_poblado,tertiary,1248.7642117853532
73624,ROVIRA,TOLIMA,centro_poblado,track,51.8060704026774
73624,ROVIRA,TOLIMA,centro_poblado,unclassified,1806.5568557703193
73624,ROVIRA,TOLIMA,rural,bridleway,16325.686870323023
73624,ROVIRA,TOLIMA,rural,footway,2982.5796384413698
73624,ROVIRA,TOLIMA,rural,path,8387.692747728855
73624,ROVIRA,TOLIMA,rural,residential,12871.113588400382
73624,ROVIRA,TOLIMA,rural,secondary,10264.924541859298
73624,ROVIRA,TOLIMA,rural,service,9375.33781320407
73624,ROVIRA,TOLIMA,rural,tertiary,42574.35019153502
73624,ROVIRA,TOLIMA,rural,track,33175.93760982498
73624,ROVIRA,TOLIMA,rural,unclassified,241849.9102077862
73671,SALDAÑA,TOLIMA,cabecera,residential,26600.597465157618
73671,SALDAÑA,TOLIMA,cabecera,secondary,1429.3028527157187
73671,SALDAÑA,TOLIMA,cabecera,service,1159.4084088604889
73671,SALDAÑA,TOLIMA,cabecera,tertiary,603.9008052305767
73671,SALDAÑA,TOLIMA,cabecera,trunk,2876.663696939498
73671,SALDAÑA,TOLIMA,cabecera,unclassified,1958.6570670982244
73671,SALDAÑA,TOLIMA,centro_poblado,pedestrian,314.0710388739801
73671,SALDAÑA,TOLIMA,centro_poblado,residential,7189.072024096363
73671,SALDAÑA,TOLIMA,centro_poblado,service,142.02924095976744
73671,SALDAÑA,TOLIMA,centro_poblado,unclassified,1310.038710338599
73671,SALDAÑA,TOLIMA,rural,footway,901.3483402815978
73671,SALDAÑA,TOLIMA,rural,path,878.0173073230793
73671,SALDAÑA,TOLIMA,rural,residential,23523.945043032825
73671,SALDAÑA,TOLIMA,rural,secondary,3369.8286780145886
73671,SALDAÑA,TOLIMA,rural,service,11954.063352420406
73671,SALDAÑA,TOLIMA,rural,tertiary,4120.676330274564
73671,SALDAÑA,TOLIMA,rural,track,55645.11775045065
73671,SALDAÑA,TOLIMA,rural,trunk,17725.624391136622
73671,SALDAÑA,TOLIMA,rural,unclassified,175167.67398207134
73678,SAN LUIS,TOLIMA,cabecera,footway,570.3959498680617
73678,SAN LUIS,TOLIMA,cabecera,path,32.81930242116011
73678,SAN LUIS,TOLIMA,cabecera,residential,11311.46508782342
73678,SAN LUIS,TOLIMA,cabecera,secondary,81.91374754069957
73678,SAN LUIS,TOLIMA,cabecera,service,53.62937628908831
73678,SAN LUIS,TOLIMA,cabecera,tertiary,1263.6188943329928
73678,SAN LUIS,TOLIMA,centro_poblado,footway,176.42795245668572
73678,SAN LUIS,TOLIMA,centro_poblado,path,100.62059536097094
73678,SAN LUIS,TOLIMA,centro_poblado,residential,6198.7800469705935
73678,SAN LUIS,TOLIMA,centro_poblado,service,121.11913379793685
73678,SAN LUIS,TOLIMA,centro_poblado,tertiary,1038.820006809536
73678,SAN LUIS,TOLIMA,centro_poblado,unclassified,208.88320392004744
73678,SAN LUIS,TOLIMA,rural,bridleway,1846.154798123682
73678,SAN LUIS,TOLIMA,rural,footway,6275.644516615507
73678,SAN LUIS,TOLIMA,rural,path,11270.648285692458
73678,SAN LUIS,TOLIMA,rural,primary,4394.559748164515
73678,SAN LUIS,TOLIMA,rural,residential,51335.092819076526
73678,SAN LUIS,TOLIMA,rural,secondary,6351.6887382718805
73678,SAN LUIS,TOLIMA,rural,service,21977.390196393186
73678,SAN LUIS,TOLIMA,rural,tertiary,66108.25145675814
73678,SAN LUIS,TOLIMA,rural,track,49532.75534208909
73678,SAN LUIS,TOLIMA,rural,unclassified,414261.91855283483
73861,VENADILLO,TOLIMA,cabecera,footway,512.6736314323332
73861,VENADILLO,TOLIMA,cabecera,path,220.00604666800413
73861,VENADILLO,TOLIMA,cabecera,pedestrian,626.127420951955
73861,VENADILLO,TOLIMA,cabecera,residential,23525.341552583162
73861,VENADILLO,TOLIMA,cabecera,secondary,3027.516609814292
73861,VENADILLO,TOLIMA,cabecera,service,1519.4429195912764
73861,VENADILLO,TOLIMA,cabecera,trunk,1083.799419174653
73861,VENADILLO,TOLIMA,cabecera,unclassified,427.38713570361006
73861,VENADILLO,TOLIMA,centro_poblado,path,33.44753808406299
73861,VENADILLO,TOLIMA,centro_poblado,residential,2388.4260237687954
73861,VENADILLO,TOLIMA,centro_poblado,tertiary,1229.2852504011269
73861,VENADILLO,TOLIMA,centro_poblado,unclassified,792.1432009184382
73861,VENADILLO,TOLIMA,rural,bridleway,4287.074641853979
73861,VENADILLO,TOLIMA,rural,footway,51.44803215417231
73861,VENADILLO,TOLIMA,rural,path,3485.368893361264
73861,VENADILLO,TOLIMA,rural,residential,5715.67691778449
73861,VENADILLO,TOLIMA,rural,secondary,14475.234975369869
73861,VENADILLO,TOLIMA,rural,service,9854.35253840885
73861,VENADILLO,TOLIMA,rural,tertiary,24173.435630629956
73861,VENADILLO,TOLIMA,rural,track,52362.04329961567
73861,VENADILLO,TOLIMA,rural,trunk,16685.381595074665
73861,VENADILLO,TOLIMA,rural,unclassified,214395.85457837654
73870,VILLAHERMOSA,TOLIMA,cabecera,footway,1141.0565393057389
73870,VILLAHERMOSA,TOLIMA,cabecera,path,423.8976110379613
73870,VILLAHERMOSA,TOLIMA,cabecera,residential,5439.609744067187
73870,VILLAHERMOSA,TOLIMA,cabecera,service,89.49482987804191
73870,VILLAHERMOSA,TOLIMA,cabecera,tertiary,1657.243498098578
73870,VILLAHERMOSA,TOLIMA,cabecera,track,94.4760536445152
73870,VILLAHERMOSA,TOLIMA,cabecera,unclassified,147.45325071033662
73870,VILLAHERMOSA,TOLIMA,rural,bridleway,27408.022546694454
73870,VILLAHERMOSA,TOLIMA,rural,footway,347.57427521180597
73870,VILLAHERMOSA,TOLIMA,rural,path,24015.913367769248
73870,VILLAHERMOSA,TOLIMA,rural,primary,12808.87322308216
73870,VILLAHERMOSA,TOLIMA,rural,residential,1051.5377073339196
73870,VILLAHERMOSA,TOLIMA,rural,service,73.0788530393852
73870,VILLAHERMOSA,TOLIMA,rural,tertiary,26583.086006775244
73870,VILLAHERMOSA,TOLIMA,rural,track,14091.652877704515
73870,VILLAHERMOSA,TOLIMA,rural,unclassified,129593.23391691677
76020,ALCALA,VALLE,cabecera,footway,164.27683230183595
76020,ALCALA,VALLE,cabecera,pedestrian,563.6112369888326
76020,ALCALA,VALLE,cabecera,primary,361.56255030712293
76020,ALCALA,VALLE,cabecera,residential,10398.406176906095
76020,ALCALA,VALLE,cabecera,secondary,1478.6813623112348
76020,ALCALA,VALLE,cabecera,service,668.6332394031377
76020,ALCALA,VALLE,cabecera,tertiary,4399.890557823045
76020,ALCALA,VALLE,cabecera,track,845.9935285804881
76020,ALCALA,VALLE,cabecera,unclassified,368.78775964592273
76020,ALCALA,VALLE,centro_poblado,residential,167.0262125193417
76020,ALCALA,VALLE,centro_poblado,tertiary,62.54152231460679
76020,ALCALA,VALLE,centro_poblado,track,37.426101965422696
76020,ALCALA,VALLE,centro_poblado,unclassified,225.59377312738275
76020,ALCALA,VALLE,rural,footway,28.70492175168244
76020,ALCALA,VALLE,rural,path,4382.213265922555
76020,ALCALA,VALLE,rural,primary,13413.813035748572
76020,ALCALA,VALLE,rural,residential,23663.161686909265
76020,ALCALA,VALLE,rural,secondary,3979.3771572086116
76020,ALCALA,VALLE,rural,service,30811.680257290605
76020,ALCALA,VALLE,rural,tertiary,18120.479994849517
76020,ALCALA,VALLE,rural,track,44145.157053802686
76020,ALCALA,VALLE,rural,unclassified,64173.522597454794
76036,ANDALUCIA,VALLE,cabecera,footway,149.3478739584546
76036,ANDALUCIA,VALLE,cabecera,path,2.393229041562397
76036,ANDALUCIA,VALLE,cabecera,primary,3196.228638126579
76036,ANDALUCIA,VALLE,cabecera,residential,33968.99350102054
76036,ANDALUCIA,VALLE,cabecera,secondary,2134.102013330114
76036,ANDALUCIA,VALLE,cabecera,service,1462.6340299171723
76036,ANDALUCIA,VALLE,cabecera,steps,15.257115138789795
76036,ANDALUCIA,VALLE,cabecera,trunk,3747.9430834402256
76036,ANDALUCIA,VALLE,cabecera,unclassified,2280.2036913230127
76036,ANDALUCIA,VALLE,centro_poblado,residential,2889.390779862786
76036,ANDALUCIA,VALLE,centro_poblado,secondary,1649.4910098656076
76036,ANDALUCIA,VALLE,centro_poblado,service,457.5334824296172
76036,ANDALUCIA,VALLE,centro_poblado,track,281.87508623197243
76036,ANDALUCIA,VALLE,centro_poblado,unclassified,3901.6765899122124
76036,ANDALUCIA,VALLE,rural,footway,189.09902900289956
76036,ANDALUCIA,VALLE,rural,path,324.6432445939763
76036,ANDALUCIA,VALLE,rural,primary,424.74157113982307
76036,ANDALUCIA,VALLE,rural,residential,21277.2779193542
76036,ANDALUCIA,VALLE,rural,secondary,15147.537666055152
76036,ANDALUCIA,VALLE,rural,service,14112.507409958866
76036,ANDALUCIA,VALLE,rural,track,103251.2291941145
76036,ANDALUCIA,VALLE,rural,trunk,9271.085166288884
76036,ANDALUCIA,VALLE,rural,unclassified,47687.36462299194
76041,ANSERMANUEVO,VALLE,cabecera,footway,19.07283215587992
76041,ANSERMANUEVO,VALLE,cabecera,path,42.76565786612153
76041,ANSERMANUEVO,VALLE,cabecera,pedestrian,37.227619789954495
76041,ANSERMANUEVO,VALLE,cabecera,residential,13633.52378337393
76041,ANSERMANUEVO,VALLE,cabecera,secondary,4003.6244356992456
76041,ANSERMANUEVO,VALLE,cabecera,service,254.02076963283835
76041,ANSERMANUEVO,VALLE,cabecera,tertiary,1085.4044669363398
76041,ANSERMANUEVO,VALLE,cabecera,track,729.5654040499761
76041,ANSERMANUEVO,VALLE,cabecera,unclassified,509.9112171781161
76041,ANSERMANUEVO,VALLE,centro_poblado,residential,3685.530929912994
76041,ANSERMANUEVO,VALLE,centro_poblado,secondary,97.61389014446746
76041,ANSERMANUEVO,VALLE,centro_poblado,service,236.02213482808236
76041,ANSERMANUEVO,VALLE,centro_poblado,tertiary,490.7508262950786
76041,ANSERMANUEVO,VALLE,centro_poblado,unclassified,410.2104225746497
76041,ANSERMANUEVO,VALLE,rural,path,1612.7444551745918
76041,ANSERMANUEVO,VALLE,rural,primary,26964.578496518225
76041,ANSERMANUEVO,VALLE,rural,residential,13701.448062313699
76041,ANSERMANUEVO,VALLE,rural,secondary,38324.276298736346
76041,ANSERMANUEVO,VALLE,rural,service,12167.113086432017
76041,ANSERMANUEVO,VALLE,rural,tertiary,31591.658382314923
76041,ANSERMANUEVO,VALLE,rural,track,34236.247974113285
76041,ANSERMANUEVO,VALLE,rural,unclassified,277719.2002646593
76100,BOLIVAR,VALLE,cabecera,footway,258.45801895424745
76100,BOLIVAR,VALLE,cabecera,pedestrian,73.94190596330618
76100,BOLIVAR,VALLE,cabecera,primary,791.0309840678531
76100,BOLIVAR,VALLE,cabecera,residential,12423.314131873913
76100,BOLIVAR,VALLE,cabecera,tertiary,1532.9160940903096
76100,BOLIVAR,VALLE,cabecera,track,247.71539206915293
76100,BOLIVAR,VALLE,centro_poblado,footway,260.1109871862381
76100,BOLIVAR,VALLE,centro_poblado,path,14.072222022690719
76100,BOLIVAR,VALLE,centro_poblado,pedestrian,70.26055007366652
76100,BOLIVAR,VALLE,centro_poblado,primary,1001.9592701955264
76100,BOLIVAR,VALLE,centro_poblado,residential,13345.444992247787
76100,BOLIVAR,VALLE,centro_poblado,secondary,3471.6360459367093
76100,BOLIVAR,VALLE,centro_poblado,service,89.23864811641421
76100,BOLIVAR,VALLE,centro_poblado,tertiary,3915.844318776692
76100,BOLIVAR,VALLE,centro_poblado,track,1017.1011454366533
76100,BOLIVAR,VALLE,centro_poblado,unclassified,532.9132080010825
76100,BOLIVAR,VALLE,rural,bridleway,2884.3852539153036
76100,BOLIVAR,VALLE,rural,path,14384.32067026172
76100,BOLIVAR,VALLE,rural,primary,14079.502519466998
76100,BOLIVAR,VALLE,rural,residential,23875.666705240517
76100,BOLIVAR,VALLE,rural,secondary,20156.702875662937
76100,BOLIVAR,VALLE,rural,service,2353.6284393911774
76100,BOLIVAR,VALLE,rural,tertiary,115217.2175688208
76100,BOLIVAR,VALLE,rural,track,88504.25952607788
76100,BOLIVAR,VALLE,rural,unclassified,77826.49050299195
76111,BUGA,VALLE,cabecera,bridleway,279.85218201833277
76111,BUGA,VALLE,cabecera,footway,6056.654581447282
76111,BUGA,VALLE,cabecera,path,959.2592831713068
76111,BUGA,VALLE,cabecera,pedestrian,941.3090616015646
76111,BUGA,VALLE,cabecera,residential,174135.29514225133
76111,BUGA,VALLE,cabecera,secondary,13360.48630448372
76111,BUGA,VALLE,cabecera,service,26462.97234909401
76111,BUGA,VALLE,cabecera,steps,66.89115856891914
76111,BUGA,VALLE,cabecera,tertiary,13818.577056894917
76111,BUGA,VALLE,cabecera,track,440.86513015951533
76111,BUGA,VALLE,cabecera,trunk,12326.828359922469
76111,BUGA,VALLE,cabecera,unclassified,3690.5738532480095
76111,BUGA,VALLE,centro_poblado,footway,169.74979785593757
76111,BUGA,VALLE,centro_poblado,residential,17322.181277253767
76111,BUGA,VALLE,centro_poblado,secondary,1276.2599533036996
76111,BUGA,VALLE,centro_poblado,service,1502.4124034582715
76111,BUGA,VALLE,centro_poblado,tertiary,3883.460682289528
76111,BUGA,VALLE,centro_poblado,track,201.35321288759025
76111,BUGA,VALLE,centro_poblado,trunk,3230.9243632309435
76111,BUGA,VALLE,centro_poblado,unclassified,2753.0802288430236
76111,BUGA,VALLE,rural,bridleway,12952.337829001073
76111,BUGA,VALLE,rural,footway,434.24548220241525
76111,BUGA,VALLE,rural,path,13204.547081060564
76111,BUGA,VALLE,rural,residential,30795.809010368142
76111,BUGA,VALLE,rural,secondary,1312.8724974856502
76111,BUGA,VALLE,rural,service,43764.72773421657
76111,BUGA,VALLE,rural,steps,21.35996144405602
76111,BUGA,VALLE,rural,tertiary,83937.20078790096
76111,BUGA,VALLE,rural,track,69163.3722062718
76111,BUGA,VALLE,rural,trunk,33381.341713196016
76111,BUGA,VALLE,rural,unclassified,232969.91292941268
76113,BUGALAGRANDE,VALLE,cabecera,footway,653.1069078654882
76113,BUGALAGRANDE,VALLE,cabecera,pedestrian,153.86274732370794
76113,BUGALAGRANDE,VALLE,cabecera,primary,3548.8810536023057
76113,BUGALAGRANDE,VALLE,cabecera,residential,26770.355756755875
76113,BUGALAGRANDE,VALLE,cabecera,secondary,2510.4072066897256
76113,BUGALAGRANDE,VALLE,cabecera,service,2861.56634919423
76113,BUGALAGRANDE,VALLE,cabecera,steps,15.280917206931697
76113,BUGALAGRANDE,VALLE,cabecera,tertiary,1417.7531225125126
76113,BUGALAGRANDE,VALLE,cabecera,track,77.9578717146205
76113,BUGALAGRANDE,VALLE,cabecera,trunk,7156.893098033951
76113,BUGALAGRANDE,VALLE,centro_poblado,pedestrian,196.45844750928677
76113,BUGALAGRANDE,VALLE,centro_poblado,residential,13339.843209557255
76113,BUGALAGRANDE,VALLE,centro_poblado,secondary,703.2883035627774
76113,BUGALAGRANDE,VALLE,centro_poblado,service,637.5511146207275
76113,BUGALAGRANDE,VALLE,centro_poblado,tertiary,2946.8893297793848
76113,BUGALAGRANDE,VALLE,centro_poblado,track,81.1291134365182
76113,BUGALAGRANDE,VALLE,centro_poblado,trunk,1794.3263303065319
76113,BUGALAGRANDE,VALLE,centro_poblado,unclassified,726.2334024858542
76113,BUGALAGRANDE,VALLE,rural,bridleway,2198.9556001222477
76113,BUGALAGRANDE,VALLE,rural,path,472.38930461347826
76113,BUGALAGRANDE,VALLE,rural,pedestrian,1.5232356478862974
76113,BUGALAGRANDE,VALLE,rural,primary,1202.3910250847475
76113,BUGALAGRANDE,VALLE,rural,residential,24799.3090716903
76113,BUGALAGRANDE,VALLE,rural,secondary,7930.921540390363
76113,BUGALAGRANDE,VALLE,rural,service,7362.697655803106
76113,BUGALAGRANDE,VALLE,rural,tertiary,63688.61208508433
76113,BUGALAGRANDE,VALLE,rural,track,154933.55577657424
76113,BUGALAGRANDE,VALLE,rural,trunk,15405.446769326663
76113,BUGALAGRANDE,VALLE,rural,unclassified,201617.0082217222
76122,CAICEDONIA,VALLE,cabecera,footway,737.1269122727887
76122,CAICEDONIA,VALLE,cabecera,path,194.445674158639
76122,CAICEDONIA,VALLE,cabecera,pedestrian,939.8317508732008
76122,CAICEDONIA,VALLE,cabecera,residential,33992.1605101392
76122,CAICEDONIA,VALLE,cabecera,secondary,3922.300855762999
76122,CAICEDONIA,VALLE,cabecera,service,2375.237560854582
76122,CAICEDONIA,VALLE,cabecera,tertiary,2553.969103869337
76122,CAICEDONIA,VALLE,cabecera,track,66.17397674409165
76122,CAICEDONIA,VALLE,cabecera,unclassified,1918.667613968458
76122,CAICEDONIA,VALLE,centro_poblado,pedestrian,149.90427500055623
76122,CAICEDONIA,VALLE,centro_poblado,residential,655.7151133999597
76122,CAICEDONIA,VALLE,centro_poblado,secondary,233.4267614987019
76122,CAICEDONIA,VALLE,centro_poblado,tertiary,188.35161191245174
76122,CAICEDONIA,VALLE,centro_poblado,unclassified,297.9888976989545
76122,CAICEDONIA,VALLE,rural,pedestrian,191.29469525842802
76122,CAICEDONIA,VALLE,rural,residential,26596.041886057807
76122,CAICEDONIA,VALLE,rural,secondary,13939.668916503631
76122,CAICEDONIA,VALLE,rural,service,12071.318026693907
76122,CAICEDONIA,VALLE,rural,tertiary,19879.20414064645
76122,CAICEDONIA,VALLE,rural,track,19803.323379978126
76122,CAICEDONIA,VALLE,rural,unclassified,159035.60481725255
76126,CALIMA (DARIEN),VALLE,cabecera,residential,26942.78726682429
76126,CALIMA (DARIEN),VALLE,cabecera,secondary,2911.1579314644287
76126,CALIMA (DARIEN),VALLE,cabecera,service,1450.8756245540999
76126,CALIMA (DARIEN),VALLE,cabecera,unclassified,431.76094195562956
76126,CALIMA (DARIEN),VALLE,centro_poblado,residential,586.7654923473553
76126,CALIMA (DARIEN),VALLE,centro_poblado,secondary,1183.798265569262
76126,CALIMA (DARIEN),VALLE,centro_poblado,service,126.82363556258817
76126,CALIMA (DARIEN),VALLE,centro_poblado,unclassified,106.97271458615059
76126,CALIMA (DARIEN),VALLE,rural,footway,47.20833776518431
76126,CALIMA (DARIEN),VALLE,rural,path,29187.723522871565
76126,CALIMA (DARIEN),VALLE,rural,residential,85849.61210708153
76126,CALIMA (DARIEN),VALLE,rural,secondary,47474.80241497418
76126,CALIMA (DARIEN),VALLE,rural,service,54056.79306745946
76126,CALIMA (DARIEN),VALLE,rural,tertiary,4721.352786967786
76126,CALIMA (DARIEN),VALLE,rural,track,50367.08617575421
76126,CALIMA (DARIEN),VALLE,rural,trunk,19963.25043460201
76126,CALIMA (DARIEN),VALLE,rural,unclassified,152478.7611848545
76130,CANDELARIA,VALLE,cabecera,cycleway,230.45626848434378
76130,CANDELARIA,VALLE,cabecera,footway,10.512512517604094
76130,CANDELARIA,VALLE,cabecera,residential,22093.142452914628
76130,CANDELARIA,VALLE,cabecera,secondary,2100.4824113538634
76130,CANDELARIA,VALLE,cabecera,tertiary,4389.677950581968
76130,CANDELARIA,VALLE,cabecera,trunk,4.894469683663623
76130,CANDELARIA,VALLE,cabecera,unclassified,31.886413848786418
76130,CANDELARIA,VALLE,centro_poblado,cycleway,52.17525994830658
76130,CANDELARIA,VALLE,centro_poblado,footway,2372.698928451991
76130,CANDELARIA,VALLE,centro_poblado,path,430.84180098140774
76130,CANDELARIA,VALLE,centro_poblado,pedestrian,1103.6755985031045
76130,CANDELARIA,VALLE,centro_poblado,primary,7725.997631725315
76130,CANDELARIA,VALLE,centro_poblado,residential,100505.25417560404
76130,CANDELARIA,VALLE,centro_poblado,secondary,3478.8932153469764
76130,CANDELARIA,VALLE,centro_poblado,service,12982.125061144587
76130,CANDELARIA,VALLE,centro_poblado,tertiary,3859.0419380704407
76130,CANDELARIA,VALLE,centro_poblado,track,745.3767481590887
76130,CANDELARIA,VALLE,centro_poblado,trunk,1274.8938635805252
76130,CANDELARIA,VALLE,centro_poblado,unclassified,10340.606734503217
76130,CANDELARIA,VALLE,rural,cycleway,1195.742214101636
76130,CANDELARIA,VALLE,rural,footway,4747.1809278068495
76130,CANDELARIA,VALLE,rural,path,3567.814259960276
76130,CANDELARIA,VALLE,rural,pedestrian,67.2481705680646
76130,CANDELARIA,VALLE,rural,primary,35935.370828241015
76130,CANDELARIA,VALLE,rural,residential,110154.03397564768
76130,CANDELARIA,VALLE,rural,secondary,27870.316806207586
76130,CANDELARIA,VALLE,rural,service,99864.0935012965
76130,CANDELARIA,VALLE,rural,tertiary,10883.917129097315
76130,CANDELARIA,VALLE,rural,track,117804.48639193468
76130,CANDELARIA,VALLE,rural,trunk,24919.212790704998
76130,CANDELARIA,VALLE,rural,unclassified,293529.90413809643
76233,DAGUA,VALLE,cabecera,footway,26.580961379811182
76233,DAGUA,VALLE,cabecera,primary,2045.5847073942853
76233,DAGUA,VALLE,cabecera,residential,26983.735691240097
76233,DAGUA,VALLE,cabecera,service,388.0013489940863
76233,DAGUA,VALLE,cabecera,unclassified,172.66244199025488
76233,DAGUA,VALLE,centro_poblado,footway,102.5012749026782
76233,DAGUA,VALLE,centro_poblado,path,156.72088102175795
76233,DAGUA,VALLE,centro_poblado,primary,1707.4582572385464
76233,DAGUA,VALLE,centro_poblado,residential,35972.87186358495
76233,DAGUA,VALLE,centro_poblado,secondary,853.4337878291807
76233,DAGUA,VALLE,centro_poblado,service,650.2110707593379
76233,DAGUA,VALLE,centro_poblado,steps,33.9029401961134
76233,DAGUA,VALLE,centro_poblado,tertiary,6073.507058211297
76233,DAGUA,VALLE,centro_poblado,track,729.9045101352873
76233,DAGUA,VALLE,centro_poblado,trunk,2120.3741244072667
76233,DAGUA,VALLE,centro_poblado,unclassified,4569.762881344705
76233,DAGUA,VALLE,rural,footway,572.96931091326
76233,DAGUA,VALLE,rural,path,12593.059905070078
76233,DAGUA,VALLE,rural,pedestrian,46.72622518872359
76233,DAGUA,VALLE,rural,primary,36694.325905404454
76233,DAGUA,VALLE,rural,residential,289950.2259433576
76233,DAGUA,VALLE,rural,secondary,24769.124093650615
76233,DAGUA,VALLE,rural,service,51726.600309356014
76233,DAGUA,VALLE,rural,steps,90.26956212585796
76233,DAGUA,VALLE,rural,tertiary,68176.69767901578
76233,DAGUA,VALLE,rural,track,43903.624372983584
76233,DAGUA,VALLE,rural,trunk,64230.398769573796
76233,DAGUA,VALLE,rural,unclassified,360900.42116882635
76243,EL AGUILA,VALLE,cabecera,footway,48.78811498464695
76243,EL AGUILA,VALLE,cabecera,residential,3786.533167830962
76243,EL AGUILA,VALLE,cabecera,service,7.41511294705556
76243,EL AGUILA,VALLE,cabecera,steps,77.20239529334134
76243,EL AGUILA,VALLE,cabecera,tertiary,1341.2669303259356
76243,EL AGUILA,VALLE,cabecera,track,28.934191020483798
76243,EL AGUILA,VALLE,cabecera,unclassified,950.3092179985864
76243,EL AGUILA,VALLE,centro_poblado,pedestrian,57.14203653501981
76243,EL AGUILA,VALLE,centro_poblado,residential,3910.8313782862188
76243,EL AGUILA,VALLE,centro_poblado,secondary,83.16054190070726
76243,EL AGUILA,VALLE,centro_poblado,service,559.0657837176075
76243,EL AGUILA,VALLE,centro_poblado,tertiary,653.3976191090212
76243,EL AGUILA,VALLE,centro_poblado,track,506.5071060778607
76243,EL AGUILA,VALLE,centro_poblado,unclassified,179.65078022454838
76243,EL AGUILA,VALLE,rural,footway,106.43257689083339
76243,EL AGUILA,VALLE,rural,residential,1552.9027949586762
76243,EL AGUILA,VALLE,rural,secondary,4740.272186221985
76243,EL AGUILA,VALLE,rural,service,1343.1601382423
76243,EL AGUILA,VALLE,rural,steps,7.7174852600527535
76243,EL AGUILA,VALLE,rural,tertiary,48830.383895055296
76243,EL AGUILA,VALLE,rural,track,86835.17164307725
76243,EL AGUILA,VALLE,rural,unclassified,82171.68397785776
76246,EL CAIRO,VALLE,cabecera,pedestrian,803.0579992476075
76246,EL CAIRO,VALLE,cabecera,residential,5933.322522183051
76246,EL CAIRO,VALLE,cabecera,service,97.5768686241316
76246,EL CAIRO,VALLE,cabecera,tertiary,1547.8193483572313
76246,EL CAIRO,VALLE,cabecera,unclassified,492.26260729522335
76246,EL CAIRO,VALLE,centro_poblado,pedestrian,196.07334911642442
76246,EL CAIRO,VALLE,centro_poblado,residential,1932.466760296264
76246,EL CAIRO,VALLE,centro_poblado,tertiary,763.0712924168256
76246,EL CAIRO,VALLE,centro_poblado,unclassified,1.235625336746314
76246,EL CAIRO,VALLE,rural,footway,108.25661340439902
76246,EL CAIRO,VALLE,rural,pedestrian,143.94733619084653
76246,EL CAIRO,VALLE,rural,residential,2642.4106131141043
76246,EL CAIRO,VALLE,rural,service,7595.002647106177
76246,EL CAIRO,VALLE,rural,tertiary,34173.681883559795
76246,EL CAIRO,VALLE,rural,track,12167.88193471847
76246,EL CAIRO,VALLE,rural,unclassified,124641.4972033965
76248,EL CERRITO,VALLE,cabecera,footway,2275.5271528184535
76248,EL CERRITO,VALLE,cabecera,path,608.9219120411104
76248,EL CERRITO,VALLE,cabecera,pedestrian,1542.9007502670945
76248,EL CERRITO,VALLE,cabecera,primary,53.96352562346298
76248,EL CERRITO,VALLE,cabecera,residential,56576.67716129053
76248,EL CERRITO,VALLE,cabecera,secondary,255.5335056751133
76248,EL CERRITO,VALLE,cabecera,service,1429.3818231778284
76248,EL CERRITO,VALLE,cabecera,tertiary,7670.142384850189
76248,EL CERRITO,VALLE,cabecera,trunk,5879.5336879152965
76248,EL CERRITO,VALLE,cabecera,unclassified,280.06317377633184
76248,EL CERRITO,VALLE,centro_poblado,footway,92.30465421210499
76248,EL CERRITO,VALLE,centro_poblado,primary,1110.6911706984629
76248,EL CERRITO,VALLE,centro_poblado,residential,41851.50012543623
76248,EL CERRITO,VALLE,centro_poblado,service,1831.387129814452
76248,EL CERRITO,VALLE,centro_poblado,steps,48.633267356802605
76248,EL CERRITO,VALLE,centro_poblado,tertiary,5165.310315977183
76248,EL CERRITO,VALLE,centro_poblado,track,4119.757549233632
76248,EL CERRITO,VALLE,centro_poblado,unclassified,4813.375055457045
76248,EL CERRITO,VALLE,rural,bridleway,4577.85811837928
76248,EL CERRITO,VALLE,rural,footway,459.4990484000583
76248,EL CERRITO,VALLE,rural,path,9871.522783066557
76248,EL CERRITO,VALLE,rural,pedestrian,192.41658169003935
76248,EL CERRITO,VALLE,rural,primary,26019.60199254397
76248,EL CERRITO,VALLE,rural,residential,47534.09620474198
76248,EL CERRITO,VALLE,rural,secondary,1749.6303889417677
76248,EL CERRITO,VALLE,rural,service,114406.7299670445
76248,EL CERRITO,VALLE,rural,tertiary,33466.4191726171
76248,EL CERRITO,VALLE,rural,track,346978.891469244
76248,EL CERRITO,VALLE,rural,trunk,23598.340858075942
76248,EL CERRITO,VALLE,rural,unclassified,288284.7254543356
76250,EL DOVIO,VALLE,cabecera,footway,215.90133355085752
76250,EL DOVIO,VALLE,cabecera,pedestrian,426.7756504268996
76250,EL DOVIO,VALLE,cabecera,residential,12763.220225855695
76250,EL DOVIO,VALLE,cabecera,secondary,1761.2659234583216
76250,EL DOVIO,VALLE,cabecera,service,359.97367267536185
76250,EL DOVIO,VALLE,cabecera,tertiary,642.3793410975027
76250,EL DOVIO,VALLE,cabecera,unclassified,163.97622251154397
76250,EL DOVIO,VALLE,centro_poblado,residential,742.4884083379062
76250,EL DOVIO,VALLE,centro_poblado,secondary,1328.4158296885378
76250,EL DOVIO,VALLE,centro_poblado,unclassified,397.87776668874534
76250,EL DOVIO,VALLE,rural,residential,9103.76640541061
76250,EL DOVIO,VALLE,rural,secondary,2908.9701292814048
76250,EL DOVIO,VALLE,rural,service,2949.791888204085
76250,EL DOVIO,VALLE,rural,tertiary,17807.4023441276
76250,EL DOVIO,VALLE,rural,track,45406.08013862427
76250,EL DOVIO,VALLE,rural,unclassified,109599.60625203305
76275,FLORIDA,VALLE,cabecera,footway,248.79804590161038
76275,FLORIDA,VALLE,cabecera,path,247.5041318792729
76275,FLORIDA,VALLE,cabecera,pedestrian,126.08988377158707
76275,FLORIDA,VALLE,cabecera,primary,1797.1170383450494
76275,FLORIDA,VALLE,cabecera,residential,55891.585758128735
76275,FLORIDA,VALLE,cabecera,secondary,316.2017323133472
76275,FLORIDA,VALLE,cabecera,service,1719.9490345696227
76275,FLORIDA,VALLE,cabecera,tertiary,6911.7919243784945
76275,FLORIDA,VALLE,cabecera,unclassified,614.2774754689747
76275,FLORIDA,VALLE,centro_poblado,primary,2170.6501289583534
76275,FLORIDA,VALLE,centro_poblado,residential,19302.728687046154
76275,FLORIDA,VALLE,centro_poblado,secondary,2584.5507749346184
76275,FLORIDA,VALLE,centro_poblado,service,1238.4519651387172
76275,FLORIDA,VALLE,centro_poblado,tertiary,969.7130755368526
76275,FLORIDA,VALLE,centro_poblado,track,534.4036916848069
76275,FLORIDA,VALLE,centro_poblado,unclassified,6287.099892419436
76275,FLORIDA,VALLE,rural,bridleway,551.2359443084864
76275,FLORIDA,VALLE,rural,footway,484.26980891790834
76275,FLORIDA,VALLE,rural,path,5696.427802573402
76275,FLORIDA,VALLE,rural,primary,12185.923918620612
76275,FLORIDA,VALLE,rural,residential,20540.185240572962
76275,FLORIDA,VALLE,rural,secondary,10736.61080312588
76275,FLORIDA,VALLE,rural,service,4916.112517280623
76275,FLORIDA,VALLE,rural,tertiary,11188.708154338938
76275,FLORIDA,VALLE,rural,track,39043.9824517585
76275,FLORIDA,VALLE,rural,unclassified,196678.6076085746
76306,GINEBRA,VALLE,cabecera,residential,18817.54323864393
76306,GINEBRA,VALLE,cabecera,service,654.5458809206041
76306,GINEBRA,VALLE,cabecera,tertiary,3568.1735392326773
76306,GINEBRA,VALLE,cabecera,unclassified,470.5423730847556
76306,GINEBRA,VALLE,centro_poblado,residential,8895.970905309918
76306,GINEBRA,VALLE,centro_poblado,service,613.9798291254449
76306,GINEBRA,VALLE,centro_poblado,tertiary,904.4364854238702
76306,GINEBRA,VALLE,centro_poblado,unclassified,1214.5753533108918
76306,GINEBRA,VALLE,rural,path,32148.57322892805
76306,GINEBRA,VALLE,rural,residential,25200.818841446202
76306,GINEBRA,VALLE,rural,secondary,11797.72225004071
76306,GINEBRA,VALLE,rural,service,37501.454141598464
76306,GINEBRA,VALLE,rural,tertiary,12142.562264565573
76306,GINEBRA,VALLE,rural,track,42952.710017684745
76306,GINEBRA,VALLE,rural,trunk,7266.272712221143
76306,GINEBRA,VALLE,rural,unclassified,190018.98692378067
76318,GUACARI,VALLE,cabecera,footway,124.84905256814636
76318,GUACARI,VALLE,cabecera,pedestrian,799.679128262731
76318,GUACARI,VALLE,cabecera,residential,33084.388107411876
76318,GUACARI,VALLE,cabecera,service,238.98953075908952
76318,GUACARI,VALLE,cabecera,tertiary,5131.213947719304
76318,GUACARI,VALLE,cabecera,trunk,3597.8835940024933
76318,GUACARI,VALLE,cabecera,unclassified,336.9568020886927
76318,GUACARI,VALLE,centro_poblado,footway,19.23979376247591
76318,GUACARI,VALLE,centro_poblado,residential,13043.283993117571
76318,GUACARI,VALLE,centro_poblado,secondary,386.01315365937546
76318,GUACARI,VALLE,centro_poblado,service,1131.5203486642972
76318,GUACARI,VALLE,centro_poblado,tertiary,6530.011235733642
76318,GUACARI,VALLE,centro_poblado,track,287.30917395240033
76318,GUACARI,VALLE,centro_poblado,unclassified,1522.733561823742
76318,GUACARI,VALLE,rural,footway,137.81728212260188
76318,GUACARI,VALLE,rural,path,47.32080975924751
76318,GUACARI,VALLE,rural,pedestrian,141.54642456781684
76318,GUACARI,VALLE,rural,residential,25630.93767876955
76318,GUACARI,VALLE,rural,secondary,431.3156682241102
76318,GUACARI,VALLE,rural,service,80220.44682471934
76318,GUACARI,VALLE,rural,tertiary,49631.961810113964
76318,GUACARI,VALLE,rural,track,52450.48115857242
76318,GUACARI,VALLE,rural,trunk,15124.386368847949
76318,GUACARI,VALLE,rural,unclassified,65217.56855647062
76364,JAMUNDI,VALLE,cabecera,cycleway,1053.6889902007601
76364,JAMUNDI,VALLE,cabecera,footway,39946.18002974565
76364,JAMUNDI,VALLE,cabecera,path,3239.6133577828837
76364,JAMUNDI,VALLE,cabecera,pedestrian,252.6132957754164
76364,JAMUNDI,VALLE,cabecera,residential,223024.53109194056
76364,JAMUNDI,VALLE,cabecera,secondary,14848.16456529882
76364,JAMUNDI,VALLE,cabecera,service,110899.55716519326
76364,JAMUNDI,VALLE,cabecera,tertiary,21223.92581804788
76364,JAMUNDI,VALLE,cabecera,track,4427.528556117872
76364,JAMUNDI,VALLE,cabecera,trunk,8138.916527945681
76364,JAMUNDI,VALLE,cabecera,unclassified,10456.568211075026
76364,JAMUNDI,VALLE,cabecera,unknown,33.178295899279576
76364,JAMUNDI,VALLE,centro_poblado,footway,621.6321524815809
76364,JAMUNDI,VALLE,centro_poblado,path,612.7071207072133
76364,JAMUNDI,VALLE,centro_poblado,residential,36215.555885357986
76364,JAMUNDI,VALLE,centro_poblado,secondary,2202.6426782561134
76364,JAMUNDI,VALLE,centro_poblado,service,2051.289790433454
76364,JAMUNDI,VALLE,centro_poblado,tertiary,3226.553128567059
76364,JAMUNDI,VALLE,centro_poblado,track,775.0725580531008
76364,JAMUNDI,VALLE,centro_poblado,trunk,504.4978776001357
76364,JAMUNDI,VALLE,centro_poblado,unclassified,2972.976393522942
76364,JAMUNDI,VALLE,rural,footway,1943.5572277463561
76364,JAMUNDI,VALLE,rural,path,57495.0457801618
76364,JAMUNDI,VALLE,rural,residential,88814.27092110967
76364,JAMUNDI,VALLE,rural,secondary,32011.035883772125
76364,JAMUNDI,VALLE,rural,service,84764.04325788391
76364,JAMUNDI,VALLE,rural,tertiary,30959.57644451556
76364,JAMUNDI,VALLE,rural,track,146341.03331255392
76364,JAMUNDI,VALLE,rural,trunk,4184.130114216398
76364,JAMUNDI,VALLE,rural,unclassified,396836.1812901724
76400,LA UNION,VALLE,cabecera,footway,158.36077188276224
76400,LA UNION,VALLE,cabecera,path,850.5456273799521
76400,LA UNION,VALLE,cabecera,pedestrian,305.4004095330139
76400,LA UNION,VALLE,cabecera,primary,792.3495359083588
76400,LA UNION,VALLE,cabecera,residential,47251.80688504561
76400,LA UNION,VALLE,cabecera,secondary,8069.885290837964
76400,LA UNION,VALLE,cabecera,service,2817.8452880282
76400,LA UNION,VALLE,cabecera,tertiary,2966.9522808857864
76400,LA UNION,VALLE,cabecera,track,3155.0947849761164
76400,LA UNION,VALLE,cabecera,unclassified,3180.5192694728926
76400,LA UNION,VALLE,cabecera,unknown,215.49831512070554
76400,LA UNION,VALLE,centro_poblado,path,22.321745449551212
76400,LA UNION,VALLE,centro_poblado,pedestrian,247.7890387323115
76400,LA UNION,VALLE,centro_poblado,primary,843.2317498960866
76400,LA UNION,VALLE,centro_poblado,residential,9860.94672148323
76400,LA UNION,VALLE,centro_poblado,secondary,832.7965075360235
76400,LA UNION,VALLE,centro_poblado,service,858.2293949431837
76400,LA UNION,VALLE,centro_poblado,unclassified,1186.113200546823
76400,LA UNION,VALLE,rural,footway,25.8810284114983
76400,LA UNION,VALLE,rural,path,4464.988552429679
76400,LA UNION,VALLE,rural,primary,9992.00540956726
76400,LA UNION,VALLE,rural,residential,22366.161748209845
76400,LA UNION,VALLE,rural,secondary,19409.484810731094
76400,LA UNION,VALLE,rural,service,23451.95621770905
76400,LA UNION,VALLE,rural,tertiary,2066.89639319626
76400,LA UNION,VALLE,rural,track,31092.0294736576
76400,LA UNION,VALLE,rural,unclassified,156034.89336046448
76403,LA VICTORIA,VALLE,cabecera,footway,185.69565015405354
76403,LA VICTORIA,VALLE,cabecera,pedestrian,86.89956886456662
76403,LA VICTORIA,VALLE,cabecera,residential,19772.518388610268
76403,LA VICTORIA,VALLE,cabecera,secondary,6293.084575241362
76403,LA VICTORIA,VALLE,cabecera,service,699.2008661433763
76403,LA VICTORIA,VALLE,cabecera,tertiary,675.2263425105557
76403,LA VICTORIA,VALLE,cabecera,track,517.9502518827355
76403,LA VICTORIA,VALLE,cabecera,unclassified,1256.0157988961173
76403,LA VICTORIA,VALLE,centro_poblado,residential,14694.391568402465
76403,LA VICTORIA,VALLE,centro_poblado,secondary,3215.6041002904803
76403,LA VICTORIA,VALLE,centro_poblado,service,692.3454931706855
76403,LA VICTORIA,VALLE,centro_poblado,tertiary,670.1290102680535
76403,LA VICTORIA,VALLE,centro_poblado,unclassified,2650.812706535394
76403,LA VICTORIA,VALLE,rural,bridleway,14172.190129225011
76403,LA VICTORIA,VALLE,rural,footway,31.07564103147307
76403,LA VICTORIA,VALLE,rural,path,355.86467930822454
76403,LA VICTORIA,VALLE,rural,residential,9685.610144236956
76403,LA VICTORIA,VALLE,rural,secondary,38370.29830770327
76403,LA VICTORIA,VALLE,rural,service,19945.960036217646
76403,LA VICTORIA,VALLE,rural,tertiary,12579.8087114972
76403,LA VICTORIA,VALLE,rural,track,16635.172075566912
76403,LA VICTORIA,VALLE,rural,trunk,25887.46454769006
76403,LA VICTORIA,VALLE,rural,unclassified,63526.7573472876
76497,OBANDO,VALLE,cabecera,cycleway,1080.4238077784075
76497,OBANDO,VALLE,cabecera,footway,121.28944488881757
76497,OBANDO,VALLE,cabecera,residential,14540.51140954383
76497,OBANDO,VALLE,cabecera,secondary,1712.3790541615256
76497,OBANDO,VALLE,cabecera,service,1415.5447573499614
76497,OBANDO,VALLE,cabecera,tertiary,400.3362873841935
76497,OBANDO,VALLE,cabecera,track,103.72792720014465
76497,OBANDO,VALLE,cabecera,trunk,3903.950416844884
76497,OBANDO,VALLE,cabecera,unclassified,528.4506046788623
76497,OBANDO,VALLE,centro_poblado,residential,2550.0126915512137
76497,OBANDO,VALLE,centro_poblado,secondary,436.26095078454114
76497,OBANDO,VALLE,centro_poblado,service,11.10035907926305
76497,OBANDO,VALLE,centro_poblado,tertiary,304.2327833535411
76497,OBANDO,VALLE,centro_poblado,trunk,317.2590825086829
76497,OBANDO,VALLE,centro_poblado,unclassified,983.4324728011028
76497,OBANDO,VALLE,rural,residential,6448.51895113968
76497,OBANDO,VALLE,rural,secondary,23758.50205767731
76497,OBANDO,VALLE,rural,service,31580.9402625079
76497,OBANDO,VALLE,rural,tertiary,7573.711564440255
76497,OBANDO,VALLE,rural,track,13468.606395492043
76497,OBANDO,VALLE,rural,trunk,25583.273596690513
76497,OBANDO,VALLE,rural,unclassified,128667.14283496179
76563,PRADERA,VALLE,cabecera,footway,223.86967011879028
76563,PRADERA,VALLE,cabecera,pedestrian,313.5377543653385
76563,PRADERA,VALLE,cabecera,primary,4461.055947035762
76563,PRADERA,VALLE,cabecera,residential,61195.69230492958
76563,PRADERA,VALLE,cabecera,secondary,689.3008637957005
76563,PRADERA,VALLE,cabecera,service,649.3180396151674
76563,PRADERA,VALLE,cabecera,tertiary,2156.7745103748716
76563,PRADERA,VALLE,cabecera,track,389.7773102175039
76563,PRADERA,VALLE,cabecera,unclassified,269.3362273424999
76563,PRADERA,VALLE,centro_poblado,primary,584.7482783321024
76563,PRADERA,VALLE,centro_poblado,residential,3429.882575344587
76563,PRADERA,VALLE,centro_poblado,secondary,1879.7507335417185
76563,PRADERA,VALLE,centro_poblado,service,171.6157688323604
76563,PRADERA,VALLE,centro_poblado,track,129.19688210695463
76563,PRADERA,VALLE,centro_poblado,unclassified,2040.195072329011
76563,PRADERA,VALLE,rural,path,14514.989136904544
76563,PRADERA,VALLE,rural,primary,12476.338857912859
76563,PRADERA,VALLE,rural,residential,25547.088947989403
76563,PRADERA,VALLE,rural,secondary,11522.871041899218
76563,PRADERA,VALLE,rural,service,17397.371511826786
76563,PRADERA,VALLE,rural,tertiary,423.68970309442454
76563,PRADERA,VALLE,rural,track,72330.85399955418
76563,PRADERA,VALLE,rural,unclassified,209397.5158371428
76606,RESTREPO,VALLE,cabecera,residential,19605.608503681608
76606,RESTREPO,VALLE,cabecera,secondary,2682.1445530128617
76606,RESTREPO,VALLE,cabecera,service,127.77109466227786
76606,RESTREPO,VALLE,cabecera,unclassified,797.6346458044209
76606,RESTREPO,VALLE,centro_poblado,residential,1539.9152681946423
76606,RESTREPO,VALLE,centro_poblado,secondary,263.18533474369605
76606,RESTREPO,VALLE,centro_poblado,unclassified,146.17359343199826
76606,RESTREPO,VALLE,rural,path,10474.181585038481
76606,RESTREPO,VALLE,rural,residential,22392.93304284857
76606,RESTREPO,VALLE,rural,secondary,28572.150964996283
76606,RESTREPO,VALLE,rural,service,16524.6394107552
76606,RESTREPO,VALLE,rural,track,11585.457637479412
76606,RESTREPO,VALLE,rural,trunk,9915.949247771969
76606,RESTREPO,VALLE,rural,unclassified,162230.68504522
76616,RIOFRIO,VALLE,cabecera,bridleway,15.976971092021932
76616,RIOFRIO,VALLE,cabecera,footway,62.53306632513918
76616,RIOFRIO,VALLE,cabecera,residential,13300.035693734131
76616,RIOFRIO,VALLE,cabecera,secondary,1654.943541113054
76616,RIOFRIO,VALLE,cabecera,service,56.812937783800166
76616,RIOFRIO,VALLE,cabecera,tertiary,602.8115579253077
76616,RIOFRIO,VALLE,cabecera,track,202.02773804303126
76616,RIOFRIO,VALLE,cabecera,unclassified,309.025302419353
76616,RIOFRIO,VALLE,centro_poblado,footway,490.4989243339459
76616,RIOFRIO,VALLE,centro_poblado,primary,653.572086696937
76616,RIOFRIO,VALLE,centro_poblado,residential,7447.197525841263
76616,RIOFRIO,VALLE,centro_poblado,secondary,2441.402813158391
76616,RIOFRIO,VALLE,centro_poblado,tertiary,1300.8408126546456
76616,RIOFRIO,VALLE,centro_poblado,track,316.2681004308266
76616,RIOFRIO,VALLE,centro_poblado,unclassified,1431.7885587741605
76616,RIOFRIO,VALLE,rural,bridleway,373.8380940084961
76616,RIOFRIO,VALLE,rural,footway,28.81714187596284
76616,RIOFRIO,VALLE,rural,path,2612.5313602483893
76616,RIOFRIO,VALLE,rural,primary,19106.736388071007
76616,RIOFRIO,VALLE,rural,residential,8422.921318147612
76616,RIOFRIO,VALLE,rural,secondary,37918.06653964596
76616,RIOFRIO,VALLE,rural,service,6325.917532917361
76616,RIOFRIO,VALLE,rural,tertiary,29448.67315051752
76616,RIOFRIO,VALLE,rural,track,16017.180693477589
76616,RIOFRIO,VALLE,rural,unclassified,129790.1558320259
76622,ROLDANILLO,VALLE,cabecera,footway,402.76236090261386
76622,ROLDANILLO,VALLE,cabecera,path,506.0570996669037
76622,ROLDANILLO,VALLE,cabecera,pedestrian,2037.3209965627289
76622,ROLDANILLO,VALLE,cabecera,primary,2738.1526683863135
76622,ROLDANILLO,VALLE,cabecera,residential,54079.22626088438
76622,ROLDANILLO,VALLE,cabecera,secondary,3032.11506822975
76622,ROLDANILLO,VALLE,cabecera,service,2906.102822810431
76622,ROLDANILLO,VALLE,cabecera,tertiary,10593.840503406458
76622,ROLDANILLO,VALLE,cabecera,track,1423.6019632865132
76622,ROLDANILLO,VALLE,cabecera,unclassified,679.0969344599034
76622,ROLDANILLO,VALLE,centro_poblado,path,68.20660504944507
76622,ROLDANILLO,VALLE,centro_poblado,pedestrian,17.992498645955298
76622,ROLDANILLO,VALLE,centro_poblado,primary,2316.018389782391
76622,ROLDANILLO,VALLE,centro_poblado,residential,14585.944104108126
76622,ROLDANILLO,VALLE,centro_poblado,secondary,3119.6073215664455
76622,ROLDANILLO,VALLE,centro_poblado,service,363.41396388140134
76622,ROLDANILLO,VALLE,centro_poblado,track,428.3941452507664
76622,ROLDANILLO,VALLE,centro_poblado,unclassified,7901.201198041065
76622,ROLDANILLO,VALLE,rural,path,36491.040019708475
76622,ROLDANILLO,VALLE,rural,pedestrian,213.8804130057504
76622,ROLDANILLO,VALLE,rural,primary,13228.165030171276
76622,ROLDANILLO,VALLE,rural,residential,26210.76067440123
76622,ROLDANILLO,VALLE,rural,secondary,33744.749577565664
76622,ROLDANILLO,VALLE,rural,service,9463.107953759822
76622,ROLDANILLO,VALLE,rural,tertiary,10958.970670351748
76622,ROLDANILLO,VALLE,rural,track,58466.21311429693
76622,ROLDANILLO,VALLE,rural,unclassified,247805.0218280752
76670,SAN PEDRO,VALLE,cabecera,footway,129.74375342828438
76670,SAN PEDRO,VALLE,cabecera,residential,13405.927411658775
76670,SAN PEDRO,VALLE,cabecera,secondary,2312.7157653931226
76670,SAN PEDRO,VALLE,cabecera,service,1379.7534186906867
76670,SAN PEDRO,VALLE,cabecera,steps,21.27770833107067
76670,SAN PEDRO,VALLE,cabecera,tertiary,910.3763667205961
76670,SAN PEDRO,VALLE,cabecera,track,37.74994829422239
76670,SAN PEDRO,VALLE,cabecera,trunk,2292.3020387671313
76670,SAN PEDRO,VALLE,cabecera,unclassified,120.47855553669675
76670,SAN PEDRO,VALLE,centro_poblado,footway,63.57415350730191
76670,SAN PEDRO,VALLE,centro_poblado,residential,11074.323981927953
76670,SAN PEDRO,VALLE,centro_poblado,secondary,767.2103496887712
76670,SAN PEDRO,VALLE,centro_poblado,service,1209.6617805213214
76670,SAN PEDRO,VALLE,centro_poblado,steps,19.773960191132332
76670,SAN PEDRO,VALLE,centro_poblado,tertiary,2249.6757902335657
76670,SAN PEDRO,VALLE,centro_poblado,trunk,3258.182774825295
76670,SAN PEDRO,VALLE,centro_poblado,unclassified,2658.0929123011806
76670,SAN PEDRO,VALLE,rural,footway,256.06719182079996
76670,SAN PEDRO,VALLE,rural,path,1985.5122184634658
76670,SAN PEDRO,VALLE,rural,residential,14359.436218892712
76670,SAN PEDRO,VALLE,rural,secondary,2178.4019057599553
76670,SAN PEDRO,VALLE,rural,service,29178.642501262264
76670,SAN PEDRO,VALLE,rural,steps,19.547373045483305
76670,SAN PEDRO,VALLE,rural,tertiary,24882.996817611187
76670,SAN PEDRO,VALLE,rural,track,46856.30502633634
76670,SAN PEDRO,VALLE,rural,trunk,19104.28678748348
76670,SAN PEDRO,VALLE,rural,unclassified,101807.1647559777
76736,SEVILLA,VALLE,cabecera,footway,965.4684941300901
76736,SEVILLA,VALLE,cabecera,path,2479.2466352378187
76736,SEVILLA,VALLE,cabecera,residential,41094.15195303934
76736,SEVILLA,VALLE,cabecera,secondary,9665.5360945508
76736,SEVILLA,VALLE,cabecera,service,1352.1991018779281
76736,SEVILLA,VALLE,cabecera,steps,299.72954588442235
76736,SEVILLA,VALLE,cabecera,tertiary,1522.2191843630526
76736,SEVILLA,VALLE,cabecera,track,216.89347909401874
76736,SEVILLA,VALLE,cabecera,unclassified,1013.6904217851591
76736,SEVILLA,VALLE,centro_poblado,path,8.801261530743407
76736,SEVILLA,VALLE,centro_poblado,residential,2887.344142430112
76736,SEVILLA,VALLE,centro_poblado,secondary,664.9629500633222
76736,SEVILLA,VALLE,centro_poblado,service,141.19238102935427
76736,SEVILLA,VALLE,centro_poblado,tertiary,54.43535703925179
76736,SEVILLA,VALLE,centro_poblado,track,126.07927954376262
76736,SEVILLA,VALLE,centro_poblado,trunk,2101.2262955200013
76736,SEVILLA,VALLE,centro_poblado,unclassified,408.36243402586877
76736,SEVILLA,VALLE,rural,footway,757.8783161681963
76736,SEVILLA,VALLE,rural,path,3096.5542021428537
76736,SEVILLA,VALLE,rural,residential,18331.339974286635
76736,SEVILLA,VALLE,rural,secondary,58546.48115752237
76736,SEVILLA,VALLE,rural,service,21898.372243742073
76736,SEVILLA,VALLE,rural,tertiary,67135.15270402534
76736,SEVILLA,VALLE,rural,track,51091.744979474635
76736,SEVILLA,VALLE,rural,trunk,4777.451243341892
76736,SEVILLA,VALLE,rural,unclassified,306016.202316858
76823,TORO,VALLE,cabecera,footway,387.97465874001347
76823,TORO,VALLE,cabecera,pedestrian,28.472438593780154
76823,TORO,VALLE,cabecera,residential,19345.51769145334
76823,TORO,VALLE,cabecera,secondary,3646.683746203836
76823,TORO,VALLE,cabecera,service,424.77114580583736
76823,TORO,VALLE,cabecera,tertiary,2404.7165607262536
76823,TORO,VALLE,cabecera,unclassified,1745.8752825127863
76823,TORO,VALLE,centro_poblado,path,105.43510138013161
76823,TORO,VALLE,centro_poblado,pedestrian,80.98390888264736
76823,TORO,VALLE,centro_poblado,primary,75.71643630312106
76823,TORO,VALLE,centro_poblado,residential,7537.423125661417
76823,TORO,VALLE,centro_poblado,tertiary,569.5256442090667
76823,TORO,VALLE,centro_poblado,unclassified,477.442475139123
76823,TORO,VALLE,rural,primary,13207.306564386397
76823,TORO,VALLE,rural,residential,7272.857314420866
76823,TORO,VALLE,rural,secondary,14008.563434043364
76823,TORO,VALLE,rural,service,1172.8927124846898
76823,TORO,VALLE,rural,tertiary,18141.22991771491
76823,TORO,VALLE,rural,track,17794.81847737846
76823,TORO,VALLE,rural,unclassified,163658.46874645387
76828,TRUJILLO,VALLE,cabecera,footway,57.370759610755975
76828,TRUJILLO,VALLE,cabecera,pedestrian,164.87819667712233
76828,TRUJILLO,VALLE,cabecera,residential,11162.68453660704
76828,TRUJILLO,VALLE,cabecera,secondary,2110.5867036710515
76828,TRUJILLO,VALLE,cabecera,service,1069.0292541356282
76828,TRUJILLO,VALLE,cabecera,tertiary,528.0573572924701
76828,TRUJILLO,VALLE,cabecera,track,361.68048019570324
76828,TRUJILLO,VALLE,cabecera,unclassified,592.8952214140779
76828,TRUJILLO,VALLE,centro_poblado,pedestrian,161.0533245060869
76828,TRUJILLO,VALLE,centro_poblado,primary,258.1559117780306
76828,TRUJILLO,VALLE,centro_poblado,residential,7331.046126599363
76828,TRUJILLO,VALLE,centro_poblado,secondary,974.9583129610032
76828,TRUJILLO,VALLE,centro_poblado,service,437.25504615439746
76828,TRUJILLO,VALLE,centro_poblado,tertiary,352.8998103656835
76828,TRUJILLO,VALLE,centro_poblado,unclassified,204.59690283516792
76828,TRUJILLO,VALLE,rural,bridleway,333.04413393720813
76828,TRUJILLO,VALLE,rural,path,7757.375993228103
76828,TRUJILLO,VALLE,rural,pedestrian,43.76266734105762
76828,TRUJILLO,VALLE,rural,primary,11717.0567622686
76828,TRUJILLO,VALLE,rural,residential,14109.401151857512
76828,TRUJILLO,VALLE,rural,secondary,32962.4321642897
76828,TRUJILLO,VALLE,rural,service,3103.4708784729132
76828,TRUJILLO,VALLE,rural,tertiary,44577.60210444351
76828,TRUJILLO,VALLE,rural,track,64669.067758430116
76828,TRUJILLO,VALLE,rural,unclassified,127611.95307081986
76869,VIJES,VALLE,cabecera,primary,1417.1685900844088
76869,VIJES,VALLE,cabecera,residential,18292.71181167991
76869,VIJES,VALLE,cabecera,secondary,2954.932139058549
76869,VIJES,VALLE,cabecera,service,744.0039015504702
76869,VIJES,VALLE,cabecera,track,99.036784147054
76869,VIJES,VALLE,cabecera,unclassified,1863.2315423051248
76869,VIJES,VALLE,centro_poblado,primary,250.40564330970392
76869,VIJES,VALLE,centro_poblado,residential,1336.480345724079
76869,VIJES,VALLE,centro_poblado,secondary,775.3165811168902
76869,VIJES,VALLE,centro_poblado,unclassified,298.61655794181485
76869,VIJES,VALLE,rural,path,4435.468787498771
76869,VIJES,VALLE,rural,primary,8144.364767480411
76869,VIJES,VALLE,rural,residential,22609.99693915203
76869,VIJES,VALLE,rural,secondary,19681.43200380921
76869,VIJES,VALLE,rural,service,7149.430487559246
76869,VIJES,VALLE,rural,track,5552.739568120582
76869,VIJES,VALLE,rural,unclassified,105969.56858826283
76890,YOTOCO,VALLE,cabecera,footway,226.40137895417632
76890,YOTOCO,VALLE,cabecera,primary,1840.6294817647893
76890,YOTOCO,VALLE,cabecera,residential,17434.313794696813
76890,YOTOCO,VALLE,cabecera,secondary,1690.7271973956024
76890,YOTOCO,VALLE,cabecera,service,2163.5348031169992
76890,YOTOCO,VALLE,cabecera,unclassified,2887.136800131503
76890,YOTOCO,VALLE,centro_poblado,footway,30.226125513420104
76890,YOTOCO,VALLE,centro_poblado,residential,5391.178622768209
76890,YOTOCO,VALLE,centro_poblado,secondary,579.972234482903
76890,YOTOCO,VALLE,centro_poblado,service,1488.6550283483239
76890,YOTOCO,VALLE,centro_poblado,tertiary,2848.454924793755
76890,YOTOCO,VALLE,centro_poblado,track,187.07400932864383
76890,YOTOCO,VALLE,centro_poblado,trunk,1734.8576110002625
76890,YOTOCO,VALLE,centro_poblado,unclassified,4564.7619108167455
76890,YOTOCO,VALLE,rural,bridleway,851.9079360836313
76890,YOTOCO,VALLE,rural,path,19552.7317314951
76890,YOTOCO,VALLE,rural,primary,41293.15296124458
76890,YOTOCO,VALLE,rural,residential,20811.42815005618
76890,YOTOCO,VALLE,rural,secondary,6887.256738837301
76890,YOTOCO,VALLE,rural,service,33242.69595699982
76890,YOTOCO,VALLE,rural,tertiary,10489.849539488343
76890,YOTOCO,VALLE,rural,track,34011.89986314972
76890,YOTOCO,VALLE,rural,trunk,31539.60871397846
76890,YOTOCO,VALLE,rural,unclassified,166094.41552240218
76892,YUMBO,VALLE,cabecera,cycleway,311.2315264736078
76892,YUMBO,VALLE,cabecera,footway,9879.275366917269
76892,YUMBO,VALLE,cabecera,path,586.8118643529488
76892,YUMBO,VALLE,cabecera,pedestrian,2473.6607359182062
76892,YUMBO,VALLE,cabecera,primary,27527.116926032828
76892,YUMBO,VALLE,cabecera,residential,118436.69245275424
76892,YUMBO,VALLE,cabecera,secondary,11678.35135366043
76892,YUMBO,VALLE,cabecera,service,131117.2400322808
76892,YUMBO,VALLE,cabecera,steps,1761.3723331616447
76892,YUMBO,VALLE,cabecera,tertiary,7377.587913010487
76892,YUMBO,VALLE,cabecera,track,20088.978836583625
76892,YUMBO,VALLE,cabecera,unclassified,65625.40489834051
76892,YUMBO,VALLE,centro_poblado,footway,113.1022284204609
76892,YUMBO,VALLE,centro_poblado,path,269.29906607653464
76892,YUMBO,VALLE,centro_poblado,primary,1100.4483960360403
76892,YUMBO,VALLE,centro_poblado,residential,9732.678959043846
76892,YUMBO,VALLE,centro_poblado,secondary,2036.682613565652
76892,YUMBO,VALLE,centro_poblado,service,2147.4738441716927
76892,YUMBO,VALLE,centro_poblado,tertiary,804.5802089898363
76892,YUMBO,VALLE,centro_poblado,track,190.82863423610002
76892,YUMBO,VALLE,centro_poblado,unclassified,3705.223395259752
76892,YUMBO,VALLE,rural,footway,1774.9843321661967
76892,YUMBO,VALLE,rural,path,29435.852945766637
76892,YUMBO,VALLE,rural,pedestrian,170.07178860818712
76892,YUMBO,VALLE,rural,primary,19106.769667470107
76892,YUMBO,VALLE,rural,residential,63641.76237249756
76892,YUMBO,VALLE,rural,secondary,15637.354185239064
76892,YUMBO,VALLE,rural,service,70559.03293426569
76892,YUMBO,VALLE,rural,steps,18.573663904130147
76892,YUMBO,VALLE,rural,tertiary,10626.644530935668
76892,YUMBO,VALLE,rural,track,48950.99773915906
76892,YUMBO,VALLE,rural,unclassified,173848.00579542556
76895,ZARZAL,VALLE,cabecera,footway,157.246552739476
76895,ZARZAL,VALLE,cabecera,path,136.99389148603518
76895,ZARZAL,VALLE,cabecera,pedestrian,325.73655896551827
76895,ZARZAL,VALLE,cabecera,primary,3310.0878667552606
76895,ZARZAL,VALLE,cabecera,residential,53308.730620273855
76895,ZARZAL,VALLE,cabecera,secondary,1675.5818171558337
76895,ZARZAL,VALLE,cabecera,service,3282.3576900570415
76895,ZARZAL,VALLE,cabecera,tertiary,3543.2766839632077
76895,ZARZAL,VALLE,cabecera,track,560.0032735170828
76895,ZARZAL,VALLE,cabecera,trunk,2658.660614953819
76895,ZARZAL,VALLE,cabecera,unclassified,2122.133990661289
76895,ZARZAL,VALLE,centro_poblado,footway,183.88899122670375
76895,ZARZAL,VALLE,centro_poblado,path,62.654301160153
76895,ZARZAL,VALLE,centro_poblado,pedestrian,63.53273828851666
76895,ZARZAL,VALLE,centro_poblado,residential,17519.27756737745
76895,ZARZAL,VALLE,centro_poblado,service,1345.3053188860213
76895,ZARZAL,VALLE,centro_poblado,tertiary,433.9357409027348
76895,ZARZAL,VALLE,centro_poblado,track,165.93000643583233
76895,ZARZAL,VALLE,centro_poblado,trunk,2497.768259061312
76895,ZARZAL,VALLE,centro_poblado,unclassified,1605.0621378571404
76895,ZARZAL,VALLE,rural,footway,215.5299334435033
76895,ZARZAL,VALLE,rural,path,507.05530768229636
76895,ZARZAL,VALLE,rural,pedestrian,61.32797100824546
76895,ZARZAL,VALLE,rural,primary,1705.1330085758907
76895,ZARZAL,VALLE,rural,residential,22422.730856933176
76895,ZARZAL,VALLE,rural,secondary,10924.74490596236
76895,ZARZAL,VALLE,rural,service,21528.75750176671
76895,ZARZAL,VALLE,rural,tertiary,10139.415394537453
76895,ZARZAL,VALLE,rural,track,103670.08125241898
76895,ZARZAL,VALLE,rural,trunk,78534.86578716975
76895,ZARZAL,VALLE,rural,unclassified,156915.90554342134
81001,ARAUCA,ARAUCA,cabecera,cycleway,2690.6895582148127
81001,ARAUCA,ARAUCA,cabecera,footway,4819.157988070588
81001,ARAUCA,ARAUCA,cabecera,path,43.48008428189402
81001,ARAUCA,ARAUCA,cabecera,pedestrian,218.78349620797343
81001,ARAUCA,ARAUCA,cabecera,primary,11263.413041345371
81001,ARAUCA,ARAUCA,cabecera,residential,163055.4706249879
81001,ARAUCA,ARAUCA,cabecera,service,8987.656896835044
81001,ARAUCA,ARAUCA,cabecera,tertiary,26985.54626806022
81001,ARAUCA,ARAUCA,cabecera,track,1308.61002869025
81001,ARAUCA,ARAUCA,cabecera,unclassified,2610.5453896425443
81001,ARAUCA,ARAUCA,centro_poblado,residential,1638.9093155600071
81001,ARAUCA,ARAUCA,centro_poblado,service,520.3087107957814
81001,ARAUCA,ARAUCA,centro_poblado,tertiary,1269.813399077744
81001,ARAUCA,ARAUCA,centro_poblado,unclassified,8649.9789938443
81001,ARAUCA,ARAUCA,rural,bridleway,7187.52623599407
81001,ARAUCA,ARAUCA,rural,footway,3608.0416035243384
81001,ARAUCA,ARAUCA,rural,path,3127.2631046396555
81001,ARAUCA,ARAUCA,rural,primary,95899.68091833856
81001,ARAUCA,ARAUCA,rural,residential,43916.81480280362
81001,ARAUCA,ARAUCA,rural,service,48659.45199018489
81001,ARAUCA,ARAUCA,rural,tertiary,129968.0633760863
81001,ARAUCA,ARAUCA,rural,track,159345.58653684705
81001,ARAUCA,ARAUCA,rural,unclassified,532005.8795881259
81065,ARAUQUITA,ARAUCA,cabecera,path,3940.2527313201635
81065,ARAUQUITA,ARAUCA,cabecera,pedestrian,137.31795021812826
81065,ARAUQUITA,ARAUCA,cabecera,primary,1832.154587816507
81065,ARAUQUITA,ARAUCA,cabecera,residential,36903.69913007537
81065,ARAUQUITA,ARAUCA,cabecera,service,87.46502138837317
81065,ARAUQUITA,ARAUCA,cabecera,tertiary,1671.7426421480252
81065,ARAUQUITA,ARAUCA,cabecera,track,145.11681457552882
81065,ARAUQUITA,ARAUCA,cabecera,unclassified,514.7541684460039
81065,ARAUQUITA,ARAUCA,centro_poblado,pedestrian,653.6442095526721
81065,ARAUQUITA,ARAUCA,centro_poblado,primary,6225.108062268443
81065,ARAUQUITA,ARAUCA,centro_poblado,residential,50799.63301641152
81065,ARAUQUITA,ARAUCA,centro_poblado,service,1111.8356578605003
81065,ARAUQUITA,ARAUCA,centro_poblado,tertiary,5025.346233762071
81065,ARAUQUITA,ARAUCA,centro_poblado,track,1512.1447097944633
81065,ARAUQUITA,ARAUCA,centro_poblado,unclassified,5694.0542838444235
81065,ARAUQUITA,ARAUCA,rural,bridleway,7912.115948400997
81065,ARAUQUITA,ARAUCA,rural,path,6734.4793013657245
81065,ARAUQUITA,ARAUCA,rural,pedestrian,1106.190004443523
81065,ARAUQUITA,ARAUCA,rural,primary,126762.9710748064
81065,ARAUQUITA,ARAUCA,rural,residential,28125.835355773834
81065,ARAUQUITA,ARAUCA,rural,service,34660.817676729195
81065,ARAUQUITA,ARAUCA,rural,tertiary,126732.94973479802
81065,ARAUQUITA,ARAUCA,rural,track,170765.9358067546
81065,ARAUQUITA,ARAUCA,rural,unclassified,1073932.3647067936
81300,FORTUL,ARAUCA,cabecera,pedestrian,285.3019819923178
81300,FORTUL,ARAUCA,cabecera,primary,983.4185572532842
81300,FORTUL,ARAUCA,cabecera,residential,38597.57164895585
81300,FORTUL,ARAUCA,cabecera,service,419.22373217416356
81300,FORTUL,ARAUCA,cabecera,tertiary,3232.6098453268205
81300,FORTUL,ARAUCA,cabecera,track,388.1339299574991
81300,FORTUL,ARAUCA,cabecera,unclassified,785.7481194299926
81300,FORTUL,ARAUCA,centro_poblado,primary,1448.8343428468827
81300,FORTUL,ARAUCA,centro_poblado,residential,8783.235028101042
81300,FORTUL,ARAUCA,centro_poblado,service,85.5895066993958
81300,FORTUL,ARAUCA,centro_poblado,tertiary,256.0997258439927
81300,FORTUL,ARAUCA,centro_poblado,unclassified,1145.0619802889016
81300,FORTUL,ARAUCA,rural,bridleway,3704.720615494181
81300,FORTUL,ARAUCA,rural,path,2009.7947221760032
81300,FORTUL,ARAUCA,rural,pedestrian,185.19816676043115
81300,FORTUL,ARAUCA,rural,primary,18123.882383218504
81300,FORTUL,ARAUCA,rural,residential,9337.698351820336
81300,FORTUL,ARAUCA,rural,service,36915.651608315115
81300,FORTUL,ARAUCA,rural,tertiary,25008.64872875225
81300,FORTUL,ARAUCA,rural,track,61763.33035431911
81300,FORTUL,ARAUCA,rural,unclassified,347898.2544058192
81736,SARAVENA,ARAUCA,cabecera,footway,2816.9486005191384
81736,SARAVENA,ARAUCA,cabecera,path,859.9789453177038
81736,SARAVENA,ARAUCA,cabecera,pedestrian,100.54921508252322
81736,SARAVENA,ARAUCA,cabecera,primary,6539.900736179442
81736,SARAVENA,ARAUCA,cabecera,residential,200194.9768077695
81736,SARAVENA,ARAUCA,cabecera,service,2348.879660724093
81736,SARAVENA,ARAUCA,cabecera,tertiary,18112.141823085225
81736,SARAVENA,ARAUCA,cabecera,track,629.4615201527256
81736,SARAVENA,ARAUCA,cabecera,unclassified,8723.569398132848
81736,SARAVENA,ARAUCA,centro_poblado,path,63.69336665809442
81736,SARAVENA,ARAUCA,centro_poblado,primary,3536.9180285463367
81736,SARAVENA,ARAUCA,centro_poblado,residential,7106.284728772317
81736,SARAVENA,ARAUCA,centro_poblado,service,443.8387740603607
81736,SARAVENA,ARAUCA,centro_poblado,tertiary,535.8292095071181
81736,SARAVENA,ARAUCA,centro_poblado,track,171.44271226339453
81736,SARAVENA,ARAUCA,centro_poblado,unclassified,1668.2642339072654
81736,SARAVENA,ARAUCA,rural,path,629.0077634911744
81736,SARAVENA,ARAUCA,rural,pedestrian,393.35769580088896
81736,SARAVENA,ARAUCA,rural,primary,53645.037707410906
81736,SARAVENA,ARAUCA,rural,residential,9716.26708493417
81736,SARAVENA,ARAUCA,rural,service,10737.792993733372
81736,SARAVENA,ARAUCA,rural,tertiary,41437.21493653122
81736,SARAVENA,ARAUCA,rural,track,125095.33127180152
81736,SARAVENA,ARAUCA,rural,unclassified,338314.194414035
81794,TAME,ARAUCA,cabecera,footway,466.8012566182181
81794,TAME,ARAUCA,cabecera,path,486.5742401913452
81794,TAME,ARAUCA,cabecera,pedestrian,2068.666722945609
81794,TAME,ARAUCA,cabecera,primary,12127.457997252646
81794,TAME,ARAUCA,cabecera,residential,128331.76201717522
81794,TAME,ARAUCA,cabecera,service,9191.062059224516
81794,TAME,ARAUCA,cabecera,tertiary,7260.218415716394
81794,TAME,ARAUCA,cabecera,track,251.4974058281698
81794,TAME,ARAUCA,cabecera,unclassified,3624.5104712487314
81794,TAME,ARAUCA,centro_poblado,path,85.9016968094121
81794,TAME,ARAUCA,centro_poblado,primary,2275.5534497359567
81794,TAME,ARAUCA,centro_poblado,residential,15502.60510525584
81794,TAME,ARAUCA,centro_poblado,service,842.9886396767201
81794,TAME,ARAUCA,centro_poblado,tertiary,2366.009173015143
81794,TAME,ARAUCA,centro_poblado,track,2388.6918696075013
81794,TAME,ARAUCA,centro_poblado,unclassified,2816.946526725949
81794,TAME,ARAUCA,rural,bridleway,11268.922638979753
81794,TAME,ARAUCA,rural,footway,42.101780655543976
81794,TAME,ARAUCA,rural,path,45185.5097717801
81794,TAME,ARAUCA,rural,pedestrian,218.64139905811112
81794,TAME,ARAUCA,rural,primary,154689.5089035323
81794,TAME,ARAUCA,rural,residential,14547.317942375457
81794,TAME,ARAUCA,rural,service,38527.167902419984
81794,TAME,ARAUCA,rural,steps,11.697558709092862
81794,TAME,ARAUCA,rural,tertiary,98938.4174968859
81794,TAME,ARAUCA,rural,track,239869.84072403042
81794,TAME,ARAUCA,rural,unclassified,841330.4679166077
81794,TAME,ARAUCA,rural,unknown,30290.701876717467
85010,AGUAZUL,CASANARE,cabecera,footway,3146.620448153558
85010,AGUAZUL,CASANARE,cabecera,path,330.580713430128
85010,AGUAZUL,CASANARE,cabecera,pedestrian,133.5349777406387
85010,AGUAZUL,CASANARE,cabecera,primary,79.67722317021256
85010,AGUAZUL,CASANARE,cabecera,residential,82378.06976430466
85010,AGUAZUL,CASANARE,cabecera,secondary,4119.491184997649
85010,AGUAZUL,CASANARE,cabecera,service,6866.5378145506365
85010,AGUAZUL,CASANARE,cabecera,tertiary,7141.539046026763
85010,AGUAZUL,CASANARE,cabecera,track,509.67881476042623
85010,AGUAZUL,CASANARE,cabecera,trunk,3774.079674911717
85010,AGUAZUL,CASANARE,cabecera,unclassified,5.819868968091009
85010,AGUAZUL,CASANARE,centro_poblado,primary,2433.7183166810037
85010,AGUAZUL,CASANARE,centro_poblado,residential,17146.97037124419
85010,AGUAZUL,CASANARE,centro_poblado,secondary,847.233859050913
85010,AGUAZUL,CASANARE,centro_poblado,service,175.90035999151453
85010,AGUAZUL,CASANARE,centro_poblado,tertiary,927.8650328949192
85010,AGUAZUL,CASANARE,centro_poblado,trunk,202.37405129257934
85010,AGUAZUL,CASANARE,centro_poblado,unclassified,1692.2292549291408
85010,AGUAZUL,CASANARE,rural,footway,1718.7678759004962
85010,AGUAZUL,CASANARE,rural,path,5217.225620328804
85010,AGUAZUL,CASANARE,rural,pedestrian,95.76628657745337
85010,AGUAZUL,CASANARE,rural,primary,25120.113344428402
85010,AGUAZUL,CASANARE,rural,residential,62079.64237064257
85010,AGUAZUL,CASANARE,rural,secondary,31168.32849326379
85010,AGUAZUL,CASANARE,rural,service,75381.459114563
85010,AGUAZUL,CASANARE,rural,tertiary,95404.30078399005
85010,AGUAZUL,CASANARE,rural,track,203345.97487166597
85010,AGUAZUL,CASANARE,rural,trunk,50378.30163283218
85010,AGUAZUL,CASANARE,rural,unclassified,380622.9444809195
85125,HATO COROZAL,CASANARE,cabecera,path,809.3553972318618
85125,HATO COROZAL,CASANARE,cabecera,pedestrian,1177.4526333731717
85125,HATO COROZAL,CASANARE,cabecera,primary,2963.152691092337
85125,HATO COROZAL,CASANARE,cabecera,residential,41935.9392496536
85125,HATO COROZAL,CASANARE,cabecera,tertiary,4201.310088281939
85125,HATO COROZAL,CASANARE,cabecera,track,151.6974340429796
85125,HATO COROZAL,CASANARE,cabecera,unclassified,4297.681340350206
85125,HATO COROZAL,CASANARE,centro_poblado,path,286.61573994130913
85125,HATO COROZAL,CASANARE,centro_poblado,pedestrian,151.45890711385533
85125,HATO COROZAL,CASANARE,centro_poblado,primary,387.5099866485624
85125,HATO COROZAL,CASANARE,centro_poblado,residential,5011.0568811748735
85125,HATO COROZAL,CASANARE,centro_poblado,service,94.6997454422055
85125,HATO COROZAL,CASANARE,centro_poblado,track,22.039283749577333
85125,HATO COROZAL,CASANARE,centro_poblado,unclassified,1110.2850619265287
85125,HATO COROZAL,CASANARE,rural,bridleway,1953.9313683649088
85125,HATO COROZAL,CASANARE,rural,path,2835.993773636602
85125,HATO COROZAL,CASANARE,rural,pedestrian,312.3646236144282
85125,HATO COROZAL,CASANARE,rural,primary,84804.18118320302
85125,HATO COROZAL,CASANARE,rural,residential,9525.017937145596
85125,HATO COROZAL,CASANARE,rural,service,11572.508337554113
85125,HATO COROZAL,CASANARE,rural,tertiary,5485.992968511885
85125,HATO COROZAL,CASANARE,rural,track,328776.1549376976
85125,HATO COROZAL,CASANARE,rural,unclassified,335946.0268322853
85139,MANI,CASANARE,cabecera,path,109.79844348357832
85139,MANI,CASANARE,cabecera,pedestrian,378.3667450876937
85139,MANI,CASANARE,cabecera,residential,52752.63729522311
85139,MANI,CASANARE,cabecera,secondary,6530.918000315023
85139,MANI,CASANARE,cabecera,service,336.237819057023
85139,MANI,CASANARE,cabecera,tertiary,743.2973487099691
85139,MANI,CASANARE,cabecera,track,1243.0824514092553
85139,MANI,CASANARE,cabecera,unclassified,181.23206810815597
85139,MANI,CASANARE,centro_poblado,path,313.7983005276046
85139,MANI,CASANARE,centro_poblado,residential,2923.8121194261803
85139,MANI,CASANARE,centro_poblado,tertiary,627.6013892960945
85139,MANI,CASANARE,centro_poblado,unclassified,2080.4064246283833
85139,MANI,CASANARE,rural,bridleway,13662.020870899223
85139,MANI,CASANARE,rural,footway,10.913717140108469
85139,MANI,CASANARE,rural,path,6465.78623016533
85139,MANI,CASANARE,rural,residential,10264.083987813923
85139,MANI,CASANARE,rural,secondary,22914.791723767758
85139,MANI,CASANARE,rural,service,23768.82240816413
85139,MANI,CASANARE,rural,tertiary,81356.10198128919
85139,MANI,CASANARE,rural,track,345410.4084246837
85139,MANI,CASANARE,rural,unclassified,428059.34774293186
85162,MONTERREY,CASANARE,cabecera,pedestrian,53.19243495873968
85162,MONTERREY,CASANARE,cabecera,residential,45738.80765260308
85162,MONTERREY,CASANARE,cabecera,secondary,487.66149340253884
85162,MONTERREY,CASANARE,cabecera,service,1293.0808006383982
85162,MONTERREY,CASANARE,cabecera,tertiary,8111.3811898099
85162,MONTERREY,CASANARE,cabecera,trunk,2511.5470292800446
85162,MONTERREY,CASANARE,cabecera,unclassified,428.8708229444363
85162,MONTERREY,CASANARE,centro_poblado,path,5.332680889787828
85162,MONTERREY,CASANARE,centro_poblado,residential,6306.680181503967
85162,MONTERREY,CASANARE,centro_poblado,secondary,89.50601308650964
85162,MONTERREY,CASANARE,centro_poblado,service,297.5580160297858
85162,MONTERREY,CASANARE,centro_poblado,trunk,1351.2592156874905
85162,MONTERREY,CASANARE,centro_poblado,unclassified,595.1445970046758
85162,MONTERREY,CASANARE,rural,footway,86.07680453609109
85162,MONTERREY,CASANARE,rural,path,22929.935648507984
85162,MONTERREY,CASANARE,rural,residential,35635.74026645929
85162,MONTERREY,CASANARE,rural,secondary,13585.376691128675
85162,MONTERREY,CASANARE,rural,service,25637.204612574904
85162,MONTERREY,CASANARE,rural,tertiary,17815.571466215035
85162,MONTERREY,CASANARE,rural,track,126902.26521016913
85162,MONTERREY,CASANARE,rural,trunk,32847.962525872135
85162,MONTERREY,CASANARE,rural,unclassified,271857.0954946526
85162,MONTERREY,CASANARE,rural,unknown,2206.1280693056583
85225,NUNCHIA,CASANARE,cabecera,path,87.08976050655923
85225,NUNCHIA,CASANARE,cabecera,residential,8728.444395268603
85225,NUNCHIA,CASANARE,cabecera,service,290.81218227546475
85225,NUNCHIA,CASANARE,cabecera,tertiary,298.92348437972464
85225,NUNCHIA,CASANARE,cabecera,unclassified,200.152084403299
85225,NUNCHIA,CASANARE,centro_poblado,primary,253.91296888409585
85225,NUNCHIA,CASANARE,centro_poblado,residential,1990.9240232722434
85225,NUNCHIA,CASANARE,centro_poblado,service,81.5610789810643
85225,NUNCHIA,CASANARE,centro_poblado,tertiary,37.87133906074728
85225,NUNCHIA,CASANARE,centro_poblado,unclassified,15.116735494054037
85225,NUNCHIA,CASANARE,rural,bridleway,10431.953216301297
85225,NUNCHIA,CASANARE,rural,path,1690.1398347924749
85225,NUNCHIA,CASANARE,rural,primary,23571.22507754926
85225,NUNCHIA,CASANARE,rural,residential,6441.785618746963
85225,NUNCHIA,CASANARE,rural,service,14248.502161705801
85225,NUNCHIA,CASANARE,rural,tertiary,65287.00776252195
85225,NUNCHIA,CASANARE,rural,track,70030.89112152182
85225,NUNCHIA,CASANARE,rural,unclassified,275535.3118953466
85230,OROCUE,CASANARE,cabecera,footway,1178.8489973681085
85230,OROCUE,CASANARE,cabecera,path,45.99810176031772
85230,OROCUE,CASANARE,cabecera,pedestrian,278.5250331976591
85230,OROCUE,CASANARE,cabecera,residential,28972.975669523585
85230,OROCUE,CASANARE,cabecera,service,358.264008421412
85230,OROCUE,CASANARE,cabecera,tertiary,3532.4558577872203
85230,OROCUE,CASANARE,cabecera,track,800.4647183527156
85230,OROCUE,CASANARE,cabecera,unclassified,867.3216851628736
85230,OROCUE,CASANARE,centro_poblado,path,131.9219694415997
85230,OROCUE,CASANARE,centro_poblado,residential,1846.3146009232312
85230,OROCUE,CASANARE,centro_poblado,tertiary,2487.610274339048
85230,OROCUE,CASANARE,centro_poblado,unclassified,2650.468923214675
85230,OROCUE,CASANARE,rural,footway,633.5516447092012
85230,OROCUE,CASANARE,rural,path,19413.8539491851
85230,OROCUE,CASANARE,rural,residential,19474.1466394736
85230,OROCUE,CASANARE,rural,service,16879.616412207368
85230,OROCUE,CASANARE,rural,tertiary,146583.88717813173
85230,OROCUE,CASANARE,rural,track,380785.406987626
85230,OROCUE,CASANARE,rural,unclassified,347142.279424819
85263,PORE,CASANARE,cabecera,footway,1023.7156354438199
85263,PORE,CASANARE,cabecera,path,111.76045837867314
85263,PORE,CASANARE,cabecera,primary,929.0397122159998
85263,PORE,CASANARE,cabecera,residential,24141.946776948702
85263,PORE,CASANARE,cabecera,tertiary,2758.468770078536
85263,PORE,CASANARE,cabecera,track,250.81699246503183
85263,PORE,CASANARE,cabecera,unclassified,1022.0229154098208
85263,PORE,CASANARE,centro_poblado,residential,190.03158564826222
85263,PORE,CASANARE,centro_poblado,unclassified,469.46523917859736
85263,PORE,CASANARE,rural,bridleway,5287.280833737945
85263,PORE,CASANARE,rural,path,10194.358238733263
85263,PORE,CASANARE,rural,primary,18772.813253409357
85263,PORE,CASANARE,rural,residential,9108.107346102608
85263,PORE,CASANARE,rural,service,6921.475323740372
85263,PORE,CASANARE,rural,tertiary,39182.631380270184
85263,PORE,CASANARE,rural,track,67162.14970444026
85263,PORE,CASANARE,rural,unclassified,209896.52276941048
85325,SAN LUIS DE PALENQUE,CASANARE,cabecera,path,131.20423259283902
85325,SAN LUIS DE PALENQUE,CASANARE,cabecera,residential,12711.123322220064
85325,SAN LUIS DE PALENQUE,CASANARE,cabecera,service,96.40565898675989
85325,SAN LUIS DE PALENQUE,CASANARE,cabecera,tertiary,3594.085340781411
85325,SAN LUIS DE PALENQUE,CASANARE,cabecera,unclassified,112.66119765334318
85325,SAN LUIS DE PALENQUE,CASANARE,centro_poblado,pedestrian,17.07706108213683
85325,SAN LUIS DE PALENQUE,CASANARE,centro_poblado,residential,1342.718557686861
85325,SAN LUIS DE PALENQUE,CASANARE,centro_poblado,tertiary,588.8027416893754
85325,SAN LUIS DE PALENQUE,CASANARE,centro_poblado,unclassified,651.3469472490575
85325,SAN LUIS DE PALENQUE,CASANARE,rural,footway,101.04957190546565
85325,SAN LUIS DE PALENQUE,CASANARE,rural,path,4405.663308477349
85325,SAN LUIS DE PALENQUE,CASANARE,rural,pedestrian,63.07171363709853
85325,SAN LUIS DE PALENQUE,CASANARE,rural,residential,1382.7082009601822
85325,SAN LUIS DE PALENQUE,CASANARE,rural,service,24786.2676752224
85325,SAN LUIS DE PALENQUE,CASANARE,rural,tertiary,67102.54662000923
85325,SAN LUIS DE PALENQUE,CASANARE,rural,track,140335.64818684186
85325,SAN LUIS DE PALENQUE,CASANARE,rural,unclassified,466873.3705756278
85410,TAURAMENA,CASANARE,cabecera,footway,297.87329900977346
85410,TAURAMENA,CASANARE,cabecera,living_street,74.19906766569098
85410,TAURAMENA,CASANARE,cabecera,path,631.9982005425646
85410,TAURAMENA,CASANARE,cabecera,residential,58931.623794807136
85410,TAURAMENA,CASANARE,cabecera,secondary,4893.611386991506
85410,TAURAMENA,CASANARE,cabecera,service,5753.6194575043855
85410,TAURAMENA,CASANARE,cabecera,tertiary,8689.426595827908
85410,TAURAMENA,CASANARE,cabecera,track,1075.3542578895115
85410,TAURAMENA,CASANARE,cabecera,unclassified,2617.707176030686
85410,TAURAMENA,CASANARE,centro_poblado,footway,183.86074985695257
85410,TAURAMENA,CASANARE,centro_poblado,pedestrian,58.9625995742146
85410,TAURAMENA,CASANARE,centro_poblado,residential,5904.384649942828
85410,TAURAMENA,CASANARE,centro_poblado,service,226.66093720688426
85410,TAURAMENA,CASANARE,centro_poblado,tertiary,412.43348406494215
85410,TAURAMENA,CASANARE,centro_poblado,track,345.5334697095237
85410,TAURAMENA,CASANARE,centro_poblado,trunk,1166.4717437025215
85410,TAURAMENA,CASANARE,centro_poblado,unclassified,1143.530304149262
85410,TAURAMENA,CASANARE,rural,bridleway,34138.26717901544
85410,TAURAMENA,CASANARE,rural,footway,2045.7338643574942
85410,TAURAMENA,CASANARE,rural,path,123300.48527908752
85410,TAURAMENA,CASANARE,rural,residential,24080.507391347666
85410,TAURAMENA,CASANARE,rural,secondary,25706.934402047795
85410,TAURAMENA,CASANARE,rural,service,63962.40950163516
85410,TAURAMENA,CASANARE,rural,tertiary,59560.49697213377
85410,TAURAMENA,CASANARE,rural,track,425912.87962812255
85410,TAURAMENA,CASANARE,rural,trunk,21931.705029214776
85410,TAURAMENA,CASANARE,rural,unclassified,482491.21040244674
85410,TAURAMENA,CASANARE,rural,unknown,5060.984466821596
85430,TRINIDAD,CASANARE,cabecera,path,142.77166358114715
85430,TRINIDAD,CASANARE,cabecera,residential,22941.539631075517
85430,TRINIDAD,CASANARE,cabecera,service,664.4534970271355
85430,TRINIDAD,CASANARE,cabecera,tertiary,5003.935498666765
85430,TRINIDAD,CASANARE,cabecera,track,16.120142524992083
85430,TRINIDAD,CASANARE,cabecera,unclassified,1325.5425632747103
85430,TRINIDAD,CASANARE,centro_poblado,pedestrian,89.3783306630715
85430,TRINIDAD,CASANARE,centro_poblado,residential,5888.972419849872
85430,TRINIDAD,CASANARE,centro_poblado,tertiary,436.5208132083926
85430,TRINIDAD,CASANARE,centro_poblado,unclassified,593.5141234892357
85430,TRINIDAD,CASANARE,rural,bridleway,3072.0716495332795
85430,TRINIDAD,CASANARE,rural,footway,347.28559766173623
85430,TRINIDAD,CASANARE,rural,path,29656.888877661728
85430,TRINIDAD,CASANARE,rural,pedestrian,46.509716694031425
85430,TRINIDAD,CASANARE,rural,residential,3838.644298502334
85430,TRINIDAD,CASANARE,rural,service,12894.042004332372
85430,TRINIDAD,CASANARE,rural,tertiary,124441.08156511639
85430,TRINIDAD,CASANARE,rural,track,129585.59840052077
85430,TRINIDAD,CASANARE,rural,unclassified,373357.4082246779
85440,VILLANUEVA,CASANARE,cabecera,footway,650.898612956682
85440,VILLANUEVA,CASANARE,cabecera,path,93.0053320992625
85440,VILLANUEVA,CASANARE,cabecera,residential,72919.01671153186
85440,VILLANUEVA,CASANARE,cabecera,service,281.4595792342673
85440,VILLANUEVA,CASANARE,cabecera,trunk,3750.653690816354
85440,VILLANUEVA,CASANARE,cabecera,unclassified,18317.39786562195
85440,VILLANUEVA,CASANARE,centro_poblado,pedestrian,487.19902495097824
85440,VILLANUEVA,CASANARE,centro_poblado,residential,13588.471831025656
85440,VILLANUEVA,CASANARE,centro_poblado,tertiary,1390.2599778100605
85440,VILLANUEVA,CASANARE,centro_poblado,unclassified,729.939288699289
85440,VILLANUEVA,CASANARE,rural,footway,74.16583604781093
85440,VILLANUEVA,CASANARE,rural,path,3462.449188050091
85440,VILLANUEVA,CASANARE,rural,pedestrian,150.29715384253075
85440,VILLANUEVA,CASANARE,rural,residential,17077.068737608046
85440,VILLANUEVA,CASANARE,rural,service,52632.21539182897
85440,VILLANUEVA,CASANARE,rural,tertiary,63101.525750328794
85440,VILLANUEVA,CASANARE,rural,track,41533.81261359067
85440,VILLANUEVA,CASANARE,rural,trunk,14262.163410381056
85440,VILLANUEVA,CASANARE,rural,unclassified,420847.7095196756
86001,MOCOA,PUTUMAYO,cabecera,bridleway,387.2184700534682
86001,MOCOA,PUTUMAYO,cabecera,footway,1452.688810434014
86001,MOCOA,PUTUMAYO,cabecera,path,4187.510151648782
86001,MOCOA,PUTUMAYO,cabecera,pedestrian,285.76286856643657
86001,MOCOA,PUTUMAYO,cabecera,primary,4120.588636589502
86001,MOCOA,PUTUMAYO,cabecera,residential,56807.32177608541
86001,MOCOA,PUTUMAYO,cabecera,secondary,959.7487183155961
86001,MOCOA,PUTUMAYO,cabecera,service,2186.8972164588636
86001,MOCOA,PUTUMAYO,cabecera,steps,340.41958748527964
86001,MOCOA,PUTUMAYO,cabecera,tertiary,5484.023402288058
86001,MOCOA,PUTUMAYO,cabecera,track,1751.9557790041627
86001,MOCOA,PUTUMAYO,cabecera,trunk,3220.4377670037416
86001,MOCOA,PUTUMAYO,cabecera,unclassified,11407.947071405944
86001,MOCOA,PUTUMAYO,centro_poblado,path,237.52916546816414
86001,MOCOA,PUTUMAYO,centro_poblado,primary,2539.2028653617062
86001,MOCOA,PUTUMAYO,centro_poblado,residential,6933.616494809928
86001,MOCOA,PUTUMAYO,centro_poblado,service,540.656596657061
86001,MOCOA,PUTUMAYO,centro_poblado,track,247.62835021382
86001,MOCOA,PUTUMAYO,centro_poblado,trunk,393.3624419465971
86001,MOCOA,PUTUMAYO,centro_poblado,unclassified,1889.2195587614842
86001,MOCOA,PUTUMAYO,rural,bridleway,459.79038110664044
86001,MOCOA,PUTUMAYO,rural,footway,4929.579490413491
86001,MOCOA,PUTUMAYO,rural,path,15896.53874937699
86001,MOCOA,PUTUMAYO,rural,primary,46942.88735478398
86001,MOCOA,PUTUMAYO,rural,residential,31047.522867487223
86001,MOCOA,PUTUMAYO,rural,service,12043.113875340889
86001,MOCOA,PUTUMAYO,rural,tertiary,4761.652363425351
86001,MOCOA,PUTUMAYO,rural,track,31813.77551456744
86001,MOCOA,PUTUMAYO,rural,trunk,17195.409605906003
86001,MOCOA,PUTUMAYO,rural,unclassified,84901.26833476253
86320,ORITO,PUTUMAYO,cabecera,footway,14.628615885751978
86320,ORITO,PUTUMAYO,cabecera,path,49.164752289562585
86320,ORITO,PUTUMAYO,cabecera,residential,59698.67051879156
86320,ORITO,PUTUMAYO,cabecera,secondary,8508.181883910383
86320,ORITO,PUTUMAYO,cabecera,service,4759.903299770769
86320,ORITO,PUTUMAYO,cabecera,track,1095.3374749170962
86320,ORITO,PUTUMAYO,cabecera,unclassified,6395.617375226544
86320,ORITO,PUTUMAYO,centro_poblado,pedestrian,174.60510318509552
86320,ORITO,PUTUMAYO,centro_poblado,primary,2706.5477003543033
86320,ORITO,PUTUMAYO,centro_poblado,residential,6087.324377618139
86320,ORITO,PUTUMAYO,centro_poblado,secondary,3875.7295723004336
86320,ORITO,PUTUMAYO,centro_poblado,service,175.289690096853
86320,ORITO,PUTUMAYO,centro_poblado,track,279.34393471028704
86320,ORITO,PUTUMAYO,centro_poblado,unclassified,5416.270481737198
86320,ORITO,PUTUMAYO,rural,bridleway,21814.83441937021
86320,ORITO,PUTUMAYO,rural,footway,121.22182589474258
86320,ORITO,PUTUMAYO,rural,path,8373.442842968172
86320,ORITO,PUTUMAYO,rural,primary,43433.374836912764
86320,ORITO,PUTUMAYO,rural,residential,30718.670607115273
86320,ORITO,PUTUMAYO,rural,secondary,30685.084739755523
86320,ORITO,PUTUMAYO,rural,service,6798.324393245695
86320,ORITO,PUTUMAYO,rural,track,14528.39998878598
86320,ORITO,PUTUMAYO,rural,unclassified,227504.33261968763
86568,PUERTO ASIS,PUTUMAYO,cabecera,footway,1727.4313185043457
86568,PUERTO ASIS,PUTUMAYO,cabecera,path,707.9426676133096
86568,PUERTO ASIS,PUTUMAYO,cabecera,residential,96148.99040913925
86568,PUERTO ASIS,PUTUMAYO,cabecera,secondary,5913.423191373483
86568,PUERTO ASIS,PUTUMAYO,cabecera,service,783.9432777859587
86568,PUERTO ASIS,PUTUMAYO,cabecera,tertiary,13420.92307726399
86568,PUERTO ASIS,PUTUMAYO,cabecera,unclassified,3588.2721430909746
86568,PUERTO ASIS,PUTUMAYO,centro_poblado,footway,133.70793491518023
86568,PUERTO ASIS,PUTUMAYO,centro_poblado,primary,1318.619251286988
86568,PUERTO ASIS,PUTUMAYO,centro_poblado,residential,9815.64631635168
86568,PUERTO ASIS,PUTUMAYO,centro_poblado,secondary,396.03425875421124
86568,PUERTO ASIS,PUTUMAYO,centro_poblado,service,767.2241776849639
86568,PUERTO ASIS,PUTUMAYO,centro_poblado,unclassified,2854.61658822982
86568,PUERTO ASIS,PUTUMAYO,rural,bridleway,5055.046194710882
86568,PUERTO ASIS,PUTUMAYO,rural,footway,4635.553865600279
86568,PUERTO ASIS,PUTUMAYO,rural,path,2556.2654840589526
86568,PUERTO ASIS,PUTUMAYO,rural,primary,15075.16210080773
86568,PUERTO ASIS,PUTUMAYO,rural,residential,53670.230584488985
86568,PUERTO ASIS,PUTUMAYO,rural,secondary,12102.223488312413
86568,PUERTO ASIS,PUTUMAYO,rural,service,14469.9455747865
86568,PUERTO ASIS,PUTUMAYO,rural,tertiary,7358.964291627045
86568,PUERTO ASIS,PUTUMAYO,rural,track,40388.88350762139
86568,PUERTO ASIS,PUTUMAYO,rural,unclassified,364776.7264482304
86569,PUERTO CAICEDO,PUTUMAYO,cabecera,path,298.93367794104086
86569,PUERTO CAICEDO,PUTUMAYO,cabecera,primary,1971.0868966694711
86569,PUERTO CAICEDO,PUTUMAYO,cabecera,residential,13728.059527029569
86569,PUERTO CAICEDO,PUTUMAYO,cabecera,service,653.0516480603658
86569,PUERTO CAICEDO,PUTUMAYO,cabecera,unclassified,31.55338790693038
86569,PUERTO CAICEDO,PUTUMAYO,centro_poblado,pedestrian,45.82963745389051
86569,PUERTO CAICEDO,PUTUMAYO,centro_poblado,primary,956.0809079624692
86569,PUERTO CAICEDO,PUTUMAYO,centro_poblado,residential,6950.223710986299
86569,PUERTO CAICEDO,PUTUMAYO,centro_poblado,unclassified,49.18944349779099
86569,PUERTO CAICEDO,PUTUMAYO,rural,path,6270.607941646597
86569,PUERTO CAICEDO,PUTUMAYO,rural,pedestrian,3310.671746933974
86569,PUERTO CAICEDO,PUTUMAYO,rural,primary,19399.140044714524
86569,PUERTO CAICEDO,PUTUMAYO,rural,residential,27756.714813722294
86569,PUERTO CAICEDO,PUTUMAYO,rural,service,6253.2654382162855
86569,PUERTO CAICEDO,PUTUMAYO,rural,track,10492.987223885044
86569,PUERTO CAICEDO,PUTUMAYO,rural,unclassified,201978.05774258357
86573,PUERTO LEGUIZAMO,PUTUMAYO,cabecera,footway,1491.6962647561936
86573,PUERTO LEGUIZAMO,PUTUMAYO,cabecera,path,112.18728416287938
86573,PUERTO LEGUIZAMO,PUTUMAYO,cabecera,pedestrian,1660.2946368306693
86573,PUERTO LEGUIZAMO,PUTUMAYO,cabecera,residential,19139.883149623736
86573,PUERTO LEGUIZAMO,PUTUMAYO,cabecera,service,420.6460298380963
86573,PUERTO LEGUIZAMO,PUTUMAYO,cabecera,steps,28.77110357007614
86573,PUERTO LEGUIZAMO,PUTUMAYO,cabecera,tertiary,2423.244016131216
86573,PUERTO LEGUIZAMO,PUTUMAYO,cabecera,unclassified,129.84206315572592
86573,PUERTO LEGUIZAMO,PUTUMAYO,centro_poblado,bridleway,149.53552432672427
86573,PUERTO LEGUIZAMO,PUTUMAYO,centro_poblado,footway,2943.6342137244783
86573,PUERTO LEGUIZAMO,PUTUMAYO,centro_poblado,residential,6030.753535941731
86573,PUERTO LEGUIZAMO,PUTUMAYO,centro_poblado,service,360.00169543504916
86573,PUERTO LEGUIZAMO,PUTUMAYO,centro_poblado,track,233.23931779671835
86573,PUERTO LEGUIZAMO,PUTUMAYO,centro_poblado,unclassified,218.05084079777873
86573,PUERTO LEGUIZAMO,PUTUMAYO,rural,bridleway,18758.092689640747
86573,PUERTO LEGUIZAMO,PUTUMAYO,rural,footway,12219.117143658586
86573,PUERTO LEGUIZAMO,PUTUMAYO,rural,path,43306.50134621253
86573,PUERTO LEGUIZAMO,PUTUMAYO,rural,residential,3491.6286161839394
86573,PUERTO LEGUIZAMO,PUTUMAYO,rural,service,3354.6458941486712
86573,PUERTO LEGUIZAMO,PUTUMAYO,rural,steps,15.265490631468676
86573,PUERTO LEGUIZAMO,PUTUMAYO,rural,tertiary,1057.6518635610742
86573,PUERTO LEGUIZAMO,PUTUMAYO,rural,track,30976.507199911037
86573,PUERTO LEGUIZAMO,PUTUMAYO,rural,unclassified,27897.505703583567
86749,SIBUNDOY,PUTUMAYO,cabecera,footway,284.5430832922465
86749,SIBUNDOY,PUTUMAYO,cabecera,path,1323.3899148065032
86749,SIBUNDOY,PUTUMAYO,cabecera,primary,2411.3358358694877
86749,SIBUNDOY,PUTUMAYO,cabecera,residential,24537.989920718832
86749,SIBUNDOY,PUTUMAYO,cabecera,service,471.34409387518235
86749,SIBUNDOY,PUTUMAYO,cabecera,track,100.40542800632777
86749,SIBUNDOY,PUTUMAYO,cabecera,unclassified,4865.336157007986
86749,SIBUNDOY,PUTUMAYO,centro_poblado,residential,297.8725041264521
86749,SIBUNDOY,PUTUMAYO,centro_poblado,unclassified,1704.054158196487
86749,SIBUNDOY,PUTUMAYO,rural,path,8741.412593722034
86749,SIBUNDOY,PUTUMAYO,rural,primary,5086.441887601722
86749,SIBUNDOY,PUTUMAYO,rural,residential,2632.16107972483
86749,SIBUNDOY,PUTUMAYO,rural,service,622.1700261056362
86749,SIBUNDOY,PUTUMAYO,rural,track,3771.9647621403515
86749,SIBUNDOY,PUTUMAYO,rural,unclassified,52078.278787015246
86757,SAN MIGUEL (LA DORADA),PUTUMAYO,cabecera,footway,353.54034239590044
86757,SAN MIGUEL (LA DORADA),PUTUMAYO,cabecera,primary,2465.7577537509387
86757,SAN MIGUEL (LA DORADA),PUTUMAYO,cabecera,residential,17073.24046458822
86757,SAN MIGUEL (LA DORADA),PUTUMAYO,cabecera,service,24.76653637356611
86757,SAN MIGUEL (LA DORADA),PUTUMAYO,cabecera,unclassified,205.0611259143465
86757,SAN MIGUEL (LA DORADA),PUTUMAYO,centro_poblado,path,10.404695455482154
86757,SAN MIGUEL (LA DORADA),PUTUMAYO,centro_poblado,primary,1274.8180486553083
86757,SAN MIGUEL (LA DORADA),PUTUMAYO,centro_poblado,residential,8246.863974137479
86757,SAN MIGUEL (LA DORADA),PUTUMAYO,centro_poblado,service,139.15025812843197
86757,SAN MIGUEL (LA DORADA),PUTUMAYO,centro_poblado,track,458.5544586991149
86757,SAN MIGUEL (LA DORADA),PUTUMAYO,centro_poblado,unclassified,625.7485553777217
86757,SAN MIGUEL (LA DORADA),PUTUMAYO,rural,bridleway,2279.2732579039343
86757,SAN MIGUEL (LA DORADA),PUTUMAYO,rural,path,3802.042720181491
86757,SAN MIGUEL (LA DORADA),PUTUMAYO,rural,primary,15606.083442982761
86757,SAN MIGUEL (LA DORADA),PUTUMAYO,rural,residential,14232.723556992585
86757,SAN MIGUEL (LA DORADA),PUTUMAYO,rural,service,9505.38943438193
86757,SAN MIGUEL (LA DORADA),PUTUMAYO,rural,track,25696.775229406485
86757,SAN MIGUEL (LA DORADA),PUTUMAYO,rural,unclassified,124644.36885452826
86760,SANTIAGO,PUTUMAYO,cabecera,path,155.70250310275554
86760,SANTIAGO,PUTUMAYO,cabecera,pedestrian,30.929647509275625
86760,SANTIAGO,PUTUMAYO,cabecera,primary,1065.7470718065492
86760,SANTIAGO,PUTUMAYO,cabecera,residential,3580.170792271861
86760,SANTIAGO,PUTUMAYO,cabecera,service,112.5876339471806
86760,SANTIAGO,PUTUMAYO,cabecera,tertiary,833.6154226378527
86760,SANTIAGO,PUTUMAYO,cabecera,track,109.00934214848817
86760,SANTIAGO,PUTUMAYO,cabecera,unclassified,4509.413006303751
86760,SANTIAGO,PUTUMAYO,centro_poblado,residential,256.49715598546476
86760,SANTIAGO,PUTUMAYO,centro_poblado,tertiary,254.06801879452357
86760,SANTIAGO,PUTUMAYO,centro_poblado,unclassified,117.31651897236641
86760,SANTIAGO,PUTUMAYO,rural,path,3205.583201043427
86760,SANTIAGO,PUTUMAYO,rural,pedestrian,8.631649529871948
86760,SANTIAGO,PUTUMAYO,rural,primary,20017.98750892304
86760,SANTIAGO,PUTUMAYO,rural,residential,2035.3514055743012
86760,SANTIAGO,PUTUMAYO,rural,service,20.80355597580535
86760,SANTIAGO,PUTUMAYO,rural,tertiary,4115.339084109869
86760,SANTIAGO,PUTUMAYO,rural,track,3402.489092825075
86760,SANTIAGO,PUTUMAYO,rural,unclassified,46667.51140844742
86865,VALLE DEL GUAMUEZ (LA HORMIGA),PUTUMAYO,cabecera,bridleway,220.7201575197405
86865,VALLE DEL GUAMUEZ (LA HORMIGA),PUTUMAYO,cabecera,footway,51.39682824749929
86865,VALLE DEL GUAMUEZ (LA HORMIGA),PUTUMAYO,cabecera,path,1019.0639056385537
86865,VALLE DEL GUAMUEZ (LA HORMIGA),PUTUMAYO,cabecera,primary,2623.294168371245
86865,VALLE DEL GUAMUEZ (LA HORMIGA),PUTUMAYO,cabecera,residential,40707.4696047457
86865,VALLE DEL GUAMUEZ (LA HORMIGA),PUTUMAYO,cabecera,secondary,495.5049018517906
86865,VALLE DEL GUAMUEZ (LA HORMIGA),PUTUMAYO,cabecera,service,922.5913286430223
86865,VALLE DEL GUAMUEZ (LA HORMIGA),PUTUMAYO,cabecera,unclassified,812.821677905466
86865,VALLE DEL GUAMUEZ (LA HORMIGA),PUTUMAYO,centro_poblado,bridleway,7.350161155048849
86865,VALLE DEL GUAMUEZ (LA HORMIGA),PUTUMAYO,centro_poblado,footway,84.85448499681301
86865,VALLE DEL GUAMUEZ (LA HORMIGA),PUTUMAYO,centro_poblado,pedestrian,75.58416208218462
86865,VALLE DEL GUAMUEZ (LA HORMIGA),PUTUMAYO,centro_poblado,primary,3140.518901411602
86865,VALLE DEL GUAMUEZ (LA HORMIGA),PUTUMAYO,centro_poblado,residential,13756.038526754885
86865,VALLE DEL GUAMUEZ (LA HORMIGA),PUTUMAYO,centro_poblado,secondary,1761.3795245453816
86865,VALLE DEL GUAMUEZ (LA HORMIGA),PUTUMAYO,centro_poblado,service,145.90250220903118
86865,VALLE DEL GUAMUEZ (LA HORMIGA),PUTUMAYO,centro_poblado,track,7.66764954765021
86865,VALLE DEL GUAMUEZ (LA HORMIGA),PUTUMAYO,centro_poblado,unclassified,954.800968984621
86865,VALLE DEL GUAMUEZ (LA HORMIGA),PUTUMAYO,rural,bridleway,6152.6148741839315
86865,VALLE DEL GUAMUEZ (LA HORMIGA),PUTUMAYO,rural,path,8052.2794205169685
86865,VALLE DEL GUAMUEZ (LA HORMIGA),PUTUMAYO,rural,primary,16233.221726282021
86865,VALLE DEL GUAMUEZ (LA HORMIGA),PUTUMAYO,rural,residential,28200.816778152923
86865,VALLE DEL GUAMUEZ (LA HORMIGA),PUTUMAYO,rural,secondary,19420.26308476764
86865,VALLE DEL GUAMUEZ (LA HORMIGA),PUTUMAYO,rural,service,1483.6820583962337
86865,VALLE DEL GUAMUEZ (LA HORMIGA),PUTUMAYO,rural,track,29629.322994496735
86865,VALLE DEL GUAMUEZ (LA HORMIGA),PUTUMAYO,rural,unclassified,244416.98484870762
86885,VILLAGARZON,PUTUMAYO,cabecera,footway,142.2214040229972
86885,VILLAGARZON,PUTUMAYO,cabecera,path,30.8154946798118
86885,VILLAGARZON,PUTUMAYO,cabecera,primary,2259.886984512369
86885,VILLAGARZON,PUTUMAYO,cabecera,residential,40194.495594533306
86885,VILLAGARZON,PUTUMAYO,cabecera,service,173.78231151150692
86885,VILLAGARZON,PUTUMAYO,cabecera,steps,24.853924663766954
86885,VILLAGARZON,PUTUMAYO,cabecera,track,490.5066648921025
86885,VILLAGARZON,PUTUMAYO,cabecera,unclassified,273.91529596451414
86885,VILLAGARZON,PUTUMAYO,centro_poblado,primary,3024.0263753702056
86885,VILLAGARZON,PUTUMAYO,centro_poblado,residential,6327.05868179896
86885,VILLAGARZON,PUTUMAYO,centro_poblado,service,565.1583531650227
86885,VILLAGARZON,PUTUMAYO,centro_poblado,tertiary,389.595185312853
86885,VILLAGARZON,PUTUMAYO,centro_poblado,track,71.26311049844699
86885,VILLAGARZON,PUTUMAYO,centro_poblado,unclassified,2963.4245763238705
86885,VILLAGARZON,PUTUMAYO,rural,bridleway,9343.973662328686
86885,VILLAGARZON,PUTUMAYO,rural,path,190.2897187052402
86885,VILLAGARZON,PUTUMAYO,rural,primary,28904.09673912769
86885,VILLAGARZON,PUTUMAYO,rural,residential,16710.58072894779
86885,VILLAGARZON,PUTUMAYO,rural,service,7766.332333457715
86885,VILLAGARZON,PUTUMAYO,rural,tertiary,9752.754735467865
86885,VILLAGARZON,PUTUMAYO,rural,track,6942.222469868148
86885,VILLAGARZON,PUTUMAYO,rural,unclassified,192595.4281506543
91001,LETICIA,AMAZONAS,cabecera,bridleway,614.3735210453445
91001,LETICIA,AMAZONAS,cabecera,footway,7216.7347147104365
91001,LETICIA,AMAZONAS,cabecera,path,7546.058462121312
91001,LETICIA,AMAZONAS,cabecera,pedestrian,733.9341460149942
91001,LETICIA,AMAZONAS,cabecera,residential,61736.651408724
91001,LETICIA,AMAZONAS,cabecera,secondary,14362.64519643379
91001,LETICIA,AMAZONAS,cabecera,service,9291.700138161752
91001,LETICIA,AMAZONAS,cabecera,tertiary,4320.610965327373
91001,LETICIA,AMAZONAS,cabecera,track,2553.13101678911
91001,LETICIA,AMAZONAS,cabecera,unclassified,3218.4431965261874
91001,LETICIA,AMAZONAS,cabecera,unknown,747.5746716692826
91001,LETICIA,AMAZONAS,centro_poblado,footway,12783.237033397629
91001,LETICIA,AMAZONAS,centro_poblado,path,17770.800811227204
91001,LETICIA,AMAZONAS,centro_poblado,pedestrian,175.32726435386672
91001,LETICIA,AMAZONAS,centro_poblado,residential,6939.9917168526035
91001,LETICIA,AMAZONAS,centro_poblado,secondary,346.75961916360416
91001,LETICIA,AMAZONAS,centro_poblado,service,67.35256104073208
91001,LETICIA,AMAZONAS,centro_poblado,track,728.1822672180622
91001,LETICIA,AMAZONAS,centro_poblado,unclassified,1921.7728149740394
91001,LETICIA,AMAZONAS,rural,footway,2234.783976912907
91001,LETICIA,AMAZONAS,rural,path,32591.85464500734
91001,LETICIA,AMAZONAS,rural,residential,7056.590334040498
91001,LETICIA,AMAZONAS,rural,secondary,14807.217812423663
91001,LETICIA,AMAZONAS,rural,service,4149.16263050106
91001,LETICIA,AMAZONAS,rural,steps,3.2439245654429554
91001,LETICIA,AMAZONAS,rural,track,17595.269026519367
91001,LETICIA,AMAZONAS,rural,unclassified,19115.93419473408
94001,INIRIDA,GUAINIA,cabecera,footway,75.48860266070152
94001,INIRIDA,GUAINIA,cabecera,path,968.8100915676355
94001,INIRIDA,GUAINIA,cabecera,residential,66842.3897352435
94001,INIRIDA,GUAINIA,cabecera,service,1424.8184062403648
94001,INIRIDA,GUAINIA,cabecera,tertiary,13739.725047366233
94001,INIRIDA,GUAINIA,cabecera,track,2177.7374333763587
94001,INIRIDA,GUAINIA,cabecera,unclassified,1691.310423284841
94001,INIRIDA,GUAINIA,centro_poblado,footway,2747.0361885229545
94001,INIRIDA,GUAINIA,centro_poblado,path,1593.4650880035417
94001,INIRIDA,GUAINIA,centro_poblado,pedestrian,792.416921508683
94001,INIRIDA,GUAINIA,centro_poblado,residential,1346.2441201760003
94001,INIRIDA,GUAINIA,centro_poblado,tertiary,27.26763448010232
94001,INIRIDA,GUAINIA,centro_poblado,track,112.72953868284029
94001,INIRIDA,GUAINIA,centro_poblado,unclassified,34.430415853724966
94001,INIRIDA,GUAINIA,rural,footway,8572.152980827279
94001,INIRIDA,GUAINIA,rural,path,26550.5566219757
94001,INIRIDA,GUAINIA,rural,pedestrian,2009.6259935311282
94001,INIRIDA,GUAINIA,rural,residential,10162.003636060044
94001,INIRIDA,GUAINIA,rural,service,788.7865448592895
94001,INIRIDA,GUAINIA,rural,steps,18.193658631415843
94001,INIRIDA,GUAINIA,rural,tertiary,3356.675524110522
94001,INIRIDA,GUAINIA,rural,track,110816.6957430319
94001,INIRIDA,GUAINIA,rural,unclassified,34436.822627634785
95001,SAN JOSE DEL GUAVIARE,GUAVIARE,cabecera,cycleway,626.5212333431867
95001,SAN JOSE DEL GUAVIARE,GUAVIARE,cabecera,footway,6670.398343532574
95001,SAN JOSE DEL GUAVIARE,GUAVIARE,cabecera,path,97.31115016784045
95001,SAN JOSE DEL GUAVIARE,GUAVIARE,cabecera,pedestrian,229.68295961148928
95001,SAN JOSE DEL GUAVIARE,GUAVIARE,cabecera,residential,105922.23204570977
95001,SAN JOSE DEL GUAVIARE,GUAVIARE,cabecera,secondary,5650.632826025564
95001,SAN JOSE DEL GUAVIARE,GUAVIARE,cabecera,service,3402.499441102117
95001,SAN JOSE DEL GUAVIARE,GUAVIARE,cabecera,tertiary,5461.27892483578
95001,SAN JOSE DEL GUAVIARE,GUAVIARE,cabecera,track,69.94616396739549
95001,SAN JOSE DEL GUAVIARE,GUAVIARE,cabecera,unclassified,3066.5315308889117
95001,SAN JOSE DEL GUAVIARE,GUAVIARE,centro_poblado,footway,366.1122607408115
95001,SAN JOSE DEL GUAVIARE,GUAVIARE,centro_poblado,path,133.49076490542964
95001,SAN JOSE DEL GUAVIARE,GUAVIARE,centro_poblado,residential,22476.803065970314
95001,SAN JOSE DEL GUAVIARE,GUAVIARE,centro_poblado,secondary,398.9482702531561
95001,SAN JOSE DEL GUAVIARE,GUAVIARE,centro_poblado,service,3430.398995559269
95001,SAN JOSE DEL GUAVIARE,GUAVIARE,centro_poblado,tertiary,4001.005584856687
95001,SAN JOSE DEL GUAVIARE,GUAVIARE,centro_poblado,track,496.29270864750595
95001,SAN JOSE DEL GUAVIARE,GUAVIARE,centro_poblado,unclassified,6289.4103577353335
95001,SAN JOSE DEL GUAVIARE,GUAVIARE,rural,bridleway,127648.13229926888
95001,SAN JOSE DEL GUAVIARE,GUAVIARE,rural,footway,14790.824520008062
95001,SAN JOSE DEL GUAVIARE,GUAVIARE,rural,path,32401.45476282153
95001,SAN JOSE DEL GUAVIARE,GUAVIARE,rural,residential,38710.540571347185
95001,SAN JOSE DEL GUAVIARE,GUAVIARE,rural,secondary,14720.885453897614
95001,SAN JOSE DEL GUAVIARE,GUAVIARE,rural,service,22220.535848665328
95001,SAN JOSE DEL GUAVIARE,GUAVIARE,rural,tertiary,274559.0745068794
95001,SAN JOSE DEL GUAVIARE,GUAVIARE,rural,track,484484.95389413123
95001,SAN JOSE DEL GUAVIARE,GUAVIARE,rural,unclassified,958527.999577898
95025,EL RETORNO,GUAVIARE,cabecera,footway,320.02009403191744
95025,EL RETORNO,GUAVIARE,cabecera,pedestrian,18.339965996255085
95025,EL RETORNO,GUAVIARE,cabecera,residential,12184.186552386616
95025,EL RETORNO,GUAVIARE,cabecera,service,204.29939194175685
95025,EL RETORNO,GUAVIARE,cabecera,tertiary,2229.5825361828197
95025,EL RETORNO,GUAVIARE,cabecera,unclassified,269.5080633856283
95025,EL RETORNO,GUAVIARE,centro_poblado,footway,342.12004216934236
95025,EL RETORNO,GUAVIARE,centro_poblado,residential,4363.925970154306
95025,EL RETORNO,GUAVIARE,centro_poblado,service,300.57888959877295
95025,EL RETORNO,GUAVIARE,centro_poblado,tertiary,2907.4870554251816
95025,EL RETORNO,GUAVIARE,centro_poblado,track,18.16566233447127
95025,EL RETORNO,GUAVIARE,centro_poblado,unclassified,533.2629377301599
95025,EL RETORNO,GUAVIARE,rural,bridleway,12578.294062803627
95025,EL RETORNO,GUAVIARE,rural,footway,900.2076341102862
95025,EL RETORNO,GUAVIARE,rural,path,9485.7512186848
95025,EL RETORNO,GUAVIARE,rural,residential,15375.972822991716
95025,EL RETORNO,GUAVIARE,rural,service,3649.5536877557097
95025,EL RETORNO,GUAVIARE,rural,tertiary,89464.89769587845
95025,EL RETORNO,GUAVIARE,rural,track,195401.93476042463
95025,EL RETORNO,GUAVIARE,rural,unclassified,606044.3199356749
95200,MIRAFLORES,GUAVIARE,cabecera,footway,174.99525161800267
95200,MIRAFLORES,GUAVIARE,cabecera,residential,6318.871615959207
95200,MIRAFLORES,GUAVIARE,cabecera,service,1610.368120650206
95200,MIRAFLORES,GUAVIARE,cabecera,tertiary,270.96527052555825
95200,MIRAFLORES,GUAVIARE,cabecera,track,201.21250941807313
95200,MIRAFLORES,GUAVIARE,cabecera,unclassified,2085.3119543098105
95200,MIRAFLORES,GUAVIARE,centro_poblado,bridleway,266.0430211970835
95200,MIRAFLORES,GUAVIARE,centro_poblado,footway,609.6262716624528
95200,MIRAFLORES,GUAVIARE,centro_poblado,residential,2188.593333335425
95200,MIRAFLORES,GUAVIARE,centro_poblado,service,120.09144158651276
95200,MIRAFLORES,GUAVIARE,centro_poblado,unclassified,1555.9648970204157
95200,MIRAFLORES,GUAVIARE,rural,bridleway,55615.9993691709
95200,MIRAFLORES,GUAVIARE,rural,footway,1892.7911429459655
95200,MIRAFLORES,GUAVIARE,rural,path,10218.950423114302
95200,MIRAFLORES,GUAVIARE,rural,residential,858.3959881689275
95200,MIRAFLORES,GUAVIARE,rural,service,10.398068628854098
95200,MIRAFLORES,GUAVIARE,rural,tertiary,19932.47117105679
95200,MIRAFLORES,GUAVIARE,rural,track,8538.278603987628
95200,MIRAFLORES,GUAVIARE,rural,unclassified,179161.89125463285
97001,MITU,VAUPES,cabecera,footway,683.1219473688582
97001,MITU,VAUPES,cabecera,path,830.4739757074015
97001,MITU,VAUPES,cabecera,residential,19049.368180365327
97001,MITU,VAUPES,cabecera,service,1104.6976409358167
97001,MITU,VAUPES,cabecera,tertiary,3651.4318815950637
97001,MITU,VAUPES,cabecera,track,651.8628270278766
97001,MITU,VAUPES,cabecera,unclassified,1600.4466623524168
97001,MITU,VAUPES,centro_poblado,footway,1191.8150228233403
97001,MITU,VAUPES,centro_poblado,path,538.7840679133914
97001,MITU,VAUPES,centro_poblado,pedestrian,644.2505457113487
97001,MITU,VAUPES,centro_poblado,unclassified,436.1138237188572
97001,MITU,VAUPES,rural,footway,46569.819734172044
97001,MITU,VAUPES,rural,path,41931.64734645574
97001,MITU,VAUPES,rural,pedestrian,3447.3072786380344
97001,MITU,VAUPES,rural,residential,2172.7353955602925
97001,MITU,VAUPES,rural,service,753.4973510780142
97001,MITU,VAUPES,rural,track,18719.90825949725
97001,MITU,VAUPES,rural,unclassified,83038.52488838017
99524,LA PRIMAVERA,VICHADA,cabecera,residential,32379.101314771633
99524,LA PRIMAVERA,VICHADA,cabecera,secondary,5445.034871503111
99524,LA PRIMAVERA,VICHADA,cabecera,service,364.57799097765906
99524,LA PRIMAVERA,VICHADA,cabecera,track,211.54535199525276
99524,LA PRIMAVERA,VICHADA,cabecera,unclassified,1396.8734950909306
99524,LA PRIMAVERA,VICHADA,centro_poblado,residential,3559.4160365389653
99524,LA PRIMAVERA,VICHADA,centro_poblado,service,1199.4407128568141
99524,LA PRIMAVERA,VICHADA,centro_poblado,track,226.7098471372219
99524,LA PRIMAVERA,VICHADA,rural,footway,1225.3628757131964
99524,LA PRIMAVERA,VICHADA,rural,path,558.2313571590332
99524,LA PRIMAVERA,VICHADA,rural,residential,1471.9006432215715
99524,LA PRIMAVERA,VICHADA,rural,secondary,247406.24234664693
99524,LA PRIMAVERA,VICHADA,rural,service,8219.486322944675
99524,LA PRIMAVERA,VICHADA,rural,track,386003.7992738007
99524,LA PRIMAVERA,VICHADA,rural,unclassified,233668.62649220956
99773,CUMARIBO,VICHADA,cabecera,residential,16904.330696383553
99773,CUMARIBO,VICHADA,cabecera,service,143.52556647806426
99773,CUMARIBO,VICHADA,cabecera,unclassified,19.99805573015912
99773,CUMARIBO,VICHADA,centro_poblado,bridleway,980.3002529241076
99773,CUMARIBO,VICHADA,centro_poblado,footway,1089.6371880091397
99773,CUMARIBO,VICHADA,centro_poblado,path,960.2915833158257
99773,CUMARIBO,VICHADA,centro_poblado,residential,11226.25248365736
99773,CUMARIBO,VICHADA,centro_poblado,service,874.5213693887843
99773,CUMARIBO,VICHADA,centro_poblado,track,2088.7296856708226
99773,CUMARIBO,VICHADA,centro_poblado,unclassified,4319.077462817415
99773,CUMARIBO,VICHADA,rural,bridleway,37309.19122412088
99773,CUMARIBO,VICHADA,rural,footway,10100.879398209141
99773,CUMARIBO,VICHADA,rural,path,25459.765742205156
99773,CUMARIBO,VICHADA,rural,pedestrian,490.84492973484214
99773,CUMARIBO,VICHADA,rural,residential,16535.514553112345
99773,CUMARIBO,VICHADA,rural,service,26017.663992750302
99773,CUMARIBO,VICHADA,rural,tertiary,110527.32017606239
99773,CUMARIBO,VICHADA,rural,track,1093881.4177106412
99773,CUMARIBO,VICHADA,rural,unclassified,1475051.2518491666
