mpio_id,municipio,departamento,zone_type,area_km2
05002,ABEJORRAL,ANTIOQUIA,cabecera,1.2386980885979
05002,ABEJORRAL,ANTIOQUIA,centro_poblado,0.1077411905660147
05002,ABEJORRAL,ANTIOQUIA,rural,505.78767483620067
05030,AMAGA,ANTIOQUIA,cabecera,1.5473087499958287
05030,AMAGA,ANTIOQUIA,centro_poblado,1.8351360947239166
05030,AMAGA,ANTIOQUIA,rural,80.75003206926382
05031,AMALFI,ANTIOQUIA,cabecera,1.6400384949265066
05031,AMALFI,ANTIOQUIA,centro_poblado,0.030287776551963876
05031,AMALFI,ANTIOQUIA,rural,1207.4565452121417
05034,ANDES,ANTIOQUIA,cabecera,2.068043742710775
05034,ANDES,ANTIOQUIA,centro_poblado,0.4568651422400569
05034,ANDES,ANTIOQUIA,rural,399.9776534362064
05036,ANGELOPOLIS,ANTIOQUIA,cabecera,0.771741787236869
05036,ANGELOPOLIS,ANTIOQUIA,centro_poblado,0.21547037527264046
05036,ANGELOPOLIS,ANTIOQUIA,rural,80.88908938355367
05038,ANGOSTURA,ANTIOQUIA,cabecera,0.48212799924592953
05038,ANGOSTURA,ANTIOQUIA,centro_poblado,0.09561878484192171
05038,ANGOSTURA,ANTIOQUIA,rural,338.08873520387357
05040,ANORI,ANTIOQUIA,cabecera,1.298429367708813
05040,ANORI,ANTIOQUIA,centro_poblado,0.1342799556989362
05040,ANORI,ANTIOQUIA,rural,1412.3411947042448
05042,ANTIOQUIA,ANTIOQUIA,cabecera,3.5827935409210694
05042,ANTIOQUIA,ANTIOQUIA,centro_poblado,0.16829956455738057
05042,ANTIOQUIA,ANTIOQUIA,rural,521.8502815867345
05051,ARBOLETES,ANTIOQUIA,cabecera,1.4554693542492692
05051,ARBOLETES,ANTIOQUIA,centro_poblado,0.9238472970237139
05051,ARBOLETES,ANTIOQUIA,rural,751.872585332961
05055,ARGELIA,ANTIOQUIA,cabecera,0.5631820385398186
05055,ARGELIA,ANTIOQUIA,rural,244.7786001741755
05079,BARBOSA,ANTIOQUIA,cabecera,2.787017060346877
05079,BARBOSA,ANTIOQUIA,centro_poblado,1.1853277949100791
05079,BARBOSA,ANTIOQUIA,rural,201.69382331348092
05091,BETANIA,ANTIOQUIA,cabecera,0.3751193058774857
05091,BETANIA,ANTIOQUIA,centro_poblado,0.08009941574637772
05091,BETANIA,ANTIOQUIA,rural,180.07076806425866
05093,BETULIA,ANTIOQUIA,cabecera,0.5983759156215157
05093,BETULIA,ANTIOQUIA,centro_poblado,0.21838735365234738
05093,BETULIA,ANTIOQUIA,rural,261.5507392860834
05101,BOLIVAR,ANTIOQUIA,cabecera,1.4719141749835154
05101,BOLIVAR,ANTIOQUIA,centro_poblado,0.2123356340233448
05101,BOLIVAR,ANTIOQUIA,rural,258.76185801200273
05107,BRICEÑO,ANTIOQUIA,cabecera,0.49922595167951483
05107,BRICEÑO,ANTIOQUIA,centro_poblado,0.1825475937400289
05107,BRICEÑO,ANTIOQUIA,rural,375.66498298894766
05120,CACERES,ANTIOQUIA,cabecera,1.754359277817274
05120,CACERES,ANTIOQUIA,centro_poblado,2.198124339959063
05120,CACERES,ANTIOQUIA,rural,1869.8503504816485
05125,CAICEDO,ANTIOQUIA,cabecera,0.1641255126101842
05125,CAICEDO,ANTIOQUIA,rural,199.96575759046908
05129,CALDAS,ANTIOQUIA,cabecera,3.9866350770310928
05129,CALDAS,ANTIOQUIA,centro_poblado,1.2736219393742747
05129,CALDAS,ANTIOQUIA,rural,127.49567871085526
05134,CAMPAMENTO,ANTIOQUIA,cabecera,0.5646720104305537
05134,CAMPAMENTO,ANTIOQUIA,centro_poblado,2.104489411181385
05134,CAMPAMENTO,ANTIOQUIA,rural,203.67418504686287
05138,CAÑASGORDAS,ANTIOQUIA,cabecera,0.9077272518328912
05138,CAÑASGORDAS,ANTIOQUIA,centro_poblado,0.21720099079157892
05138,CAÑASGORDAS,ANTIOQUIA,rural,363.7063018593686
05147,CAREPA,ANTIOQUIA,cabecera,2.6047367676381543
05147,CAREPA,ANTIOQUIA,centro_poblado,0.6473628098291921
05147,CAREPA,ANTIOQUIA,rural,384.01854251794475
05148,CARMEN DE VIBORAL,ANTIOQUIA,cabecera,3.07084154007892
05148,CARMEN DE VIBORAL,ANTIOQUIA,centro_poblado,0.7049214314551733
05148,CARMEN DE VIBORAL,ANTIOQUIA,rural,419.86942856094424
05154,CAUCASIA,ANTIOQUIA,cabecera,16.96933230554145
05154,CAUCASIA,ANTIOQUIA,centro_poblado,1.5191973728577524
05154,CAUCASIA,ANTIOQUIA,rural,1410.6334462930447
05172,CHIGORODO,ANTIOQUIA,cabecera,3.5639499796155976
05172,CHIGORODO,ANTIOQUIA,centro_poblado,0.3337846341000153
05172,CHIGORODO,ANTIOQUIA,rural,717.7849106930381
05190,CISNEROS,ANTIOQUIA,cabecera,1.4511778879772765
05190,CISNEROS,ANTIOQUIA,rural,45.483553867807416
05197,COCORNA,ANTIOQUIA,cabecera,0.8095784757540659
05197,COCORNA,ANTIOQUIA,centro_poblado,0.12334035460613708
05197,COCORNA,ANTIOQUIA,rural,240.83178458515525
05209,CONCORDIA,ANTIOQUIA,cabecera,0.7864631092095906
05209,CONCORDIA,ANTIOQUIA,centro_poblado,0.08645746505080114
05209,CONCORDIA,ANTIOQUIA,rural,247.00746977559285
05212,COPACABANA,ANTIOQUIA,cabecera,7.627313766001301
05212,COPACABANA,ANTIOQUIA,centro_poblado,0.23402397698562108
05212,COPACABANA,ANTIOQUIA,rural,59.899379613806495
05234,DABEIBA,ANTIOQUIA,cabecera,2.488900595528375
05234,DABEIBA,ANTIOQUIA,centro_poblado,0.114631758427731
05234,DABEIBA,ANTIOQUIA,rural,1954.659175445363
05237,DON MATIAS,ANTIOQUIA,cabecera,1.0852459673163108
05237,DON MATIAS,ANTIOQUIA,centro_poblado,0.13254815806482692
05237,DON MATIAS,ANTIOQUIA,rural,202.11451656920232
05240,EBEJICO,ANTIOQUIA,cabecera,0.27957558787638814
05240,EBEJICO,ANTIOQUIA,centro_poblado,0.321433804415111
05240,EBEJICO,ANTIOQUIA,rural,237.17836892306016
05250,EL BAGRE,ANTIOQUIA,cabecera,11.054435407457564
05250,EL BAGRE,ANTIOQUIA,centro_poblado,2.414458749279108
05250,EL BAGRE,ANTIOQUIA,rural,1546.7799776161528
05264,ENTRERRIOS,ANTIOQUIA,cabecera,1.0530348323934986
05264,ENTRERRIOS,ANTIOQUIA,rural,213.14291101253025
05282,FREDONIA,ANTIOQUIA,cabecera,2.1598064530640335
05282,FREDONIA,ANTIOQUIA,centro_poblado,0.46265451312683803
05282,FREDONIA,ANTIOQUIA,rural,255.47013822212205
05284,FRONTINO,ANTIOQUIA,cabecera,3.0784228546523096
05284,FRONTINO,ANTIOQUIA,centro_poblado,0.3142824092480366
05284,FRONTINO,ANTIOQUIA,rural,1380.7386595764917
05310,GOMEZ PLATA,ANTIOQUIA,cabecera,1.0542056777071986
05310,GOMEZ PLATA,ANTIOQUIA,centro_poblado,0.1694803007062741
05310,GOMEZ PLATA,ANTIOQUIA,rural,330.98094283492793
05313,GRANADA,ANTIOQUIA,cabecera,0.5927988620817426
05313,GRANADA,ANTIOQUIA,centro_poblado,0.07018367695724505
05313,GRANADA,ANTIOQUIA,rural,189.5621386102803
05318,GUARNE,ANTIOQUIA,cabecera,1.7304286800751036
05318,GUARNE,ANTIOQUIA,centro_poblado,0.48754633378215934
05318,GUARNE,ANTIOQUIA,rural,149.59366321307112
05361,ITUANGO,ANTIOQUIA,cabecera,0.9367685073711798
05361,ITUANGO,ANTIOQUIA,centro_poblado,0.5673185510638216
05361,ITUANGO,ANTIOQUIA,rural,2839.6120010338427
05364,JARDIN,ANTIOQUIA,cabecera,1.401068873834445
05364,JARDIN,ANTIOQUIA,centro_poblado,0.35126884182535417
05364,JARDIN,ANTIOQUIA,rural,199.41022393632068
05368,JERICO,ANTIOQUIA,cabecera,1.4913089293508877
05368,JERICO,ANTIOQUIA,centro_poblado,0.10502133066563055
05368,JERICO,ANTIOQUIA,rural,203.40434496757808
05376,LA CEJA,ANTIOQUIA,cabecera,4.030160283617941
05376,LA CEJA,ANTIOQUIA,centro_poblado,0.4569379570654538
05376,LA CEJA,ANTIOQUIA,rural,128.22785452919504
05380,LA ESTRELLA,ANTIOQUIA,cabecera,6.651087904456903
05380,LA ESTRELLA,ANTIOQUIA,centro_poblado,0.5309239789159137
05380,LA ESTRELLA,ANTIOQUIA,rural,29.449782588715312
05400,LA UNION,ANTIOQUIA,cabecera,0.9274911581849515
05400,LA UNION,ANTIOQUIA,centro_poblado,0.08152880589991379
05400,LA UNION,ANTIOQUIA,rural,166.7306399397507
05411,LIBORINA,ANTIOQUIA,cabecera,0.3376969231783657
05411,LIBORINA,ANTIOQUIA,centro_poblado,0.5151249621354327
05411,LIBORINA,ANTIOQUIA,rural,215.56362134489507
05440,MARINILLA,ANTIOQUIA,cabecera,4.728060607687091
05440,MARINILLA,ANTIOQUIA,rural,110.1431407496084
05480,MUTATA,ANTIOQUIA,cabecera,0.6466457980246787
05480,MUTATA,ANTIOQUIA,centro_poblado,0.5879298882962358
05480,MUTATA,ANTIOQUIA,rural,1073.9382449006105
05483,NARIÑO,ANTIOQUIA,cabecera,0.8054834449925357
05483,NARIÑO,ANTIOQUIA,centro_poblado,0.10440209864573745
05483,NARIÑO,ANTIOQUIA,rural,315.8575325068641
05490,NECOCLI,ANTIOQUIA,cabecera,2.7919066775398207
05490,NECOCLI,ANTIOQUIA,centro_poblado,3.2075626563019832
05490,NECOCLI,ANTIOQUIA,rural,1249.5444663550034
05495,NECHI,ANTIOQUIA,cabecera,1.598111635593237
05495,NECHI,ANTIOQUIA,centro_poblado,0.6491826150570611
05495,NECHI,ANTIOQUIA,rural,935.0756509586782
05541,PEÑOL,ANTIOQUIA,cabecera,1.1825020152678272
05541,PEÑOL,ANTIOQUIA,rural,117.13184767253502
05543,PEQUE,ANTIOQUIA,cabecera,0.514792743315026
05543,PEQUE,ANTIOQUIA,centro_poblado,0.14021508141911812
05543,PEQUE,ANTIOQUIA,rural,433.4140357349286
05579,PUERTO BERRIO,ANTIOQUIA,cabecera,6.147830785953415
05579,PUERTO BERRIO,ANTIOQUIA,centro_poblado,0.6708892825331955
05579,PUERTO BERRIO,ANTIOQUIA,rural,1213.2904541861724
05585,PUERTO NARE-LA MAGDALENA,ANTIOQUIA,cabecera,0.8740912593304402
05585,PUERTO NARE-LA MAGDALENA,ANTIOQUIA,centro_poblado,2.1168813807407467
05585,PUERTO NARE-LA MAGDALENA,ANTIOQUIA,rural,666.3004967367038
05591,PUERTO TRIUNFO,ANTIOQUIA,cabecera,0.47244349994696005
05591,PUERTO TRIUNFO,ANTIOQUIA,centro_poblado,1.8511091641190986
05591,PUERTO TRIUNFO,ANTIOQUIA,rural,367.2332091255786
05604,REMEDIOS,ANTIOQUIA,cabecera,3.0524267380983745
05604,REMEDIOS,ANTIOQUIA,centro_poblado,0.7118193282423981
05604,REMEDIOS,ANTIOQUIA,rural,1985.4270639631786
05607,RETIRO,ANTIOQUIA,cabecera,1.930009255887241
05607,RETIRO,ANTIOQUIA,centro_poblado,0.44404889545810355
05607,RETIRO,ANTIOQUIA,rural,241.22596961824857
05615,RIONEGRO,ANTIOQUIA,cabecera,9.503587669736968
05615,RIONEGRO,ANTIOQUIA,centro_poblado,8.744335563631575
05615,RIONEGRO,ANTIOQUIA,rural,177.69222563144763
05631,SABANETA,ANTIOQUIA,cabecera,4.52905336524803
05631,SABANETA,ANTIOQUIA,centro_poblado,0.6627059640571088
05631,SABANETA,ANTIOQUIA,rural,10.643559696617997
05642,SALGAR,ANTIOQUIA,cabecera,0.6836840604107439
05642,SALGAR,ANTIOQUIA,centro_poblado,0.10622499652543099
05642,SALGAR,ANTIOQUIA,rural,287.44503297651045
05649,SAN CARLOS,ANTIOQUIA,cabecera,2.0950020423618234
05649,SAN CARLOS,ANTIOQUIA,centro_poblado,0.3056686988960003
05649,SAN CARLOS,ANTIOQUIA,rural,715.4138998852841
05656,SAN JERONIMO,ANTIOQUIA,cabecera,4.9965053528809
05656,SAN JERONIMO,ANTIOQUIA,rural,156.2692146916714
05659,SAN JUAN DE URABA,ANTIOQUIA,cabecera,0.9583312093569769
05659,SAN JUAN DE URABA,ANTIOQUIA,centro_poblado,0.6309860809713093
05659,SAN JUAN DE URABA,ANTIOQUIA,rural,250.40761806790195
05660,SAN LUIS,ANTIOQUIA,cabecera,0.49217408138576124
05660,SAN LUIS,ANTIOQUIA,centro_poblado,0.3116610819994427
05660,SAN LUIS,ANTIOQUIA,rural,424.8152393168211
05664,SAN PEDRO,ANTIOQUIA,cabecera,2.1558649516458894
05664,SAN PEDRO,ANTIOQUIA,centro_poblado,0.03686401090610747
05664,SAN PEDRO,ANTIOQUIA,rural,218.75154548370455
05665,SAN PEDRO DE URABA,ANTIOQUIA,cabecera,3.330212505915305
05665,SAN PEDRO DE URABA,ANTIOQUIA,centro_poblado,0.5812960584346817
05665,SAN PEDRO DE URABA,ANTIOQUIA,rural,598.6216455884877
05667,SAN RAFAEL,ANTIOQUIA,cabecera,1.3241217021883596
05667,SAN RAFAEL,ANTIOQUIA,centro_poblado,0.0094410489844282
05667,SAN RAFAEL,ANTIOQUIA,rural,362.5950955657249
05670,SAN ROQUE,ANTIOQUIA,cabecera,0.6690852487060898
05670,SAN ROQUE,ANTIOQUIA,centro_poblado,0.6239792326921021
05670,SAN ROQUE,ANTIOQUIA,rural,423.5618330644779
05674,SAN VICENTE,ANTIOQUIA,cabecera,0.9955514684931122
05674,SAN VICENTE,ANTIOQUIA,centro_poblado,0.016975121367239023
05674,SAN VICENTE,ANTIOQUIA,rural,229.4786472809341
05679,SANTA BARBARA,ANTIOQUIA,cabecera,1.0603620257895672
05679,SANTA BARBARA,ANTIOQUIA,centro_poblado,0.9380298849211084
05679,SANTA BARBARA,ANTIOQUIA,rural,194.17135439567872
05686,SANTA ROSA DE OSOS,ANTIOQUIA,cabecera,5.374252758773579
05686,SANTA ROSA DE OSOS,ANTIOQUIA,centro_poblado,0.5634737610323794
05686,SANTA ROSA DE OSOS,ANTIOQUIA,rural,858.8411875842392
05690,SANTO DOMINGO,ANTIOQUIA,cabecera,0.5313370015034793
05690,SANTO DOMINGO,ANTIOQUIA,centro_poblado,0.46878560488088383
05690,SANTO DOMINGO,ANTIOQUIA,rural,264.9505974922664
05697,SANTUARIO,ANTIOQUIA,cabecera,2.0177261329288925
05697,SANTUARIO,ANTIOQUIA,rural,81.43336769101295
05736,SEGOVIA,ANTIOQUIA,cabecera,3.8172844197554228
05736,SEGOVIA,ANTIOQUIA,centro_poblado,0.4324138367964112
05736,SEGOVIA,ANTIOQUIA,rural,1123.077181058803
05756,SONSON,ANTIOQUIA,cabecera,2.67789409231571
05756,SONSON,ANTIOQUIA,centro_poblado,0.6332921437550073
05756,SONSON,ANTIOQUIA,rural,1343.0859582064438
05761,SOPETRAN,ANTIOQUIA,cabecera,3.9543455674287724
05761,SOPETRAN,ANTIOQUIA,centro_poblado,0.31737926069006744
05761,SOPETRAN,ANTIOQUIA,rural,214.8001883752977
05789,TAMESIS,ANTIOQUIA,cabecera,1.2408146779182736
05789,TAMESIS,ANTIOQUIA,centro_poblado,0.3799687005546496
05789,TAMESIS,ANTIOQUIA,rural,250.61896064679334
05790,TARAZA,ANTIOQUIA,cabecera,1.9000163740594935
05790,TARAZA,ANTIOQUIA,centro_poblado,1.2286554485408705
05790,TARAZA,ANTIOQUIA,rural,1145.8563209034749
05792,TARSO,ANTIOQUIA,cabecera,0.41332796305086034
05792,TARSO,ANTIOQUIA,centro_poblado,0.12392114742208872
05792,TARSO,ANTIOQUIA,rural,119.94181297358926
05809,TITIRIBI,ANTIOQUIA,cabecera,0.4794429772932597
05809,TITIRIBI,ANTIOQUIA,centro_poblado,0.5000100260033864
05809,TITIRIBI,ANTIOQUIA,rural,139.36633526366984
05842,URAMITA,ANTIOQUIA,cabecera,0.29695100413499714
05842,URAMITA,ANTIOQUIA,centro_poblado,0.08761109206675953
05842,URAMITA,ANTIOQUIA,rural,265.5458105745631
05847,URRAO,ANTIOQUIA,cabecera,2.3380513195909334
05847,URRAO,ANTIOQUIA,centro_poblado,0.26520977018892883
05847,URRAO,ANTIOQUIA,rural,2560.793966486865
05854,VALDIVIA,ANTIOQUIA,cabecera,0.4343774144531706
05854,VALDIVIA,ANTIOQUIA,centro_poblado,0.48743212178462586
05854,VALDIVIA,ANTIOQUIA,rural,566.7808261057111
05858,VEGACHI,ANTIOQUIA,cabecera,1.0841960172930059
05858,VEGACHI,ANTIOQUIA,centro_poblado,0.2105004496540469
05858,VEGACHI,ANTIOQUIA,rural,523.6603126048292
05861,VENECIA,ANTIOQUIA,cabecera,1.286615286990658
05861,VENECIA,ANTIOQUIA,centro_poblado,0.6397485838904469
05861,VENECIA,ANTIOQUIA,rural,137.74794675938895
05885,YALI,ANTIOQUIA,cabecera,0.561978293474336
05885,YALI,ANTIOQUIA,centro_poblado,0.010401583825677138
05885,YALI,ANTIOQUIA,rural,440.2859319385535
05887,YARUMAL,ANTIOQUIA,cabecera,2.5492471326209136
05887,YARUMAL,ANTIOQUIA,centro_poblado,0.5062598056145204
05887,YARUMAL,ANTIOQUIA,rural,735.2007563021544
05890,YOLOMBO,ANTIOQUIA,cabecera,2.5861084117136444
05890,YOLOMBO,ANTIOQUIA,centro_poblado,0.5704716801318086
05890,YOLOMBO,ANTIOQUIA,rural,1009.358040334313
05893,YONDO-CASABE,ANTIOQUIA,cabecera,3.0156025902220325
05893,YONDO-CASABE,ANTIOQUIA,centro_poblado,0.6719616960191864
05893,YONDO-CASABE,ANTIOQUIA,rural,1891.2999245740084
05895,ZARAGOZA,ANTIOQUIA,cabecera,1.7699484471080351
05895,ZARAGOZA,ANTIOQUIA,centro_poblado,0.8001917833339423
05895,ZARAGOZA,ANTIOQUIA,rural,1164.7874759144354
08078,BARANOA,ATLANTICO,cabecera,5.21765264437036
08078,BARANOA,ATLANTICO,centro_poblado,1.242554813563843
08078,BARANOA,ATLANTICO,rural,114.88691680397667
08137,CAMPO DE LA CRUZ,ATLANTICO,cabecera,3.3981858950934463
08137,CAMPO DE LA CRUZ,ATLANTICO,centro_poblado,0.32384221155352677
08137,CAMPO DE LA CRUZ,ATLANTICO,rural,96.27297841833969
08141,CANDELARIA,ATLANTICO,cabecera,1.2615981022378109
08141,CANDELARIA,ATLANTICO,centro_poblado,0.5163183132263561
08141,CANDELARIA,ATLANTICO,rural,133.99114785304224
08296,GALAPA,ATLANTICO,cabecera,10.15781864092195
08296,GALAPA,ATLANTICO,centro_poblado,0.11859391012168788
08296,GALAPA,ATLANTICO,rural,87.23665905023685
08372,JUAN DE ACOSTA,ATLANTICO,cabecera,2.2661369953119452
08372,JUAN DE ACOSTA,ATLANTICO,centro_poblado,3.069252593275081
08372,JUAN DE ACOSTA,ATLANTICO,rural,162.59509277439878
08421,LURUACO,ATLANTICO,cabecera,1.2844049751993043
08421,LURUACO,ATLANTICO,centro_poblado,2.4118047502771414
08421,LURUACO,ATLANTICO,rural,220.62484610477912
08433,MALAMBO,ATLANTICO,cabecera,10.827388872878863
08433,MALAMBO,ATLANTICO,centro_poblado,2.25117997046355
08433,MALAMBO,ATLANTICO,rural,84.86376826287812
08436,MANATI,ATLANTICO,cabecera,2.4798906883407663
08436,MANATI,ATLANTICO,centro_poblado,0.06737890515718581
08436,MANATI,ATLANTICO,rural,211.7257636961835
08520,PALMAR DE VARELA,ATLANTICO,cabecera,2.8593038686639787
08520,PALMAR DE VARELA,ATLANTICO,centro_poblado,0.07069871995146972
08520,PALMAR DE VARELA,ATLANTICO,rural,89.40825834529882
08558,POLONUEVO,ATLANTICO,cabecera,1.5212787985479879
08558,POLONUEVO,ATLANTICO,centro_poblado,0.09800441696844456
08558,POLONUEVO,ATLANTICO,rural,72.24504803226007
08560,PONEDERA,ATLANTICO,cabecera,1.7607999923788142
08560,PONEDERA,ATLANTICO,centro_poblado,1.5086984228440998
08560,PONEDERA,ATLANTICO,rural,203.26569274660076
08573,PUERTO COLOMBIA,ATLANTICO,cabecera,13.836730154072592
08573,PUERTO COLOMBIA,ATLANTICO,centro_poblado,2.429462718359201
08573,PUERTO COLOMBIA,ATLANTICO,rural,54.30089969516264
08606,REPELON,ATLANTICO,cabecera,2.1248858723929693
08606,REPELON,ATLANTICO,centro_poblado,1.204808847740756
08606,REPELON,ATLANTICO,rural,355.210611552768
08634,SABANAGRANDE,ATLANTICO,cabecera,2.981983668023154
08634,SABANAGRANDE,ATLANTICO,rural,40.12914896064392
08638,SABANALARGA,ATLANTICO,cabecera,7.366013352607378
08638,SABANALARGA,ATLANTICO,centro_poblado,2.638404149018984
08638,SABANALARGA,ATLANTICO,rural,385.8699626762297
08675,SANTA LUCIA,ATLANTICO,cabecera,1.3756086885862489
08675,SANTA LUCIA,ATLANTICO,centro_poblado,0.14333599796990046
08675,SANTA LUCIA,ATLANTICO,rural,55.847410527437745
08685,SANTO TOMAS,ATLANTICO,cabecera,3.3217675602183983
08685,SANTO TOMAS,ATLANTICO,rural,61.68123836294494
08770,SUAN,ATLANTICO,cabecera,1.8359161769834529
08770,SUAN,ATLANTICO,rural,40.722142020597275
08832,TUBARA,ATLANTICO,cabecera,1.0066118450933725
08832,TUBARA,ATLANTICO,centro_poblado,3.213789167283572
08832,TUBARA,ATLANTICO,rural,178.76915705073878
08849,USIACURI,ATLANTICO,cabecera,1.3767383992299778
08849,USIACURI,ATLANTICO,rural,100.00139436454369
13006,ACHI,BOLIVAR,cabecera,0.6055951687067413
13006,ACHI,BOLIVAR,centro_poblado,2.128952167414632
13006,ACHI,BOLIVAR,rural,949.0312842342684
13030,ALTOS DEL ROSARIO,BOLIVAR,cabecera,0.769983167124506
13030,ALTOS DEL ROSARIO,BOLIVAR,centro_poblado,0.5386095871670913
13030,ALTOS DEL ROSARIO,BOLIVAR,rural,302.4376341114957
13042,ARENAL,BOLIVAR,cabecera,0.6351948908534369
13042,ARENAL,BOLIVAR,centro_poblado,0.3353464244450127
13042,ARENAL,BOLIVAR,rural,460.96174178265943
13052,ARJONA,BOLIVAR,cabecera,7.050096634874354
13052,ARJONA,BOLIVAR,centro_poblado,1.9682818331765422
13052,ARJONA,BOLIVAR,rural,580.5586369053078
13062,ARROYO HONDO,BOLIVAR,cabecera,0.586139519608944
13062,ARROYO HONDO,BOLIVAR,centro_poblado,0.5233650570525041
13062,ARROYO HONDO,BOLIVAR,rural,162.69887133439863
13074,BARRANCO DE LOBA,BOLIVAR,cabecera,2.0052377436667106
13074,BARRANCO DE LOBA,BOLIVAR,centro_poblado,0.5722412070427085
13074,BARRANCO DE LOBA,BOLIVAR,rural,428.15938146782406
13140,CALAMAR,BOLIVAR,cabecera,1.8000219729881002
13140,CALAMAR,BOLIVAR,centro_poblado,1.559540863314993
13140,CALAMAR,BOLIVAR,rural,251.99375627565956
13160,CANTAGALLO,BOLIVAR,cabecera,1.0915858850592766
13160,CANTAGALLO,BOLIVAR,centro_poblado,0.48532245353107994
13160,CANTAGALLO,BOLIVAR,rural,879.9063090974422
13188,CICUCO,BOLIVAR,cabecera,1.8373361970748987
13188,CICUCO,BOLIVAR,centro_poblado,0.9644794069636182
13188,CICUCO,BOLIVAR,rural,130.37751779363495
13212,CORDOBA,BOLIVAR,cabecera,0.9079824103977163
13212,CORDOBA,BOLIVAR,centro_poblado,1.4674813701704936
13212,CORDOBA,BOLIVAR,rural,594.9426339034846
13222,CLEMENCIA,BOLIVAR,cabecera,2.7876126350328256
13222,CLEMENCIA,BOLIVAR,centro_poblado,0.16014080925559288
13222,CLEMENCIA,BOLIVAR,rural,82.42817978065817
13244,EL CARMEN DE BOLIVAR,BOLIVAR,cabecera,5.3642402639064155
13244,EL CARMEN DE BOLIVAR,BOLIVAR,centro_poblado,2.418022081927818
13244,EL CARMEN DE BOLIVAR,BOLIVAR,rural,938.4915009279746
13248,EL GUAMO,BOLIVAR,cabecera,0.7691099428499298
13248,EL GUAMO,BOLIVAR,centro_poblado,0.8018814828472237
13248,EL GUAMO,BOLIVAR,rural,381.60239613393423
13268,EL PEÑON,BOLIVAR,cabecera,0.2955043635869633
13268,EL PEÑON,BOLIVAR,centro_poblado,1.1726772582824994
13268,EL PEÑON,BOLIVAR,rural,317.4666703995075
13300,HATILLO DE LOBA,BOLIVAR,cabecera,0.9867075168180179
13300,HATILLO DE LOBA,BOLIVAR,centro_poblado,2.5833556398917548
13300,HATILLO DE LOBA,BOLIVAR,rural,190.76095133111966
13430,MAGANGUE,BOLIVAR,cabecera,34.315675067092016
13430,MAGANGUE,BOLIVAR,centro_poblado,8.633495853920227
13430,MAGANGUE,BOLIVAR,rural,1087.0136663329642
13433,MAHATES,BOLIVAR,cabecera,2.0853406574977553
13433,MAHATES,BOLIVAR,centro_poblado,2.5594407069667864
13433,MAHATES,BOLIVAR,rural,427.53555992309555
13440,MARGARITA,BOLIVAR,cabecera,3.110774242414471
13440,MARGARITA,BOLIVAR,centro_poblado,2.8398949839097276
13440,MARGARITA,BOLIVAR,rural,287.7326862465209
13442,MARIA LA BAJA,BOLIVAR,cabecera,2.9136908267377475
13442,MARIA LA BAJA,BOLIVAR,centro_poblado,6.6396297865615805
13442,MARIA LA BAJA,BOLIVAR,rural,550.3645224284589
13458,MONTECRISTO,BOLIVAR,cabecera,0.365320641193755
13458,MONTECRISTO,BOLIVAR,centro_poblado,0.5562149607437686
13458,MONTECRISTO,BOLIVAR,rural,2091.8920225030324
13468,MOMPOS,BOLIVAR,cabecera,4.527492573975976
13468,MOMPOS,BOLIVAR,centro_poblado,5.752249516944077
13468,MOMPOS,BOLIVAR,rural,641.8628367606689
13473,MORALES,BOLIVAR,cabecera,0.921399183827583
13473,MORALES,BOLIVAR,centro_poblado,0.8545731828276334
13473,MORALES,BOLIVAR,rural,1345.8238814812848
13549,PINILLOS,BOLIVAR,cabecera,0.8085466910540187
13549,PINILLOS,BOLIVAR,centro_poblado,3.463113467195428
13549,PINILLOS,BOLIVAR,rural,771.2970652207241
13580,REGIDOR,BOLIVAR,cabecera,0.6885765888713024
13580,REGIDOR,BOLIVAR,centro_poblado,0.46339882267851634
13580,REGIDOR,BOLIVAR,rural,182.30071373322266
13600,RIOVIEJO,BOLIVAR,cabecera,0.6795287928570191
13600,RIOVIEJO,BOLIVAR,centro_poblado,0.34742653111839145
13600,RIOVIEJO,BOLIVAR,rural,844.209537470329
13647,SAN ESTANISLAO,BOLIVAR,cabecera,1.9364116790269392
13647,SAN ESTANISLAO,BOLIVAR,centro_poblado,0.6887309592244957
13647,SAN ESTANISLAO,BOLIVAR,rural,209.01411388452965
13654,SAN JACINTO,BOLIVAR,cabecera,3.950287963211672
13654,SAN JACINTO,BOLIVAR,centro_poblado,0.7169304445641363
13654,SAN JACINTO,BOLIVAR,rural,438.2487723466571
13657,SAN JUAN NEPOMUCENO,BOLIVAR,cabecera,3.8881657922000983
13657,SAN JUAN NEPOMUCENO,BOLIVAR,centro_poblado,1.3707022246787293
13657,SAN JUAN NEPOMUCENO,BOLIVAR,rural,625.9658730243492
13670,SAN PABLO,BOLIVAR,cabecera,2.4285156229200986
13670,SAN PABLO,BOLIVAR,centro_poblado,0.7652873294689322
13670,SAN PABLO,BOLIVAR,rural,2017.8421886858591
13673,SANTA CATALINA,BOLIVAR,cabecera,0.7561347408652187
13673,SANTA CATALINA,BOLIVAR,centro_poblado,1.6523769154442465
13673,SANTA CATALINA,BOLIVAR,rural,170.36570868229086
13683,SANTA ROSA,BOLIVAR,cabecera,4.1878338442573355
13683,SANTA ROSA,BOLIVAR,rural,150.48440830363435
13688,SANTA ROSA DEL SUR,BOLIVAR,cabecera,2.605502971234468
13688,SANTA ROSA DEL SUR,BOLIVAR,centro_poblado,0.7804855884683186
13688,SANTA ROSA DEL SUR,BOLIVAR,rural,2379.3963826436243
13744,SIMITI,BOLIVAR,cabecera,1.2922019292148836
13744,SIMITI,BOLIVAR,centro_poblado,2.048081408659287
13744,SIMITI,BOLIVAR,rural,1351.319443131368
13760,SOPLAVIENTO,BOLIVAR,cabecera,1.5947566894075595
13760,SOPLAVIENTO,BOLIVAR,rural,91.00937778581178
13780,TALAIGUA NUEVO,BOLIVAR,cabecera,1.095802265402609
13780,TALAIGUA NUEVO,BOLIVAR,centro_poblado,1.3438688212522971
13780,TALAIGUA NUEVO,BOLIVAR,rural,246.8654800739652
13810,TIQUISIO (PTO. RICO),BOLIVAR,cabecera,0.5782147742008575
13810,TIQUISIO (PTO. RICO),BOLIVAR,centro_poblado,0.9822827663154958
13810,TIQUISIO (PTO. RICO),BOLIVAR,rural,761.248280557899
13836,TURBACO,BOLIVAR,cabecera,13.930587175737447
13836,TURBACO,BOLIVAR,centro_poblado,1.1891342747095959
13836,TURBACO,BOLIVAR,rural,186.86142105362723
13838,TURBANA,BOLIVAR,cabecera,1.1133436115058961
13838,TURBANA,BOLIVAR,centro_poblado,0.436323234576424
13838,TURBANA,BOLIVAR,rural,189.6054846294344
13873,VILLANUEVA,BOLIVAR,cabecera,1.3921954869507693
13873,VILLANUEVA,BOLIVAR,centro_poblado,0.20146948758024832
13873,VILLANUEVA,BOLIVAR,rural,135.53274896908087
13894,ZAMBRANO,BOLIVAR,cabecera,2.286426858496147
13894,ZAMBRANO,BOLIVAR,centro_poblado,0.059627696652835877
13894,ZAMBRANO,BOLIVAR,rural,306.8071557987651
15047,AQUITANIA (PUEBLOVIEJO),BOYACA,cabecera,1.091663943153739
15047,AQUITANIA (PUEBLOVIEJO),BOYACA,centro_poblado,0.7655226867072262
15047,AQUITANIA (PUEBLOVIEJO),BOYACA,rural,940.2893758083077
15176,CHIQUINQUIRA,BOYACA,cabecera,6.382141850591982
15176,CHIQUINQUIRA,BOYACA,rural,158.63152742432504
15183,CHITA,BOYACA,cabecera,0.5622949316363155
15183,CHITA,BOYACA,rural,676.8147074946594
15204,COMBITA,BOYACA,cabecera,0.5237513810940466
15204,COMBITA,BOYACA,centro_poblado,0.3235205394898004
15204,COMBITA,BOYACA,rural,144.4286829606614
15238,DUITAMA,BOYACA,cabecera,12.70348881038686
15238,DUITAMA,BOYACA,centro_poblado,2.1650001357035116
15238,DUITAMA,BOYACA,rural,219.15590374010628
15299,GARAGOA,BOYACA,cabecera,2.0236026532391573
15299,GARAGOA,BOYACA,rural,191.48888838711466
15322,GUATEQUE,BOYACA,cabecera,1.9000334287939877
15322,GUATEQUE,BOYACA,rural,34.2392518070639
15367,JENESANO,BOYACA,cabecera,0.8014777912126968
15367,JENESANO,BOYACA,rural,58.20681268894753
15407,VILLA DE LEIVA,BOYACA,cabecera,2.4759552021443945
15407,VILLA DE LEIVA,BOYACA,centro_poblado,0.12994301333749383
15407,VILLA DE LEIVA,BOYACA,rural,123.98251460523463
15455,MIRAFLORES,BOYACA,cabecera,0.9541363625175738
15455,MIRAFLORES,BOYACA,rural,257.760044384711
15469,MONIQUIRA,BOYACA,cabecera,3.5780101325665865
15469,MONIQUIRA,BOYACA,rural,214.70104539757753
15476,MOTAVITA,BOYACA,cabecera,0.2334412716746721
15476,MOTAVITA,BOYACA,rural,59.810655754317075
15480,MUZO,BOYACA,cabecera,0.6726263342189118
15480,MUZO,BOYACA,rural,137.2015009334407
15491,NOBSA,BOYACA,cabecera,1.4476141385558865
15491,NOBSA,BOYACA,centro_poblado,5.6081509691326765
15491,NOBSA,BOYACA,rural,48.36971056155584
15507,OTANCHE,BOYACA,cabecera,0.39336443834323076
15507,OTANCHE,BOYACA,centro_poblado,0.1157360749231315
15507,OTANCHE,BOYACA,rural,474.53096701513033
15516,PAIPA,BOYACA,cabecera,4.626690170155096
15516,PAIPA,BOYACA,centro_poblado,0.2632175159261582
15516,PAIPA,BOYACA,rural,300.21928717690724
15531,PAUNA,BOYACA,cabecera,0.4303694298802078
15531,PAUNA,BOYACA,rural,252.19835344480245
15542,PESCA,BOYACA,cabecera,0.8332723167264945
15542,PESCA,BOYACA,rural,262.25931202921686
15572,PUERTO BOYACA,BOYACA,cabecera,4.0772737524749365
15572,PUERTO BOYACA,BOYACA,centro_poblado,2.149155662120248
15572,PUERTO BOYACA,BOYACA,rural,1507.3746073024201
15599,RAMIRIQUI,BOYACA,cabecera,1.3952305294351879
15599,RAMIRIQUI,BOYACA,centro_poblado,0.13153720806106586
15599,RAMIRIQUI,BOYACA,rural,124.1570346517301
15600,RAQUIRA,BOYACA,cabecera,0.6429462120768106
15600,RAQUIRA,BOYACA,centro_poblado,0.09984530600110805
15600,RAQUIRA,BOYACA,rural,219.92357892300274
15632,SABOYA,BOYACA,cabecera,0.5607723865286172
15632,SABOYA,BOYACA,centro_poblado,0.06615645882698569
15632,SABOYA,BOYACA,rural,248.02503317841206
15646,SAMACA,BOYACA,cabecera,1.2323964953270319
15646,SAMACA,BOYACA,centro_poblado,0.15798348184946565
15646,SAMACA,BOYACA,rural,166.195856740578
15681,SAN PABLO DE BORBUR,BOYACA,cabecera,0.14298485216470014
15681,SAN PABLO DE BORBUR,BOYACA,centro_poblado,0.3224818281759994
15681,SAN PABLO DE BORBUR,BOYACA,rural,195.43889006947748
15686,SANTANA,BOYACA,cabecera,0.6212544031097758
15686,SANTANA,BOYACA,centro_poblado,0.0718624826337417
15686,SANTANA,BOYACA,rural,67.27070669499038
15693,SANTA ROSA DE VITERBO,BOYACA,cabecera,2.0249964208206164
15693,SANTA ROSA DE VITERBO,BOYACA,centro_poblado,0.12325076089744372
15693,SANTA ROSA DE VITERBO,BOYACA,rural,114.55784522512319
15740,SIACHOQUE,BOYACA,cabecera,0.4616626963886091
15740,SIACHOQUE,BOYACA,rural,118.76130439801432
15755,SOCOTA,BOYACA,cabecera,0.15440915102781552
15755,SOCOTA,BOYACA,centro_poblado,0.04079185074544761
15755,SOCOTA,BOYACA,rural,603.3911867150802
15759,SOGAMOSO,BOYACA,cabecera,20.87549278614493
15759,SOGAMOSO,BOYACA,centro_poblado,0.7329954271764723
15759,SOGAMOSO,BOYACA,rural,186.69738581043018
15804,TIBANA,BOYACA,cabecera,0.6472295112535005
15804,TIBANA,BOYACA,rural,121.18542526693176
15806,TIBASOSA,BOYACA,cabecera,1.3541495773411147
15806,TIBASOSA,BOYACA,centro_poblado,0.6953585343294543
15806,TIBASOSA,BOYACA,rural,91.70724605071825
15814,TOCA,BOYACA,cabecera,0.9754723954354244
15814,TOCA,BOYACA,rural,167.27639022829308
15837,TUTA,BOYACA,cabecera,0.9784002872930347
15837,TUTA,BOYACA,rural,164.351982800396
15842,UMBITA,BOYACA,cabecera,0.47827089316260785
15842,UMBITA,BOYACA,rural,145.60707880662375
15861,VENTAQUEMADA,BOYACA,cabecera,0.9292814228124683
15861,VENTAQUEMADA,BOYACA,centro_poblado,0.8909816458652731
15861,VENTAQUEMADA,BOYACA,rural,158.19124139253574
17013,AGUADAS,CALDAS,cabecera,1.2773468504353387
17013,AGUADAS,CALDAS,centro_poblado,0.4215627136135947
17013,AGUADAS,CALDAS,rural,474.0337543057837
17050,ARANZAZU,CALDAS,cabecera,0.5964561705084348
17050,ARANZAZU,CALDAS,centro_poblado,0.20308424673382605
17050,ARANZAZU,CALDAS,rural,148.77721586386735
17088,BELALCAZAR,CALDAS,cabecera,0.5948480981452696
17088,BELALCAZAR,CALDAS,centro_poblado,0.16647484502251803
17088,BELALCAZAR,CALDAS,rural,112.58536234960727
17174,CHINCHINA,CALDAS,cabecera,4.954827224423569
17174,CHINCHINA,CALDAS,centro_poblado,0.307045026876674
17174,CHINCHINA,CALDAS,rural,104.11078621483475
17272,FILADELFIA,CALDAS,cabecera,0.4356898021793565
17272,FILADELFIA,CALDAS,centro_poblado,0.2401871174270537
17272,FILADELFIA,CALDAS,rural,191.92548985997962
17380,LA DORADA,CALDAS,cabecera,7.628685086421486
17380,LA DORADA,CALDAS,centro_poblado,2.445678548627068
17380,LA DORADA,CALDAS,rural,539.1619773092704
17433,MANZANARES,CALDAS,cabecera,1.292811558069605
17433,MANZANARES,CALDAS,centro_poblado,0.19233854787264473
17433,MANZANARES,CALDAS,rural,196.4267365516313
17442,MARMATO,CALDAS,cabecera,0.2252874264644843
17442,MARMATO,CALDAS,centro_poblado,0.7263189316328763
17442,MARMATO,CALDAS,rural,35.93441571839703
17444,MARQUETALIA,CALDAS,cabecera,0.7496606763690477
17444,MARQUETALIA,CALDAS,centro_poblado,0.023639602719552847
17444,MARQUETALIA,CALDAS,rural,89.55973703913915
17486,NEIRA,CALDAS,cabecera,0.9036542542524141
17486,NEIRA,CALDAS,centro_poblado,0.7391561474334649
17486,NEIRA,CALDAS,rural,367.699942854424
17513,PACORA,CALDAS,cabecera,1.3613984260583378
17513,PACORA,CALDAS,centro_poblado,0.4081058395042453
17513,PACORA,CALDAS,rural,255.3506974496884
17524,PALESTINA,CALDAS,cabecera,2.246406596709063
17524,PALESTINA,CALDAS,centro_poblado,0.6978441465639132
17524,PALESTINA,CALDAS,rural,109.28589231044413
17541,PENSILVANIA,CALDAS,cabecera,1.2671462523198254
17541,PENSILVANIA,CALDAS,centro_poblado,0.4910463869833228
17541,PENSILVANIA,CALDAS,rural,496.7869149765381
17614,RIOSUCIO,CALDAS,cabecera,2.4602054780362077
17614,RIOSUCIO,CALDAS,centro_poblado,1.9687487909033334
17614,RIOSUCIO,CALDAS,rural,379.7405164381464
17616,RISARALDA,CALDAS,cabecera,0.35975694684366605
17616,RISARALDA,CALDAS,centro_poblado,0.1311906459450531
17616,RISARALDA,CALDAS,rural,89.39842580628648
17653,SALAMINA,CALDAS,cabecera,1.5660369806639132
17653,SALAMINA,CALDAS,centro_poblado,0.5493468805883793
17653,SALAMINA,CALDAS,rural,385.9739503873097
17665,SAN JOSE,CALDAS,cabecera,0.4716649187212047
17665,SAN JOSE,CALDAS,centro_poblado,0.20118354361931703
17665,SAN JOSE,CALDAS,rural,60.269774180767236
17777,SUPIA,CALDAS,cabecera,2.04025146912541
17777,SUPIA,CALDAS,centro_poblado,0.25391142298858016
17777,SUPIA,CALDAS,rural,119.31740903357141
17867,VICTORIA,CALDAS,cabecera,1.0303634295488313
17867,VICTORIA,CALDAS,centro_poblado,0.44236787887709383
17867,VICTORIA,CALDAS,rural,557.4125535468996
17873,VILLAMARIA,CALDAS,cabecera,4.829394522109258
17873,VILLAMARIA,CALDAS,centro_poblado,1.0540129276071428
17873,VILLAMARIA,CALDAS,rural,449.1824257314139
17877,VITERBO,CALDAS,cabecera,2.5599504877999237
17877,VITERBO,CALDAS,rural,110.34641873661307
18094,BELEN DE LOS ANDAQUIES,CAQUETA,cabecera,0.9155987557596033
18094,BELEN DE LOS ANDAQUIES,CAQUETA,centro_poblado,0.16478381485308072
18094,BELEN DE LOS ANDAQUIES,CAQUETA,rural,1190.5381889736068
18150,CARTAGENA DEL CHAIRA,CAQUETA,cabecera,2.139615263664089
18150,CARTAGENA DEL CHAIRA,CAQUETA,centro_poblado,1.2973022507777616
18150,CARTAGENA DEL CHAIRA,CAQUETA,rural,12782.181871831235
18205,CURILLO,CAQUETA,cabecera,0.7732372857959765
18205,CURILLO,CAQUETA,centro_poblado,0.1471583266350627
18205,CURILLO,CAQUETA,rural,402.4378541883825
18247,EL DONCELLO,CAQUETA,cabecera,2.148668989285793
18247,EL DONCELLO,CAQUETA,centro_poblado,0.4697046968504259
18247,EL DONCELLO,CAQUETA,rural,1103.4577778070002
18256,EL PAUJIL,CAQUETA,cabecera,1.052682089377606
18256,EL PAUJIL,CAQUETA,centro_poblado,0.10586781270282014
18256,EL PAUJIL,CAQUETA,rural,1233.5755954510898
18410,LA MONTAÑITA,CAQUETA,cabecera,0.41671797830907165
18410,LA MONTAÑITA,CAQUETA,centro_poblado,0.9331070979190884
18410,LA MONTAÑITA,CAQUETA,rural,1699.7116038053325
18460,MILAN,CAQUETA,cabecera,0.3620352041751604
18460,MILAN,CAQUETA,centro_poblado,0.6361922129843786
18460,MILAN,CAQUETA,rural,1219.5777721354514
18592,PUERTO RICO,CAQUETA,cabecera,2.4156190746816124
18592,PUERTO RICO,CAQUETA,centro_poblado,0.2837211972119023
18592,PUERTO RICO,CAQUETA,rural,4143.697819524285
18610,SAN JOSE DEL FRAGUA,CAQUETA,cabecera,0.5649659152935151
18610,SAN JOSE DEL FRAGUA,CAQUETA,centro_poblado,0.5245778298955049
18610,SAN JOSE DEL FRAGUA,CAQUETA,rural,1303.6794625190457
18753,SAN VICENTE DEL CAGUAN,CAQUETA,cabecera,4.861808238096268
18753,SAN VICENTE DEL CAGUAN,CAQUETA,centro_poblado,1.3750451266867483
18753,SAN VICENTE DEL CAGUAN,CAQUETA,rural,17458.397513938227
18756,SOLANO,CAQUETA,cabecera,0.4511465716558422
18756,SOLANO,CAQUETA,centro_poblado,1.1849201435583259
18756,SOLANO,CAQUETA,rural,42311.14754448723
18860,VALPARAISO,CAQUETA,cabecera,0.6002976424268183
18860,VALPARAISO,CAQUETA,centro_poblado,0.24415903148827905
18860,VALPARAISO,CAQUETA,rural,1329.3655582543674
19022,ALMAGUER,CAUCA,cabecera,0.35836235131507016
19022,ALMAGUER,CAUCA,centro_poblado,0.16327366723573655
19022,ALMAGUER,CAUCA,rural,236.19319476267407
19050,ARGELIA,CAUCA,cabecera,0.4910412451683593
19050,ARGELIA,CAUCA,centro_poblado,0.7764325439592973
19050,ARGELIA,CAUCA,rural,774.5203524061208
19075,BALBOA,CAUCA,cabecera,0.7552298365304112
19075,BALBOA,CAUCA,centro_poblado,0.4795806335715004
19075,BALBOA,CAUCA,rural,411.976386920979
19100,BOLIVAR,CAUCA,cabecera,0.8288247699201435
19100,BOLIVAR,CAUCA,centro_poblado,0.8348022892575122
19100,BOLIVAR,CAUCA,rural,796.1566284292187
19110,BUENOS AIRES,CAUCA,cabecera,0.5533433659456253
19110,BUENOS AIRES,CAUCA,centro_poblado,1.6643774193532248
19110,BUENOS AIRES,CAUCA,rural,432.8110780737337
19130,CAJIBIO,CAUCA,cabecera,0.5531552225013501
19130,CAJIBIO,CAUCA,centro_poblado,1.767671020208709
19130,CAJIBIO,CAUCA,rural,549.9577853156858
19137,CALDONO,CAUCA,cabecera,0.6895195998009319
19137,CALDONO,CAUCA,centro_poblado,0.9862631266673421
19137,CALDONO,CAUCA,rural,353.0628706205191
19142,CALOTO,CAUCA,cabecera,1.864555991506963
19142,CALOTO,CAUCA,centro_poblado,2.6450596005945948
19142,CALOTO,CAUCA,rural,262.0549727682062
19212,CORINTO,CAUCA,cabecera,1.5345661486640367
19212,CORINTO,CAUCA,centro_poblado,0.3308401491824336
19212,CORINTO,CAUCA,rural,324.0501744343312
19256,EL TAMBO,CAUCA,cabecera,1.1825021044432247
19256,EL TAMBO,CAUCA,centro_poblado,1.6202680226589437
19256,EL TAMBO,CAUCA,rural,2736.7961363031654
19300,GUACHENE,CAUCA,cabecera,0.6489979296286604
19300,GUACHENE,CAUCA,centro_poblado,2.949919278367315
19300,GUACHENE,CAUCA,rural,95.26688462313318
19318,GUAPI,CAUCA,cabecera,2.5271378336220054
19318,GUAPI,CAUCA,centro_poblado,1.262561237551666
19318,GUAPI,CAUCA,rural,2564.159571871532
19355,INZA,CAUCA,cabecera,0.30953567011763733
19355,INZA,CAUCA,centro_poblado,0.8106201319385066
19355,INZA,CAUCA,rural,865.1919126985038
19364,JAMBALO,CAUCA,cabecera,0.4769095020460331
19364,JAMBALO,CAUCA,rural,233.9706479431941
19397,LA VEGA,CAUCA,cabecera,0.4937299657810754
19397,LA VEGA,CAUCA,centro_poblado,0.6499164655857993
19397,LA VEGA,CAUCA,rural,514.9312343849508
19450,MERCADERES,CAUCA,cabecera,2.643949362952781
19450,MERCADERES,CAUCA,centro_poblado,1.187429087056861
19450,MERCADERES,CAUCA,rural,694.1500067606285
19455,MIRANDA,CAUCA,cabecera,3.2247874069257083
19455,MIRANDA,CAUCA,centro_poblado,1.2520852364985282
19455,MIRANDA,CAUCA,rural,185.20744098663258
19473,MORALES,CAUCA,cabecera,1.382514412898623
19473,MORALES,CAUCA,centro_poblado,0.860810242483927
19473,MORALES,CAUCA,rural,509.23440300241276
19513,PADILLA,CAUCA,cabecera,1.2715470373199722
19513,PADILLA,CAUCA,centro_poblado,0.24655211513226946
19513,PADILLA,CAUCA,rural,68.16532629559262
19517,PAEZ (BELALCAZAR),CAUCA,cabecera,0.6183139859971173
19517,PAEZ (BELALCAZAR),CAUCA,centro_poblado,1.2943762724735384
19517,PAEZ (BELALCAZAR),CAUCA,rural,1791.2311986907448
19532,PATIA (EL BORDO),CAUCA,cabecera,2.271374595203617
19532,PATIA (EL BORDO),CAUCA,centro_poblado,1.4091343380068568
19532,PATIA (EL BORDO),CAUCA,rural,751.6105739941911
19573,PUERTO TEJADA,CAUCA,cabecera,4.3118990813937215
19573,PUERTO TEJADA,CAUCA,centro_poblado,1.0480899810580462
19573,PUERTO TEJADA,CAUCA,rural,103.76330222847372
19585,PURACE (COCONUCO),CAUCA,cabecera,0.3157200332909373
19585,PURACE (COCONUCO),CAUCA,centro_poblado,0.7424277323063041
19585,PURACE (COCONUCO),CAUCA,rural,847.2651604391939
19622,ROSAS,CAUCA,cabecera,0.24082282677915376
19622,ROSAS,CAUCA,centro_poblado,0.2063780730252014
19622,ROSAS,CAUCA,rural,168.64454367085082
19693,SAN SEBASTIAN,CAUCA,cabecera,0.17587845005149869
19693,SAN SEBASTIAN,CAUCA,centro_poblado,0.39345682481805105
19693,SAN SEBASTIAN,CAUCA,rural,418.46556927223327
19698,SANTANDER DE QUILICHAO,CAUCA,cabecera,10.858152666488355
19698,SANTANDER DE QUILICHAO,CAUCA,centro_poblado,6.246047746250357
19698,SANTANDER DE QUILICHAO,CAUCA,rural,501.09327579647993
19701,SANTA ROSA,CAUCA,cabecera,0.37318138269314916
19701,SANTA ROSA,CAUCA,centro_poblado,0.3589486703526893
19701,SANTA ROSA,CAUCA,rural,3618.6388958856382
19743,SILVIA,CAUCA,cabecera,4.836088282966397
19743,SILVIA,CAUCA,centro_poblado,0.21124622417209485
19743,SILVIA,CAUCA,rural,675.9442321110124
19760,SOTARA (PAISPAMBA),CAUCA,cabecera,0.2805309482482876
19760,SOTARA (PAISPAMBA),CAUCA,centro_poblado,0.2713615184161238
19760,SOTARA (PAISPAMBA),CAUCA,rural,515.3922934571654
19780,SUAREZ,CAUCA,cabecera,2.8202208544100382
19780,SUAREZ,CAUCA,centro_poblado,0.6572595601574636
19780,SUAREZ,CAUCA,rural,388.90822837669674
19785,SUCRE,CAUCA,cabecera,0.2063371656841137
19785,SUCRE,CAUCA,centro_poblado,0.06759711576948427
19785,SUCRE,CAUCA,rural,135.59936178402907
19809,TIMBIQUI,CAUCA,cabecera,1.3081440916755842
19809,TIMBIQUI,CAUCA,centro_poblado,1.2228361827601595
19809,TIMBIQUI,CAUCA,rural,2055.1752134872613
19821,TORIBIO,CAUCA,cabecera,0.9498592248086818
19821,TORIBIO,CAUCA,centro_poblado,0.6369770814002333
19821,TORIBIO,CAUCA,rural,490.5543320271565
19824,TOTORO,CAUCA,cabecera,0.8763255223353525
19824,TOTORO,CAUCA,centro_poblado,0.3145160832708732
19824,TOTORO,CAUCA,rural,403.27961779485315
19845,VILLA RICA,CAUCA,cabecera,3.6238371513075625
19845,VILLA RICA,CAUCA,centro_poblado,0.5369117344546346
19845,VILLA RICA,CAUCA,rural,77.46087164729607
20011,AGUACHICA,CESAR,cabecera,10.854598316214572
20011,AGUACHICA,CESAR,centro_poblado,1.527324336397608
20011,AGUACHICA,CESAR,rural,865.2847171963227
20013,AGUSTIN CODAZZI,CESAR,cabecera,11.741630843415635
20013,AGUSTIN CODAZZI,CESAR,centro_poblado,2.718865434154747
20013,AGUSTIN CODAZZI,CESAR,rural,1738.6320106208884
20032,ASTREA,CESAR,cabecera,1.7611915722609335
20032,ASTREA,CESAR,centro_poblado,0.9490485038210714
20032,ASTREA,CESAR,rural,635.1925324246228
20045,BECERRIL,CESAR,cabecera,2.78210091187542
20045,BECERRIL,CESAR,centro_poblado,0.3569565131083792
20045,BECERRIL,CESAR,rural,1222.2620754564396
20060,BOSCONIA,CESAR,cabecera,9.654351054988112
20060,BOSCONIA,CESAR,centro_poblado,0.3789728199803638
20060,BOSCONIA,CESAR,rural,576.1758483835697
20175,CHIMICHAGUA,CESAR,cabecera,1.9528836624416406
20175,CHIMICHAGUA,CESAR,centro_poblado,3.573181503376357
20175,CHIMICHAGUA,CESAR,rural,1370.8992572961424
20178,CHIRIGUANA,CESAR,cabecera,3.0350970287933596
20178,CHIRIGUANA,CESAR,centro_poblado,4.664032642609444
20178,CHIRIGUANA,CESAR,rural,1106.781241446789
20228,CURUMANI,CESAR,cabecera,5.256106640157592
20228,CURUMANI,CESAR,centro_poblado,2.665328882261578
20228,CURUMANI,CESAR,rural,907.2498357543498
20238,EL COPEY,CESAR,cabecera,3.596757104392635
20238,EL COPEY,CESAR,centro_poblado,1.1164651962326662
20238,EL COPEY,CESAR,rural,951.737613667978
20250,EL PASO,CESAR,cabecera,3.6247328387340114
20250,EL PASO,CESAR,centro_poblado,7.666183752113975
20250,EL PASO,CESAR,rural,802.6419045883082
20295,GAMARRA,CESAR,cabecera,1.868485792083742
20295,GAMARRA,CESAR,centro_poblado,1.2303771780949062
20295,GAMARRA,CESAR,rural,323.7817314898033
20383,LA GLORIA,CESAR,cabecera,1.0287678375417517
20383,LA GLORIA,CESAR,centro_poblado,1.8793715566273088
20383,LA GLORIA,CESAR,rural,799.9639747753486
20400,LA JAGUA DE IBIRICO,CESAR,cabecera,4.760501534356846
20400,LA JAGUA DE IBIRICO,CESAR,centro_poblado,2.140253409147883
20400,LA JAGUA DE IBIRICO,CESAR,rural,749.0060037472133
20443,MANAURE BALCON DEL CESAR (MANA,CESAR,cabecera,1.8648515283726033
20443,MANAURE BALCON DEL CESAR (MANA,CESAR,rural,134.9172335796816
20517,PAILITAS,CESAR,cabecera,1.9558957909716912
20517,PAILITAS,CESAR,centro_poblado,0.8923180402944223
20517,PAILITAS,CESAR,rural,528.9947775509456
20550,PELAYA,CESAR,cabecera,2.4846241057780745
20550,PELAYA,CESAR,centro_poblado,1.091887693849468
20550,PELAYA,CESAR,rural,419.81086127127395
20570,PUEBLO BELLO,CESAR,cabecera,1.9316649943162036
20570,PUEBLO BELLO,CESAR,centro_poblado,0.3344414257641079
20570,PUEBLO BELLO,CESAR,rural,741.5357141383886
20614,RIO DE ORO,CESAR,cabecera,1.2991177498413535
20614,RIO DE ORO,CESAR,centro_poblado,0.9858073766678676
20614,RIO DE ORO,CESAR,rural,547.1530955496847
20621,LA PAZ,CESAR,cabecera,2.950128947184978
20621,LA PAZ,CESAR,centro_poblado,1.0735488554527577
20621,LA PAZ,CESAR,rural,1069.0774746011539
20710,SAN ALBERTO,CESAR,cabecera,1.9680780150056796
20710,SAN ALBERTO,CESAR,centro_poblado,0.36805948526226107
20710,SAN ALBERTO,CESAR,rural,547.8754104639494
20750,SAN DIEGO,CESAR,cabecera,2.645143357197235
20750,SAN DIEGO,CESAR,centro_poblado,1.6263823378969156
20750,SAN DIEGO,CESAR,rural,641.7279186520616
20770,SAN MARTIN,CESAR,cabecera,1.4149479983619484
20770,SAN MARTIN,CESAR,centro_poblado,1.0851443264832692
20770,SAN MARTIN,CESAR,rural,990.7911506229318
20787,TAMALAMEQUE,CESAR,cabecera,1.9518903766687858
20787,TAMALAMEQUE,CESAR,centro_poblado,2.566574905729638
20787,TAMALAMEQUE,CESAR,rural,508.78002734533294
23068,AYAPEL,CORDOBA,cabecera,14.054736300436712
23068,AYAPEL,CORDOBA,centro_poblado,1.6413356546018774
23068,AYAPEL,CORDOBA,rural,1949.1427489428772
23090,CANALETE,CORDOBA,cabecera,0.7160536635285502
23090,CANALETE,CORDOBA,centro_poblado,1.1513883500623132
23090,CANALETE,CORDOBA,rural,418.1722592101721
23162,CERETE,CORDOBA,cabecera,19.349853510135617
23162,CERETE,CORDOBA,centro_poblado,6.04926975540081
23162,CERETE,CORDOBA,rural,265.44520977848885
23168,CHIMA,CORDOBA,cabecera,0.5971560427265692
23168,CHIMA,CORDOBA,centro_poblado,1.535502988410043
23168,CHIMA,CORDOBA,rural,321.87041035727975
23182,CHINU,CORDOBA,cabecera,3.5871885981649756
23182,CHINU,CORDOBA,centro_poblado,3.7062963058651377
23182,CHINU,CORDOBA,rural,618.8936455760094
23189,CIENAGA DE ORO,CORDOBA,cabecera,3.192132618620576
23189,CIENAGA DE ORO,CORDOBA,centro_poblado,3.9984630710298945
23189,CIENAGA DE ORO,CORDOBA,rural,634.0490118094751
23300,COTORRA (BONGO),CORDOBA,cabecera,2.2095026288953616
23300,COTORRA (BONGO),CORDOBA,centro_poblado,3.6857412753051144
23300,COTORRA (BONGO),CORDOBA,rural,82.37329264594034
23417,LORICA,CORDOBA,cabecera,7.885352194492071
23417,LORICA,CORDOBA,centro_poblado,7.955130846002941
23417,LORICA,CORDOBA,rural,935.1538061825365
23419,LOS CORDOBAS,CORDOBA,cabecera,0.8573664938457274
23419,LOS CORDOBAS,CORDOBA,centro_poblado,1.071618532630693
23419,LOS CORDOBAS,CORDOBA,rural,364.1358052259038
23464,MOMIL,CORDOBA,cabecera,1.8203478787744933
23464,MOMIL,CORDOBA,centro_poblado,0.9443181060765933
23464,MOMIL,CORDOBA,rural,155.99810732713465
23466,MONTELIBANO,CORDOBA,cabecera,11.082309041513943
23466,MONTELIBANO,CORDOBA,centro_poblado,1.9860977923007017
23466,MONTELIBANO,CORDOBA,rural,1538.0976024573938
23500,MOÑITOS,CORDOBA,cabecera,1.3010451500380502
23500,MOÑITOS,CORDOBA,centro_poblado,0.9143147289620843
23500,MOÑITOS,CORDOBA,rural,200.95752030379114
23555,PLANETA RICA,CORDOBA,cabecera,4.481028127323433
23555,PLANETA RICA,CORDOBA,centro_poblado,2.9338725032493906
23555,PLANETA RICA,CORDOBA,rural,1133.2081327302474
23574,PUERTO ESCONDIDO,CORDOBA,cabecera,2.678047677775663
23574,PUERTO ESCONDIDO,CORDOBA,centro_poblado,1.284273675530453
23574,PUERTO ESCONDIDO,CORDOBA,rural,407.0794095497609
23586,PURISIMA,CORDOBA,cabecera,2.0390865581271376
23586,PURISIMA,CORDOBA,centro_poblado,1.163583357996744
23586,PURISIMA,CORDOBA,rural,114.53158295872392
23660,SAHAGUN,CORDOBA,cabecera,12.067611442654014
23660,SAHAGUN,CORDOBA,centro_poblado,6.201651070898416
23660,SAHAGUN,CORDOBA,rural,946.5452784577142
23670,SAN ANDRES DE SOTAVENTO,CORDOBA,cabecera,1.3517905387724733
23670,SAN ANDRES DE SOTAVENTO,CORDOBA,centro_poblado,1.4992330951429393
23670,SAN ANDRES DE SOTAVENTO,CORDOBA,rural,203.9192961964829
23672,SAN ANTERO,CORDOBA,cabecera,3.7556642016344632
23672,SAN ANTERO,CORDOBA,centro_poblado,2.7617330864171934
23672,SAN ANTERO,CORDOBA,rural,200.97297483665923
23675,SAN BERNARDO DEL VIENTO,CORDOBA,cabecera,2.513224909328326
23675,SAN BERNARDO DEL VIENTO,CORDOBA,centro_poblado,1.7041819158075944
23675,SAN BERNARDO DEL VIENTO,CORDOBA,rural,311.75457683501617
23678,SAN CARLOS,CORDOBA,cabecera,1.1636198582154473
23678,SAN CARLOS,CORDOBA,centro_poblado,2.7754957258466204
23678,SAN CARLOS,CORDOBA,rural,442.881518916818
23682,SAN JOSE DE URE,CORDOBA,cabecera,0.7228521288055724
23682,SAN JOSE DE URE,CORDOBA,centro_poblado,0.6162457206860644
23682,SAN JOSE DE URE,CORDOBA,rural,524.311184324526
23686,SAN PELAYO,CORDOBA,cabecera,3.649207974013219
23686,SAN PELAYO,CORDOBA,centro_poblado,6.807482715383663
23686,SAN PELAYO,CORDOBA,rural,435.0344894077112
23807,TIERRALTA,CORDOBA,cabecera,8.002603517851076
23807,TIERRALTA,CORDOBA,centro_poblado,4.413885827656144
23807,TIERRALTA,CORDOBA,rural,4925.3064479147615
23855,VALENCIA,CORDOBA,cabecera,7.419533107123022
23855,VALENCIA,CORDOBA,centro_poblado,1.4218528878842294
23855,VALENCIA,CORDOBA,rural,910.4178132679008
25001,AGUA DE DIOS,CUNDINAMARCA,cabecera,3.878302789445312
25001,AGUA DE DIOS,CUNDINAMARCA,rural,81.86702495418056
25035,ANAPOIMA,CUNDINAMARCA,cabecera,5.506897165612883
25035,ANAPOIMA,CUNDINAMARCA,centro_poblado,0.19249354956782777
25035,ANAPOIMA,CUNDINAMARCA,rural,118.25609937764187
25040,ANOLAIMA,CUNDINAMARCA,cabecera,0.9122243094377988
25040,ANOLAIMA,CUNDINAMARCA,centro_poblado,0.574380812327653
25040,ANOLAIMA,CUNDINAMARCA,rural,119.46574204429254
25053,ARBELAEZ,CUNDINAMARCA,cabecera,1.3562179362406
25053,ARBELAEZ,CUNDINAMARCA,centro_poblado,0.08112020164375461
25053,ARBELAEZ,CUNDINAMARCA,rural,141.0226291333042
25099,BOJACA,CUNDINAMARCA,cabecera,1.1809015883085987
25099,BOJACA,CUNDINAMARCA,rural,101.13897977660298
25126,CAJICA,CUNDINAMARCA,cabecera,5.82358593510117
25126,CAJICA,CUNDINAMARCA,centro_poblado,4.25961263965004
25126,CAJICA,CUNDINAMARCA,rural,41.19243263564451
25148,CAPARRAPI,CUNDINAMARCA,cabecera,0.5163406144117079
25148,CAPARRAPI,CUNDINAMARCA,centro_poblado,0.49316752689152876
25148,CAPARRAPI,CUNDINAMARCA,rural,614.6580892957046
25151,CAQUEZA,CUNDINAMARCA,cabecera,0.9448240451905592
25151,CAQUEZA,CUNDINAMARCA,rural,110.56199559452641
25154,CARMEN DE CARUPA,CUNDINAMARCA,cabecera,0.4435652967979463
25154,CARMEN DE CARUPA,CUNDINAMARCA,rural,298.10549865713057
25178,CHIPAQUE,CUNDINAMARCA,cabecera,0.3051255804169105
25178,CHIPAQUE,CUNDINAMARCA,centro_poblado,0.1615732288981142
25178,CHIPAQUE,CUNDINAMARCA,rural,150.08285520199055
25181,CHOACHI,CUNDINAMARCA,cabecera,1.1148103189650438
25181,CHOACHI,CUNDINAMARCA,centro_poblado,0.2536275163143706
25181,CHOACHI,CUNDINAMARCA,rural,211.0516584445876
25183,CHOCONTA,CUNDINAMARCA,cabecera,1.576308443388401
25183,CHOCONTA,CUNDINAMARCA,rural,298.6175904018441
25200,COGUA,CUNDINAMARCA,cabecera,0.7553044829773694
25200,COGUA,CUNDINAMARCA,centro_poblado,1.8568007152745112
25200,COGUA,CUNDINAMARCA,rural,130.26827675674005
25214,COTA,CUNDINAMARCA,cabecera,3.165607443315847
25214,COTA,CUNDINAMARCA,rural,50.511785336646184
25260,EL ROSAL,CUNDINAMARCA,cabecera,0.9516938938172799
25260,EL ROSAL,CUNDINAMARCA,centro_poblado,0.10838180530605462
25260,EL ROSAL,CUNDINAMARCA,rural,86.15289681540477
25269,FACATATIVA,CUNDINAMARCA,cabecera,7.650537053647441
25269,FACATATIVA,CUNDINAMARCA,centro_poblado,1.1750990123289173
25269,FACATATIVA,CUNDINAMARCA,rural,149.1950970703326
25279,FOMEQUE,CUNDINAMARCA,cabecera,1.3826220261608049
25279,FOMEQUE,CUNDINAMARCA,centro_poblado,0.10431887953560778
25279,FOMEQUE,CUNDINAMARCA,rural,458.6884109208935
25281,FOSCA,CUNDINAMARCA,cabecera,0.23548708734214657
25281,FOSCA,CUNDINAMARCA,centro_poblado,0.09934280445679478
25281,FOSCA,CUNDINAMARCA,rural,110.86871544440477
25286,FUNZA,CUNDINAMARCA,cabecera,7.779598805990951
25286,FUNZA,CUNDINAMARCA,centro_poblado,0.0791501377208762
25286,FUNZA,CUNDINAMARCA,rural,59.89494061237867
25295,GACHANCIPA,CUNDINAMARCA,cabecera,1.0333408211955322
25295,GACHANCIPA,CUNDINAMARCA,centro_poblado,0.20581563888248391
25295,GACHANCIPA,CUNDINAMARCA,rural,41.81825042605453
25297,GACHETA,CUNDINAMARCA,cabecera,1.2386640760571959
25297,GACHETA,CUNDINAMARCA,centro_poblado,0.008732733185132988
25297,GACHETA,CUNDINAMARCA,rural,257.6146261330713
25307,GIRARDOT,CUNDINAMARCA,cabecera,21.407392571932014
25307,GIRARDOT,CUNDINAMARCA,centro_poblado,0.9703127572576821
25307,GIRARDOT,CUNDINAMARCA,rural,107.77764088225832
25312,GRANADA,CUNDINAMARCA,cabecera,0.3024154870946071
25312,GRANADA,CUNDINAMARCA,centro_poblado,0.4155933215650583
25312,GRANADA,CUNDINAMARCA,rural,59.98696902175969
25317,GUACHETA,CUNDINAMARCA,cabecera,0.8502248495511681
25317,GUACHETA,CUNDINAMARCA,rural,169.32307873515325
25320,GUADUAS,CUNDINAMARCA,cabecera,8.510271013990257
25320,GUADUAS,CUNDINAMARCA,centro_poblado,1.2377619777476652
25320,GUADUAS,CUNDINAMARCA,rural,753.927830961927
25322,GUASCA,CUNDINAMARCA,cabecera,1.3503526339352592
25322,GUASCA,CUNDINAMARCA,centro_poblado,0.0739141893777229
25322,GUASCA,CUNDINAMARCA,rural,359.1642539281807
25372,JUNIN,CUNDINAMARCA,cabecera,0.3403029675420575
25372,JUNIN,CUNDINAMARCA,centro_poblado,0.5732295635008874
25372,JUNIN,CUNDINAMARCA,rural,342.9120212483367
25394,LA PALMA,CUNDINAMARCA,cabecera,0.8167220699403236
25394,LA PALMA,CUNDINAMARCA,rural,189.97397124658727
25402,LA VEGA,CUNDINAMARCA,cabecera,1.8911575955811653
25402,LA VEGA,CUNDINAMARCA,centro_poblado,0.07425896707612065
25402,LA VEGA,CUNDINAMARCA,rural,153.47214087856977
25407,LENGUAZAQUE,CUNDINAMARCA,cabecera,0.5186677060390911
25407,LENGUAZAQUE,CUNDINAMARCA,rural,155.11170923044511
25430,MADRID,CUNDINAMARCA,cabecera,7.454431511458006
25430,MADRID,CUNDINAMARCA,centro_poblado,0.9198291477684875
25430,MADRID,CUNDINAMARCA,rural,111.20765614628665
25438,MEDINA,CUNDINAMARCA,cabecera,1.37477694895272
25438,MEDINA,CUNDINAMARCA,centro_poblado,0.2511778402165435
25438,MEDINA,CUNDINAMARCA,rural,1195.1235352626936
25473,MOSQUERA,CUNDINAMARCA,cabecera,14.553028454921968
25473,MOSQUERA,CUNDINAMARCA,centro_poblado,0.5029604077180057
25473,MOSQUERA,CUNDINAMARCA,rural,90.88289995917778
25486,NEMOCON,CUNDINAMARCA,cabecera,0.8069083453502722
25486,NEMOCON,CUNDINAMARCA,centro_poblado,0.5048117774444357
25486,NEMOCON,CUNDINAMARCA,rural,97.053319818389
25488,NILO,CUNDINAMARCA,cabecera,0.5902387176031049
25488,NILO,CUNDINAMARCA,centro_poblado,2.2496272468756815
25488,NILO,CUNDINAMARCA,rural,221.89222028225788
25491,NOCAIMA,CUNDINAMARCA,cabecera,0.45998151127793196
25491,NOCAIMA,CUNDINAMARCA,centro_poblado,0.2518352552826669
25491,NOCAIMA,CUNDINAMARCA,rural,68.22641623483896
25513,PACHO,CUNDINAMARCA,cabecera,4.162083222153146
25513,PACHO,CUNDINAMARCA,centro_poblado,0.07726379486173644
25513,PACHO,CUNDINAMARCA,rural,398.38743012148643
25530,PARATEBUENO (LA NAGUAYA),CUNDINAMARCA,cabecera,0.6067079469616664
25530,PARATEBUENO (LA NAGUAYA),CUNDINAMARCA,centro_poblado,0.6911361543920942
25530,PARATEBUENO (LA NAGUAYA),CUNDINAMARCA,rural,884.2358584689968
25535,PASCA,CUNDINAMARCA,cabecera,0.6086312061232421
25535,PASCA,CUNDINAMARCA,centro_poblado,0.20508938569595744
25535,PASCA,CUNDINAMARCA,rural,270.89789146909163
25572,PUERTO SALGAR,CUNDINAMARCA,cabecera,1.9848747014825878
25572,PUERTO SALGAR,CUNDINAMARCA,centro_poblado,0.2986769936869575
25572,PUERTO SALGAR,CUNDINAMARCA,rural,513.657903168717
25594,QUETAME,CUNDINAMARCA,cabecera,0.2546574717376859
25594,QUETAME,CUNDINAMARCA,centro_poblado,0.12063750792002173
25594,QUETAME,CUNDINAMARCA,rural,137.4602180635793
25596,QUIPILE,CUNDINAMARCA,cabecera,0.13389202814552534
25596,QUIPILE,CUNDINAMARCA,centro_poblado,0.23032494726914401
25596,QUIPILE,CUNDINAMARCA,rural,127.35291793151329
25599,APULO,CUNDINAMARCA,cabecera,1.4077763454001866
25599,APULO,CUNDINAMARCA,rural,120.5791269624328
25612,RICAURTE,CUNDINAMARCA,cabecera,13.498980622276795
25612,RICAURTE,CUNDINAMARCA,centro_poblado,1.4938583811350683
25612,RICAURTE,CUNDINAMARCA,rural,113.30468072088897
25645,SAN ANTONIO DEL TEQUENDAMA,CUNDINAMARCA,cabecera,0.20854688790065268
25645,SAN ANTONIO DEL TEQUENDAMA,CUNDINAMARCA,centro_poblado,0.5641463812262394
25645,SAN ANTONIO DEL TEQUENDAMA,CUNDINAMARCA,rural,87.79295538330905
25649,SAN BERNARDO,CUNDINAMARCA,cabecera,0.64945304364028
25649,SAN BERNARDO,CUNDINAMARCA,centro_poblado,0.04370775004391929
25649,SAN BERNARDO,CUNDINAMARCA,rural,246.31945674567646
25658,SAN FRANCISCO,CUNDINAMARCA,cabecera,0.7716218738431516
25658,SAN FRANCISCO,CUNDINAMARCA,rural,117.97436099867804
25718,SASAIMA,CUNDINAMARCA,cabecera,0.6313640800870259
25718,SASAIMA,CUNDINAMARCA,centro_poblado,0.25376836318675267
25718,SASAIMA,CUNDINAMARCA,rural,110.73012127813435
25736,SESQUILE,CUNDINAMARCA,cabecera,0.7468023934703193
25736,SESQUILE,CUNDINAMARCA,centro_poblado,0.6758207305723473
25736,SESQUILE,CUNDINAMARCA,rural,139.7251262446944
25740,SIBATE,CUNDINAMARCA,cabecera,1.9124848646956483
25740,SIBATE,CUNDINAMARCA,centro_poblado,1.522612347043804
25740,SIBATE,CUNDINAMARCA,rural,118.69757544721662
25743,SILVANIA,CUNDINAMARCA,cabecera,7.3193572509146785
25743,SILVANIA,CUNDINAMARCA,centro_poblado,0.37664477442687416
25743,SILVANIA,CUNDINAMARCA,rural,154.87852592774138
25745,SIMIJACA,CUNDINAMARCA,cabecera,1.7381296404525841
25745,SIMIJACA,CUNDINAMARCA,centro_poblado,0.4823452201708521
25745,SIMIJACA,CUNDINAMARCA,rural,94.49507061924439
25758,SOPO,CUNDINAMARCA,cabecera,2.6149095193312837
25758,SOPO,CUNDINAMARCA,centro_poblado,0.19329365763799944
25758,SOPO,CUNDINAMARCA,rural,108.27228599101907
25769,SUBACHOQUE,CUNDINAMARCA,cabecera,0.6879516566912643
25769,SUBACHOQUE,CUNDINAMARCA,centro_poblado,0.7912214277237571
25769,SUBACHOQUE,CUNDINAMARCA,rural,207.7381183803704
25772,SUESCA,CUNDINAMARCA,cabecera,1.041927097711913
25772,SUESCA,CUNDINAMARCA,centro_poblado,1.218012379470161
25772,SUESCA,CUNDINAMARCA,rural,170.80904662291326
25779,SUSA,CUNDINAMARCA,cabecera,0.7426158666059572
25779,SUSA,CUNDINAMARCA,rural,103.41195549356499
25785,TABIO,CUNDINAMARCA,cabecera,1.0115173201506082
25785,TABIO,CUNDINAMARCA,centro_poblado,0.563340804685396
25785,TABIO,CUNDINAMARCA,rural,73.62353712537292
25793,TAUSA,CUNDINAMARCA,cabecera,0.24186956097551318
25793,TAUSA,CUNDINAMARCA,centro_poblado,0.3423532708148587
25793,TAUSA,CUNDINAMARCA,rural,201.28219350015033
25797,TENA,CUNDINAMARCA,cabecera,0.19791511595044423
25797,TENA,CUNDINAMARCA,centro_poblado,0.2903679633297503
25797,TENA,CUNDINAMARCA,rural,50.94906238790838
25799,TENJO,CUNDINAMARCA,cabecera,1.6396472517158327
25799,TENJO,CUNDINAMARCA,centro_poblado,0.8749407284722668
25799,TENJO,CUNDINAMARCA,rural,111.72148587128473
25815,TOCAIMA,CUNDINAMARCA,cabecera,3.158913452914832
25815,TOCAIMA,CUNDINAMARCA,centro_poblado,1.4930971160512345
25815,TOCAIMA,CUNDINAMARCA,rural,241.1825109513127
25817,TOCANCIPA,CUNDINAMARCA,cabecera,1.6224308042819138
25817,TOCANCIPA,CUNDINAMARCA,centro_poblado,2.299844787293098
25817,TOCANCIPA,CUNDINAMARCA,rural,69.31781166072285
25843,UBATE,CUNDINAMARCA,cabecera,4.004035545851485
25843,UBATE,CUNDINAMARCA,centro_poblado,3.687329961592265
25843,UBATE,CUNDINAMARCA,rural,94.58551484823798
25845,UNE,CUNDINAMARCA,cabecera,0.47360802976162786
25845,UNE,CUNDINAMARCA,centro_poblado,0.041263143787102885
25845,UNE,CUNDINAMARCA,rural,208.61339730277757
25862,VERGARA,CUNDINAMARCA,cabecera,0.251672366369135
25862,VERGARA,CUNDINAMARCA,centro_poblado,0.13813346992252676
25862,VERGARA,CUNDINAMARCA,rural,144.2609692812916
25873,VILLAPINZON,CUNDINAMARCA,cabecera,1.8229292056519775
25873,VILLAPINZON,CUNDINAMARCA,centro_poblado,0.3505241344105619
25873,VILLAPINZON,CUNDINAMARCA,rural,223.9864855305442
25875,VILLETA,CUNDINAMARCA,cabecera,5.502310230580687
25875,VILLETA,CUNDINAMARCA,centro_poblado,0.19744057233017276
25875,VILLETA,CUNDINAMARCA,rural,135.18747525633336
25878,VIOTA,CUNDINAMARCA,cabecera,1.919834323479695
25878,VIOTA,CUNDINAMARCA,centro_poblado,0.3518542964770442
25878,VIOTA,CUNDINAMARCA,rural,199.05813824536497
25885,YACOPI,CUNDINAMARCA,cabecera,0.4809241886737983
25885,YACOPI,CUNDINAMARCA,centro_poblado,0.6852407456565348
25885,YACOPI,CUNDINAMARCA,rural,955.617109701244
25899,ZIPAQUIRA,CUNDINAMARCA,cabecera,10.245245235130353
25899,ZIPAQUIRA,CUNDINAMARCA,centro_poblado,2.672927355629579
25899,ZIPAQUIRA,CUNDINAMARCA,rural,181.90226174315296
27001,QUIBDO,CHOCO,cabecera,28.76373026667278
27001,QUIBDO,CHOCO,centro_poblado,1.0031533505650447
27001,QUIBDO,CHOCO,rural,3477.355926282223
27006,ACANDI,CHOCO,cabecera,1.0443876301351438
27006,ACANDI,CHOCO,centro_poblado,0.8850897410275181
27006,ACANDI,CHOCO,rural,795.7080849659708
27025,ALTO BAUDO (PIE DE PATO),CHOCO,cabecera,0.23391224810581612
27025,ALTO BAUDO (PIE DE PATO),CHOCO,centro_poblado,0.20927015861340934
27025,ALTO BAUDO (PIE DE PATO),CHOCO,rural,2049.9735317164855
27075,BAHIA SOLANO (MUTIS),CHOCO,cabecera,1.4997788988747272
27075,BAHIA SOLANO (MUTIS),CHOCO,centro_poblado,1.7446775928105158
27075,BAHIA SOLANO (MUTIS),CHOCO,rural,892.0540147065526
27135,EL CANTON DEL SAN PABLO (MAN.,CHOCO,cabecera,0.26803391569912155
27135,EL CANTON DEL SAN PABLO (MAN.,CHOCO,centro_poblado,0.27890957903364405
27135,EL CANTON DEL SAN PABLO (MAN.,CHOCO,rural,379.94878759679284
27160,CERTEGUI,CHOCO,cabecera,0.580057251234673
27160,CERTEGUI,CHOCO,centro_poblado,0.1126182075081815
27160,CERTEGUI,CHOCO,rural,422.66139209313263
27205,CONDOTO,CHOCO,cabecera,1.1873229202641251
27205,CONDOTO,CHOCO,centro_poblado,0.36243877780222533
27205,CONDOTO,CHOCO,rural,466.16764307410006
27361,ISTMINA,CHOCO,cabecera,3.0518424571779175
27361,ISTMINA,CHOCO,centro_poblado,0.32308221673810955
27361,ISTMINA,CHOCO,rural,1876.5918490061185
27413,LLORO,CHOCO,cabecera,0.26863429774612724
27413,LLORO,CHOCO,centro_poblado,0.34725787535204095
27413,LLORO,CHOCO,rural,842.2931567055268
27450,MEDIO SAN JUAN,CHOCO,cabecera,2.265543448499924
27450,MEDIO SAN JUAN,CHOCO,centro_poblado,0.1249923322642794
27450,MEDIO SAN JUAN,CHOCO,rural,658.1678258231146
27615,RIOSUCIO,CHOCO,cabecera,1.578578629962472
27615,RIOSUCIO,CHOCO,centro_poblado,1.3798791529186907
27615,RIOSUCIO,CHOCO,rural,7604.592472860221
27787,TADO,CHOCO,cabecera,1.3692242976194933
27787,TADO,CHOCO,centro_poblado,0.5434856855534361
27787,TADO,CHOCO,rural,712.9155006569198
27800,UNGUIA,CHOCO,cabecera,1.1366292636052384
27800,UNGUIA,CHOCO,centro_poblado,1.7751356956485556
27800,UNGUIA,CHOCO,rural,1187.4094316345042
41006,ACEVEDO,HUILA,cabecera,1.0875947058965185
41006,ACEVEDO,HUILA,centro_poblado,0.4174494135336387
41006,ACEVEDO,HUILA,rural,539.0118302677635
41013,AGRADO,HUILA,cabecera,1.7699199094591627
41013,AGRADO,HUILA,centro_poblado,0.08298537778533294
41013,AGRADO,HUILA,rural,271.8787430547201
41016,AIPE,HUILA,cabecera,2.2452722980292052
41016,AIPE,HUILA,centro_poblado,0.397536451839824
41016,AIPE,HUILA,rural,792.9878162941171
41020,ALGECIRAS,HUILA,cabecera,2.131736238594216
41020,ALGECIRAS,HUILA,centro_poblado,0.28210823144360486
41020,ALGECIRAS,HUILA,rural,587.2751427244781
41078,BARAYA,HUILA,cabecera,0.7037036184548918
41078,BARAYA,HUILA,rural,785.2983211105593
41132,CAMPOALEGRE,HUILA,cabecera,3.5990060379909314
41132,CAMPOALEGRE,HUILA,centro_poblado,3.509693900275553
41132,CAMPOALEGRE,HUILA,rural,455.69063774227504
41206,COLOMBIA,HUILA,cabecera,0.7581968925645209
41206,COLOMBIA,HUILA,centro_poblado,0.5729988798317083
41206,COLOMBIA,HUILA,rural,1583.6387223122692
41298,GARZON,HUILA,cabecera,5.22258963870833
41298,GARZON,HUILA,centro_poblado,1.7141027278306573
41298,GARZON,HUILA,rural,599.5844788767831
41306,GIGANTE,HUILA,cabecera,2.161618141949011
41306,GIGANTE,HUILA,centro_poblado,0.9230828982942177
41306,GIGANTE,HUILA,rural,500.61840096924294
41319,GUADALUPE,HUILA,cabecera,0.7226384031754465
41319,GUADALUPE,HUILA,centro_poblado,1.1301386017178803
41319,GUADALUPE,HUILA,rural,247.7545617410425
41357,IQUIRA,HUILA,cabecera,0.502102502078137
41357,IQUIRA,HUILA,centro_poblado,0.2128552623903151
41357,IQUIRA,HUILA,rural,355.80052223438906
41359,ISNOS,HUILA,cabecera,0.9506620462961088
41359,ISNOS,HUILA,centro_poblado,0.4682942086104229
41359,ISNOS,HUILA,rural,369.2376098377211
41378,LA ARGENTINA (PLATA VIEJA),HUILA,cabecera,0.8383997049252242
41378,LA ARGENTINA (PLATA VIEJA),HUILA,centro_poblado,0.06513241305388495
41378,LA ARGENTINA (PLATA VIEJA),HUILA,rural,355.51756854296406
41396,LA PLATA,HUILA,cabecera,3.4690821669708436
41396,LA PLATA,HUILA,centro_poblado,0.7535929813258301
41396,LA PLATA,HUILA,rural,810.4282460698461
41503,OPORAPA,HUILA,cabecera,0.6368743402944058
41503,OPORAPA,HUILA,centro_poblado,0.3506639345869314
41503,OPORAPA,HUILA,rural,154.82506895422483
41524,PALERMO,HUILA,cabecera,1.3626539221826262
41524,PALERMO,HUILA,centro_poblado,1.4505676921462543
41524,PALERMO,HUILA,rural,881.4531431161146
41530,PALESTINA,HUILA,cabecera,0.27796618896049813
41530,PALESTINA,HUILA,rural,177.93948956460326
41548,PITAL,HUILA,cabecera,0.8378189220195491
41548,PITAL,HUILA,centro_poblado,0.07567129335619362
41548,PITAL,HUILA,rural,192.74655774099872
41551,PITALITO,HUILA,cabecera,11.073243749059452
41551,PITALITO,HUILA,centro_poblado,2.4185723267250268
41551,PITALITO,HUILA,rural,617.1741205322526
41615,RIVERA,HUILA,cabecera,2.554249463973805
41615,RIVERA,HUILA,centro_poblado,3.85781147286454
41615,RIVERA,HUILA,rural,244.81810416037553
41660,SALADOBLANCO,HUILA,cabecera,0.744622086055993
41660,SALADOBLANCO,HUILA,centro_poblado,0.0870402674822075
41660,SALADOBLANCO,HUILA,rural,465.8132462206243
41668,SAN AGUSTIN,HUILA,cabecera,2.142193680096197
41668,SAN AGUSTIN,HUILA,centro_poblado,0.5200049230917189
41668,SAN AGUSTIN,HUILA,rural,1387.7699919749643
41676,SANTA MARIA,HUILA,cabecera,0.46094878112355875
41676,SANTA MARIA,HUILA,centro_poblado,0.03803040148930987
41676,SANTA MARIA,HUILA,rural,338.88061017697805
41770,SUAZA,HUILA,cabecera,0.7067824143653934
41770,SUAZA,HUILA,centro_poblado,1.2490160348573178
41770,SUAZA,HUILA,rural,427.71137539714084
41791,TARQUI,HUILA,cabecera,0.7104759245717723
41791,TARQUI,HUILA,centro_poblado,0.6247554413466668
41791,TARQUI,HUILA,rural,361.47660504771403
41797,TESALIA (CARNICERIAS),HUILA,cabecera,1.051469025532661
41797,TESALIA (CARNICERIAS),HUILA,centro_poblado,0.26532389748081536
41797,TESALIA (CARNICERIAS),HUILA,rural,365.7085944525505
41799,TELLO,HUILA,cabecera,0.854641084671203
41799,TELLO,HUILA,centro_poblado,0.6180050178553081
41799,TELLO,HUILA,rural,528.9267433750149
41801,TERUEL,HUILA,cabecera,0.7808807073685091
41801,TERUEL,HUILA,rural,470.9534724392063
41807,TIMANA,HUILA,cabecera,0.9336554866975896
41807,TIMANA,HUILA,centro_poblado,1.2046145535878308
41807,TIMANA,HUILA,rural,183.5888153426476
41885,YAGUARA,HUILA,cabecera,1.0052183664417957
41885,YAGUARA,HUILA,rural,331.9101579790052
44035,ALBANIA,LA GUAJIRA,cabecera,8.225422729015325
44035,ALBANIA,LA GUAJIRA,centro_poblado,1.0673490665244225
44035,ALBANIA,LA GUAJIRA,rural,536.7337806065843
44078,BARRANCAS,LA GUAJIRA,cabecera,6.934077507173257
44078,BARRANCAS,LA GUAJIRA,centro_poblado,2.3518755458790266
44078,BARRANCAS,LA GUAJIRA,rural,791.6558115599033
44090,DIBULLA,LA GUAJIRA,cabecera,1.0829072956215617
44090,DIBULLA,LA GUAJIRA,centro_poblado,2.7067293091168825
44090,DIBULLA,LA GUAJIRA,rural,1746.188431517044
44098,DISTRACCION,LA GUAJIRA,cabecera,0.9850054125987052
44098,DISTRACCION,LA GUAJIRA,centro_poblado,1.7405809961462582
44098,DISTRACCION,LA GUAJIRA,rural,229.147254953845
44110,EL MOLINO,LA GUAJIRA,cabecera,1.4460358477554045
44110,EL MOLINO,LA GUAJIRA,rural,240.73877873095742
44279,FONSECA,LA GUAJIRA,cabecera,5.459204519327684
44279,FONSECA,LA GUAJIRA,centro_poblado,4.491983352121543
44279,FONSECA,LA GUAJIRA,rural,463.5712284430276
44378,HATONUEVO,LA GUAJIRA,cabecera,2.8261508243717652
44378,HATONUEVO,LA GUAJIRA,centro_poblado,1.1559870128070797
44378,HATONUEVO,LA GUAJIRA,rural,210.6577793538555
44560,MANAURE,LA GUAJIRA,cabecera,4.797347451312178
44560,MANAURE,LA GUAJIRA,centro_poblado,2.5228913204468255
44560,MANAURE,LA GUAJIRA,rural,1612.3352181382577
44650,SAN JUAN DEL CESAR,LA GUAJIRA,cabecera,6.8454190657725364
44650,SAN JUAN DEL CESAR,LA GUAJIRA,centro_poblado,4.765738167699299
44650,SAN JUAN DEL CESAR,LA GUAJIRA,rural,1302.0772038821644
44855,URUMITA,LA GUAJIRA,cabecera,2.43780140248082
44855,URUMITA,LA GUAJIRA,rural,243.83680820086252
44874,VILLANUEVA,LA GUAJIRA,cabecera,5.413655372548233
44874,VILLANUEVA,LA GUAJIRA,rural,254.6822812508971
47053,ARACATACA,MAGDALENA,cabecera,3.041731863831023
47053,ARACATACA,MAGDALENA,centro_poblado,0.7052336080019742
47053,ARACATACA,MAGDALENA,rural,1737.0915126720233
47058,ARIGUANI (EL DIFICIL),MAGDALENA,cabecera,2.68127255840951
47058,ARIGUANI (EL DIFICIL),MAGDALENA,centro_poblado,1.1041868070647431
47058,ARIGUANI (EL DIFICIL),MAGDALENA,rural,1127.9587781909788
47170,CHIVOLO,MAGDALENA,cabecera,1.503353218869142
47170,CHIVOLO,MAGDALENA,centro_poblado,0.5367473504030496
47170,CHIVOLO,MAGDALENA,rural,534.5036400486607
47189,CIENAGA,MAGDALENA,cabecera,9.860152036247625
47189,CIENAGA,MAGDALENA,centro_poblado,1.0097065537923517
47189,CIENAGA,MAGDALENA,rural,1313.9074108224645
47205,CONCORDIA,MAGDALENA,cabecera,0.5897921555400594
47205,CONCORDIA,MAGDALENA,centro_poblado,0.9683647328591871
47205,CONCORDIA,MAGDALENA,rural,107.92554909470343
47245,EL BANCO,MAGDALENA,cabecera,5.756181925059626
47245,EL BANCO,MAGDALENA,centro_poblado,5.475802306165851
47245,EL BANCO,MAGDALENA,rural,803.6413463235426
47258,EL PIÑON,MAGDALENA,cabecera,0.8605306773864078
47258,EL PIÑON,MAGDALENA,centro_poblado,2.276257015512346
47258,EL PIÑON,MAGDALENA,rural,554.0055896008831
47268,EL RETEN,MAGDALENA,cabecera,1.2406921595345612
47268,EL RETEN,MAGDALENA,centro_poblado,0.5091518972294848
47268,EL RETEN,MAGDALENA,rural,260.43243275195834
47288,FUNDACION,MAGDALENA,cabecera,7.369997201162639
47288,FUNDACION,MAGDALENA,centro_poblado,0.6118825476379641
47288,FUNDACION,MAGDALENA,rural,963.9193554240156
47318,GUAMAL,MAGDALENA,cabecera,1.7327619892270303
47318,GUAMAL,MAGDALENA,centro_poblado,4.864427141938428
47318,GUAMAL,MAGDALENA,rural,557.8952278938192
47460,NUEVA GRANADA,MAGDALENA,cabecera,1.179038304001001
47460,NUEVA GRANADA,MAGDALENA,centro_poblado,0.9268087404263262
47460,NUEVA GRANADA,MAGDALENA,rural,839.9451090814091
47541,PEDRAZA,MAGDALENA,cabecera,0.36194785112650785
47541,PEDRAZA,MAGDALENA,centro_poblado,1.1017325694795679
47541,PEDRAZA,MAGDALENA,rural,324.01626428193697
47545,PIJIÑO DEL CARMEN,MAGDALENA,cabecera,0.8513988603835073
47545,PIJIÑO DEL CARMEN,MAGDALENA,centro_poblado,0.6057088630820672
47545,PIJIÑO DEL CARMEN,MAGDALENA,rural,660.1070466160861
47551,PIVIJAY,MAGDALENA,cabecera,3.7818231107537543
47551,PIVIJAY,MAGDALENA,centro_poblado,2.5201306155253143
47551,PIVIJAY,MAGDALENA,rural,1634.1424999220767
47555,PLATO,MAGDALENA,cabecera,7.813578882706314
47555,PLATO,MAGDALENA,centro_poblado,1.6140933275873734
47555,PLATO,MAGDALENA,rural,1447.9106051299366
47570,PUEBLOVIEJO,MAGDALENA,cabecera,0.6873099729075357
47570,PUEBLOVIEJO,MAGDALENA,centro_poblado,1.1670435325697315
47570,PUEBLOVIEJO,MAGDALENA,rural,673.6142868357755
47660,SABANAS DE SAN ANGEL,MAGDALENA,cabecera,0.7915935328804534
47660,SABANAS DE SAN ANGEL,MAGDALENA,centro_poblado,0.8996725548270926
47660,SABANAS DE SAN ANGEL,MAGDALENA,rural,1237.2759077494586
47692,SAN SEBASTIAN DE BUENAVISTA,MAGDALENA,cabecera,0.9855893533708625
47692,SAN SEBASTIAN DE BUENAVISTA,MAGDALENA,centro_poblado,2.801827550763821
47692,SAN SEBASTIAN DE BUENAVISTA,MAGDALENA,rural,433.85815164228455
47707,SANTA ANA,MAGDALENA,cabecera,2.1903284170906625
47707,SANTA ANA,MAGDALENA,centro_poblado,0.767197770456878
47707,SANTA ANA,MAGDALENA,rural,1117.4798160204582
47720,SANTA BARBARA DE PINTO,MAGDALENA,cabecera,1.5579037001863352
47720,SANTA BARBARA DE PINTO,MAGDALENA,centro_poblado,0.49674950996354117
47720,SANTA BARBARA DE PINTO,MAGDALENA,rural,492.6495393633765
47745,SITIONUEVO,MAGDALENA,cabecera,0.897355654244336
47745,SITIONUEVO,MAGDALENA,centro_poblado,1.7144766592106642
47745,SITIONUEVO,MAGDALENA,rural,968.292812940836
47960,ZAPAYAN,MAGDALENA,cabecera,0.44686186113050025
47960,ZAPAYAN,MAGDALENA,centro_poblado,0.4383161914116085
47960,ZAPAYAN,MAGDALENA,rural,352.39108085046524
47980,ZONA BANANERA (SEVILLA),MAGDALENA,cabecera,0.5776054735555962
47980,ZONA BANANERA (SEVILLA),MAGDALENA,centro_poblado,6.54064311081973
47980,ZONA BANANERA (SEVILLA),MAGDALENA,rural,439.3438692198816
50006,ACACIAS,META,cabecera,11.490792260561198
50006,ACACIAS,META,centro_poblado,1.032246070849718
50006,ACACIAS,META,rural,1111.214891234543
50150,CASTILLA LA NUEVA,META,cabecera,1.2708956877161117
50150,CASTILLA LA NUEVA,META,centro_poblado,0.4501000332286947
50150,CASTILLA LA NUEVA,META,rural,512.9649707978964
50287,FUENTE DE ORO,META,cabecera,1.5686209640607809
50287,FUENTE DE ORO,META,centro_poblado,0.7339930397161527
50287,FUENTE DE ORO,META,rural,568.688603636267
50313,GRANADA,META,cabecera,11.297474146039521
50313,GRANADA,META,centro_poblado,0.8981640843917276
50313,GRANADA,META,rural,336.1161494640193
50318,GUAMAL,META,cabecera,2.76913042908675
50318,GUAMAL,META,centro_poblado,0.10586734545256378
50318,GUAMAL,META,rural,592.8289204440758
50325,MAPIRIPAN,META,cabecera,2.6713946762402783
50325,MAPIRIPAN,META,centro_poblado,0.7794532106373114
50325,MAPIRIPAN,META,rural,11945.577556054757
50330,MESETAS,META,cabecera,0.8699782299018335
50330,MESETAS,META,centro_poblado,0.27260224967481145
50330,MESETAS,META,rural,2279.487409957809
50350,LA MACARENA,META,cabecera,2.947033276795763
50350,LA MACARENA,META,centro_poblado,1.4902153377139746
50350,LA MACARENA,META,rural,10834.896682702452
50370,URIBE,META,cabecera,0.7570350207392417
50370,URIBE,META,centro_poblado,0.4551802745908336
50370,URIBE,META,rural,6435.996473282012
50400,LEJANIAS,META,cabecera,2.37900924377718
50400,LEJANIAS,META,centro_poblado,0.10752858910285586
50400,LEJANIAS,META,rural,812.9397966820302
50450,PUERTO CONCORDIA,META,cabecera,0.720336101057381
50450,PUERTO CONCORDIA,META,centro_poblado,0.30916622924455983
50450,PUERTO CONCORDIA,META,rural,1241.906014168942
50568,PUERTO GAITAN,META,cabecera,2.63781567823468
50568,PUERTO GAITAN,META,centro_poblado,3.202394448264588
50568,PUERTO GAITAN,META,rural,17244.242956919876
50573,PUERTO LOPEZ,META,cabecera,8.69336443249012
50573,PUERTO LOPEZ,META,centro_poblado,2.717348480869739
50573,PUERTO LOPEZ,META,rural,6901.935862746304
50577,PUERTO LLERAS,META,cabecera,1.007433232689936
50577,PUERTO LLERAS,META,centro_poblado,0.4987374521710874
50577,PUERTO LLERAS,META,rural,2534.268039141328
50590,PUERTO RICO,META,cabecera,1.0969826932049576
50590,PUERTO RICO,META,centro_poblado,0.40805932743986756
50590,PUERTO RICO,META,rural,3426.628528225649
50606,RESTREPO,META,cabecera,2.4673390809979794
50606,RESTREPO,META,rural,362.649270848584
50680,SAN CARLOS DE GUAROA,META,cabecera,1.1186370969006305
50680,SAN CARLOS DE GUAROA,META,centro_poblado,0.5689628905742409
50680,SAN CARLOS DE GUAROA,META,rural,806.1071969448178
50683,SAN JUAN DE ARAMA,META,cabecera,1.483884573202437
50683,SAN JUAN DE ARAMA,META,centro_poblado,0.5153286895718695
50683,SAN JUAN DE ARAMA,META,rural,1167.1053871225688
50689,SAN MARTIN DE LOS LLANOS,META,cabecera,6.4337810970366975
50689,SAN MARTIN DE LOS LLANOS,META,centro_poblado,0.28428737780740027
50689,SAN MARTIN DE LOS LLANOS,META,rural,5926.934286424533
50711,VISTA HERMOSA,META,cabecera,1.6512880886229448
50711,VISTA HERMOSA,META,centro_poblado,1.1212118189792464
50711,VISTA HERMOSA,META,rural,4816.437606917664
52051,ARBOLEDA (BERRUECOS),NARIÑO,cabecera,0.26343500263698116
52051,ARBOLEDA (BERRUECOS),NARIÑO,centro_poblado,0.09057978290614774
52051,ARBOLEDA (BERRUECOS),NARIÑO,rural,59.83174982094857
52079,BARBACOAS,NARIÑO,cabecera,0.7902568629927272
52079,BARBACOAS,NARIÑO,centro_poblado,0.8558811043222505
52079,BARBACOAS,NARIÑO,rural,2731.287139457678
52083,BELEN,NARIÑO,cabecera,0.3311548673491502
52083,BELEN,NARIÑO,centro_poblado,0.0381778413344366
52083,BELEN,NARIÑO,rural,41.476072886490684
52110,BUESACO,NARIÑO,cabecera,1.0790708990299263
52110,BUESACO,NARIÑO,centro_poblado,0.8437237910609301
52110,BUESACO,NARIÑO,rural,634.0380380596426
52203,COLON (GENOVA),NARIÑO,cabecera,0.18956808564112512
52203,COLON (GENOVA),NARIÑO,centro_poblado,0.13540896014734863
52203,COLON (GENOVA),NARIÑO,rural,61.4255523311334
52207,CONSACA,NARIÑO,cabecera,0.5485894801159099
52207,CONSACA,NARIÑO,centro_poblado,0.6019013557155976
52207,CONSACA,NARIÑO,rural,118.20314511584915
52215,CORDOBA,NARIÑO,cabecera,0.6785333704026889
52215,CORDOBA,NARIÑO,centro_poblado,0.45625125040497505
52215,CORDOBA,NARIÑO,rural,303.4996767000158
52224,CUASPUD (CARLOSAMA),NARIÑO,cabecera,1.0577173296440514
52224,CUASPUD (CARLOSAMA),NARIÑO,rural,56.06087441593871
52227,CUMBAL,NARIÑO,cabecera,2.0410404180053874
52227,CUMBAL,NARIÑO,centro_poblado,1.0900136163886645
52227,CUMBAL,NARIÑO,rural,912.1965876765809
52233,CUMBITARA,NARIÑO,cabecera,0.2762950231762863
52233,CUMBITARA,NARIÑO,centro_poblado,0.2855880280349711
52233,CUMBITARA,NARIÑO,rural,354.6050940502884
52240,CHACHAGUI,NARIÑO,cabecera,0.9293432851630392
52240,CHACHAGUI,NARIÑO,centro_poblado,2.158981300406809
52240,CHACHAGUI,NARIÑO,rural,143.18343656675046
52250,EL CHARCO,NARIÑO,cabecera,0.7942939582170496
52250,EL CHARCO,NARIÑO,centro_poblado,0.14281959115541648
52250,EL CHARCO,NARIÑO,rural,2489.732212874259
52256,EL ROSARIO,NARIÑO,cabecera,0.28643324714549095
52256,EL ROSARIO,NARIÑO,centro_poblado,0.32789659064830856
52256,EL ROSARIO,NARIÑO,rural,519.6772203779857
52258,EL TABLON,NARIÑO,cabecera,0.19729544396476006
52258,EL TABLON,NARIÑO,centro_poblado,0.7124830029572919
52258,EL TABLON,NARIÑO,rural,305.99283204791385
52260,EL TAMBO,NARIÑO,cabecera,1.0251136561840983
52260,EL TAMBO,NARIÑO,rural,246.32762073427008
52317,GUACHUCAL,NARIÑO,cabecera,0.6655870815424042
52317,GUACHUCAL,NARIÑO,centro_poblado,0.6875990880958064
52317,GUACHUCAL,NARIÑO,rural,154.3137104309574
52320,GUAITARILLA,NARIÑO,cabecera,1.1860276899564102
52320,GUAITARILLA,NARIÑO,centro_poblado,0.045337684397370744
52320,GUAITARILLA,NARIÑO,rural,115.50841706819719
52352,ILES,NARIÑO,cabecera,0.37593872097222175
52352,ILES,NARIÑO,centro_poblado,0.3258600773736009
52352,ILES,NARIÑO,rural,79.82973964147139
52378,LA CRUZ,NARIÑO,cabecera,0.7803612666754068
52378,LA CRUZ,NARIÑO,centro_poblado,0.515382404780556
52378,LA CRUZ,NARIÑO,rural,237.5505755953446
52381,LA FLORIDA,NARIÑO,cabecera,0.9070900767539877
52381,LA FLORIDA,NARIÑO,centro_poblado,0.7561987852195017
52381,LA FLORIDA,NARIÑO,rural,134.64963147673808
52390,LA TOLA,NARIÑO,cabecera,0.5919617587147363
52390,LA TOLA,NARIÑO,centro_poblado,0.5490492297097452
52390,LA TOLA,NARIÑO,rural,414.7680363377851
52399,LA UNION,NARIÑO,cabecera,1.306070083477406
52399,LA UNION,NARIÑO,centro_poblado,0.26477064401022893
52399,LA UNION,NARIÑO,rural,140.58153656925552
52405,LEIVA,NARIÑO,cabecera,0.24135203966355534
52405,LEIVA,NARIÑO,centro_poblado,0.660498686443934
52405,LEIVA,NARIÑO,rural,309.5185951472854
52411,LINARES,NARIÑO,cabecera,0.3444571401829956
52411,LINARES,NARIÑO,centro_poblado,0.6374289163106251
52411,LINARES,NARIÑO,rural,134.681560741811
52418,LOS ANDES (SOTOMAYOR),NARIÑO,cabecera,0.6576441244056193
52418,LOS ANDES (SOTOMAYOR),NARIÑO,rural,956.2118941820659
52473,MOSQUERA,NARIÑO,cabecera,0.2463728178271543
52473,MOSQUERA,NARIÑO,centro_poblado,0.25384224455890353
52473,MOSQUERA,NARIÑO,rural,767.5520146047394
52506,OSPINA,NARIÑO,cabecera,0.5395354624537476
52506,OSPINA,NARIÑO,centro_poblado,0.10989203073535522
52506,OSPINA,NARIÑO,rural,64.19378413040889
52520,FRANCISCO PIZARRO (SALAHONDA),NARIÑO,cabecera,0.35326647613288753
52520,FRANCISCO PIZARRO (SALAHONDA),NARIÑO,centro_poblado,0.06219826707079713
52520,FRANCISCO PIZARRO (SALAHONDA),NARIÑO,rural,524.7685516244846
52540,POLICARPA,NARIÑO,cabecera,0.2625890369011641
52540,POLICARPA,NARIÑO,centro_poblado,0.4546712627555652
52540,POLICARPA,NARIÑO,rural,433.6240490746821
52560,POTOSI,NARIÑO,cabecera,0.34014504713712945
52560,POTOSI,NARIÑO,centro_poblado,0.07134449360345947
52560,POTOSI,NARIÑO,rural,387.88806784766314
52585,PUPIALES,NARIÑO,cabecera,1.5440393885400454
52585,PUPIALES,NARIÑO,centro_poblado,0.7078712469160652
52585,PUPIALES,NARIÑO,rural,127.40788769439166
52621,ROBERTO PAYAN (SAN JOSE),NARIÑO,cabecera,0.2313544839297313
52621,ROBERTO PAYAN (SAN JOSE),NARIÑO,centro_poblado,0.18445424683751824
52621,ROBERTO PAYAN (SAN JOSE),NARIÑO,rural,1457.3001352475078
52678,SAMANIEGO,NARIÑO,cabecera,2.220773839382268
52678,SAMANIEGO,NARIÑO,centro_poblado,0.6037446728552711
52678,SAMANIEGO,NARIÑO,rural,602.2194266492795
52683,SANDONA,NARIÑO,cabecera,1.752440112073766
52683,SANDONA,NARIÑO,centro_poblado,1.3190774524981368
52683,SANDONA,NARIÑO,rural,98.54099671962871
52685,SAN BERNARDO,NARIÑO,cabecera,0.26233850023563443
52685,SAN BERNARDO,NARIÑO,centro_poblado,0.13233673494741519
52685,SAN BERNARDO,NARIÑO,rural,64.76983914363291
52687,SAN LORENZO,NARIÑO,cabecera,0.2864079976109754
52687,SAN LORENZO,NARIÑO,centro_poblado,0.2475903822575852
52687,SAN LORENZO,NARIÑO,rural,248.60959085029072
52693,SAN PABLO,NARIÑO,cabecera,0.8615165728597509
52693,SAN PABLO,NARIÑO,centro_poblado,0.3015032546807974
52693,SAN PABLO,NARIÑO,rural,110.6966239811818
52694,SAN PEDRO DE CARTAGO,NARIÑO,cabecera,0.1613389219875859
52694,SAN PEDRO DE CARTAGO,NARIÑO,centro_poblado,0.02226938995144282
52694,SAN PEDRO DE CARTAGO,NARIÑO,rural,55.46366830703786
52696,SANTA BARBARA (ISCUANDE),NARIÑO,cabecera,0.3778527414054079
52696,SANTA BARBARA (ISCUANDE),NARIÑO,centro_poblado,0.7628528081218385
52696,SANTA BARBARA (ISCUANDE),NARIÑO,rural,1223.4349012092332
52699,SANTACRUZ (GUACHAVES),NARIÑO,cabecera,0.21150681189537177
52699,SANTACRUZ (GUACHAVES),NARIÑO,centro_poblado,0.17747900516297596
52699,SANTACRUZ (GUACHAVES),NARIÑO,rural,540.2436281878338
52786,TAMINANGO,NARIÑO,cabecera,0.3641227987490656
52786,TAMINANGO,NARIÑO,centro_poblado,1.367329751246871
52786,TAMINANGO,NARIÑO,rural,232.92638249073335
52788,TANGUA,NARIÑO,cabecera,0.6960292463150038
52788,TANGUA,NARIÑO,centro_poblado,0.06295792192731693
52788,TANGUA,NARIÑO,rural,217.20077908183197
52838,TUQUERRES,NARIÑO,cabecera,3.877759461615553
52838,TUQUERRES,NARIÑO,centro_poblado,1.1200009146096626
52838,TUQUERRES,NARIÑO,rural,211.27458892222955
52885,YACUANQUER,NARIÑO,cabecera,0.6045798594503127
52885,YACUANQUER,NARIÑO,centro_poblado,0.19113670042952902
52885,YACUANQUER,NARIÑO,rural,101.93943956398542
54003,ABREGO,NORTE DE SAN,cabecera,1.8306782668845984
54003,ABREGO,NORTE DE SAN,centro_poblado,0.018891096267699258
54003,ABREGO,NORTE DE SAN,rural,1380.6001870294328
54051,ARBOLEDAS,NORTE DE SAN,cabecera,0.3665301879512747
54051,ARBOLEDAS,NORTE DE SAN,centro_poblado,0.12720641194582424
54051,ARBOLEDAS,NORTE DE SAN,rural,455.6552519405437
54128,CACHIRA,NORTE DE SAN,cabecera,0.21030586654892583
54128,CACHIRA,NORTE DE SAN,centro_poblado,0.21003656582636138
54128,CACHIRA,NORTE DE SAN,rural,615.3995619451817
54172,CHINACOTA,NORTE DE SAN,cabecera,4.176039448422524
54172,CHINACOTA,NORTE DE SAN,centro_poblado,1.9565368478102616
54172,CHINACOTA,NORTE DE SAN,rural,160.12156251959644
54174,CHITAGA,NORTE DE SAN,cabecera,0.6370820557221516
54174,CHITAGA,NORTE DE SAN,centro_poblado,0.0757559516143811
54174,CHITAGA,NORTE DE SAN,rural,1184.4652028622033
54206,CONVENCION,NORTE DE SAN,cabecera,0.8740426616964231
54206,CONVENCION,NORTE DE SAN,centro_poblado,0.4562838919590303
54206,CONVENCION,NORTE DE SAN,rural,930.5910293354316
54245,EL CARMEN,NORTE DE SAN,cabecera,0.29007395193869556
54245,EL CARMEN,NORTE DE SAN,centro_poblado,0.3817942825612552
54245,EL CARMEN,NORTE DE SAN,rural,1727.0710903655877
54250,EL TARRA,NORTE DE SAN,cabecera,1.0128453318581183
54250,EL TARRA,NORTE DE SAN,centro_poblado,0.34562260362615055
54250,EL TARRA,NORTE DE SAN,rural,702.7418187081491
54261,EL ZULIA,NORTE DE SAN,cabecera,1.9156438494350239
54261,EL ZULIA,NORTE DE SAN,centro_poblado,0.32075052700757123
54261,EL ZULIA,NORTE DE SAN,rural,503.0677029215007
54344,HACARI,NORTE DE SAN,cabecera,0.15097198068698583
54344,HACARI,NORTE DE SAN,centro_poblado,0.07680398918040905
54344,HACARI,NORTE DE SAN,rural,418.7771580856601
54385,LA ESPERANZA,NORTE DE SAN,cabecera,0.3400151977189956
54385,LA ESPERANZA,NORTE DE SAN,centro_poblado,0.5343054699706543
54385,LA ESPERANZA,NORTE DE SAN,rural,669.0251190595794
54398,LA PLAYA,NORTE DE SAN,cabecera,0.2184988531812979
54398,LA PLAYA,NORTE DE SAN,centro_poblado,0.12531653141152618
54398,LA PLAYA,NORTE DE SAN,rural,241.87085188856037
54405,LOS PATIOS,NORTE DE SAN,cabecera,10.410440579175418
54405,LOS PATIOS,NORTE DE SAN,centro_poblado,1.7335275458693395
54405,LOS PATIOS,NORTE DE SAN,rural,115.44416498121646
54498,OCAÑA,NORTE DE SAN,cabecera,10.178048138298012
54498,OCAÑA,NORTE DE SAN,centro_poblado,0.7455845628634857
54498,OCAÑA,NORTE DE SAN,rural,511.6763250116409
54518,PAMPLONA,NORTE DE SAN,cabecera,5.272940920617045
54518,PAMPLONA,NORTE DE SAN,rural,293.0211495582228
54553,PUERTO SANTANDER,NORTE DE SAN,cabecera,0.8377446037570763
54553,PUERTO SANTANDER,NORTE DE SAN,centro_poblado,0.02313561651202349
54553,PUERTO SANTANDER,NORTE DE SAN,rural,44.08452076414309
54670,SAN CALIXTO,NORTE DE SAN,cabecera,0.4614926812219338
54670,SAN CALIXTO,NORTE DE SAN,centro_poblado,0.20304515865117365
54670,SAN CALIXTO,NORTE DE SAN,rural,397.35741492803663
54720,SARDINATA,NORTE DE SAN,cabecera,1.066017891398034
54720,SARDINATA,NORTE DE SAN,centro_poblado,0.18544309011834686
54720,SARDINATA,NORTE DE SAN,rural,1466.455369230745
54810,TIBU,NORTE DE SAN,cabecera,3.2101348751693415
54810,TIBU,NORTE DE SAN,centro_poblado,2.3286477108212726
54810,TIBU,NORTE DE SAN,rural,2674.534132086111
54820,TOLEDO,NORTE DE SAN,cabecera,0.9502807645614896
54820,TOLEDO,NORTE DE SAN,centro_poblado,0.14623946922389
54820,TOLEDO,NORTE DE SAN,rural,1479.568509059647
54874,VILLA DEL ROSARIO,NORTE DE SAN,cabecera,18.7349341975449
54874,VILLA DEL ROSARIO,NORTE DE SAN,centro_poblado,0.9377697760089596
54874,VILLA DEL ROSARIO,NORTE DE SAN,rural,70.94632511248037
63130,CALARCA,QUINDIO,cabecera,7.04551790821016
63130,CALARCA,QUINDIO,centro_poblado,1.6575348311724618
63130,CALARCA,QUINDIO,rural,212.13323731412729
63190,CIRCASIA,QUINDIO,cabecera,3.2621345402023225
63190,CIRCASIA,QUINDIO,centro_poblado,5.070451217109884
63190,CIRCASIA,QUINDIO,rural,81.99030163860566
63272,FILANDIA,QUINDIO,cabecera,0.8292878744888267
63272,FILANDIA,QUINDIO,centro_poblado,0.058933375751198704
63272,FILANDIA,QUINDIO,rural,105.67378850244528
63401,LA TEBAIDA,QUINDIO,cabecera,3.4354402794210084
63401,LA TEBAIDA,QUINDIO,centro_poblado,0.6525027729279343
63401,LA TEBAIDA,QUINDIO,rural,85.29180243774319
63470,MONTENEGRO,QUINDIO,cabecera,3.1181274947367723
63470,MONTENEGRO,QUINDIO,centro_poblado,2.564548627635131
63470,MONTENEGRO,QUINDIO,rural,143.37483601271353
63594,QUIMBAYA,QUINDIO,cabecera,2.9926582411493854
63594,QUIMBAYA,QUINDIO,centro_poblado,1.5054018857141938
63594,QUIMBAYA,QUINDIO,rural,129.02229375125384
66045,APIA,RISARALDA,cabecera,0.7463623409037179
66045,APIA,RISARALDA,centro_poblado,0.050601188686251845
66045,APIA,RISARALDA,rural,149.18354785524488
66088,BELEN DE UMBRIA,RISARALDA,cabecera,1.5409357644752277
66088,BELEN DE UMBRIA,RISARALDA,centro_poblado,0.231524169907941
66088,BELEN DE UMBRIA,RISARALDA,rural,178.82797893396423
66318,GUATICA,RISARALDA,cabecera,0.5991929861409547
66318,GUATICA,RISARALDA,centro_poblado,0.34865398225456345
66318,GUATICA,RISARALDA,rural,99.87279198083311
66383,LA CELIA,RISARALDA,cabecera,0.40931586991496155
66383,LA CELIA,RISARALDA,centro_poblado,0.026311199476874325
66383,LA CELIA,RISARALDA,rural,92.03803431561178
66400,LA VIRGINIA,RISARALDA,cabecera,2.1457525345770905
66400,LA VIRGINIA,RISARALDA,centro_poblado,0.02706500576917637
66400,LA VIRGINIA,RISARALDA,rural,30.628395586032916
66440,MARSELLA,RISARALDA,cabecera,2.36614566279867
66440,MARSELLA,RISARALDA,centro_poblado,0.16633745607368194
66440,MARSELLA,RISARALDA,rural,146.7866542506744
66456,MISTRATO,RISARALDA,cabecera,0.43585716155460563
66456,MISTRATO,RISARALDA,centro_poblado,0.1866267665805984
66456,MISTRATO,RISARALDA,rural,564.1209964058323
66572,PUEBLO RICO,RISARALDA,cabecera,0.4748128542516304
66572,PUEBLO RICO,RISARALDA,centro_poblado,0.2877530521382702
66572,PUEBLO RICO,RISARALDA,rural,613.0052469870222
66594,QUINCHIA,RISARALDA,cabecera,1.0909701925954414
66594,QUINCHIA,RISARALDA,centro_poblado,0.3007912654625401
66594,QUINCHIA,RISARALDA,rural,138.73830052576014
66682,SANTA ROSA DE CABAL,RISARALDA,cabecera,7.633365798719189
66682,SANTA ROSA DE CABAL,RISARALDA,centro_poblado,0.5596703287968874
66682,SANTA ROSA DE CABAL,RISARALDA,rural,535.2995935604517
66687,SANTUARIO,RISARALDA,cabecera,0.4442434669118823
66687,SANTUARIO,RISARALDA,centro_poblado,0.31184218508604283
66687,SANTUARIO,RISARALDA,rural,190.10793808520972
68077,BARBOSA,SANTANDER,cabecera,3.5868226404392454
68077,BARBOSA,SANTANDER,centro_poblado,1.2139057302379137
68077,BARBOSA,SANTANDER,rural,41.86415861264345
68101,BOLIVAR,SANTANDER,cabecera,0.3038756635586972
68101,BOLIVAR,SANTANDER,centro_poblado,0.13365209187301647
68101,BOLIVAR,SANTANDER,rural,1009.6883329669311
68167,CHARALA,SANTANDER,cabecera,1.2945924079658464
68167,CHARALA,SANTANDER,centro_poblado,0.1569980522079858
68167,CHARALA,SANTANDER,rural,417.77976009891364
68190,CIMITARRA,SANTANDER,cabecera,3.164976005451129
68190,CIMITARRA,SANTANDER,centro_poblado,0.949432761649552
68190,CIMITARRA,SANTANDER,rural,3170.174129600231
68217,COROMORO,SANTANDER,cabecera,0.2181519720101626
68217,COROMORO,SANTANDER,centro_poblado,0.12184021648351824
68217,COROMORO,SANTANDER,rural,577.1557539527536
68229,CURITI,SANTANDER,cabecera,0.7874383493129857
68229,CURITI,SANTANDER,rural,243.43529872409195
68235,EL CARMEN,SANTANDER,cabecera,0.2662938400478533
68235,EL CARMEN,SANTANDER,centro_poblado,0.1918306499309472
68235,EL CARMEN,SANTANDER,rural,923.5744988188942
68255,EL PLAYON,SANTANDER,cabecera,0.5847314446841235
68255,EL PLAYON,SANTANDER,centro_poblado,0.20036923134482598
68255,EL PLAYON,SANTANDER,rural,454.1968202970641
68385,LANDAZURI,SANTANDER,cabecera,0.5349167996633025
68385,LANDAZURI,SANTANDER,centro_poblado,0.2057854568024569
68385,LANDAZURI,SANTANDER,rural,589.4756845808381
68406,LEBRIJA,SANTANDER,cabecera,2.9145277786240538
68406,LEBRIJA,SANTANDER,centro_poblado,0.2656228801670426
68406,LEBRIJA,SANTANDER,rural,547.2530867651863
68418,LOS SANTOS,SANTANDER,cabecera,0.41757394920494123
68418,LOS SANTOS,SANTANDER,centro_poblado,0.08944272615399224
68418,LOS SANTOS,SANTANDER,rural,289.61817163527576
68432,MALAGA,SANTANDER,cabecera,2.9454920362185217
68432,MALAGA,SANTANDER,centro_poblado,0.014860477809792627
68432,MALAGA,SANTANDER,rural,54.221343072766075
68464,MOGOTES,SANTANDER,cabecera,0.9488777791674259
68464,MOGOTES,SANTANDER,centro_poblado,0.06234489713969055
68464,MOGOTES,SANTANDER,rural,482.95890474209347
68500,OIBA,SANTANDER,cabecera,0.7494498333132666
68500,OIBA,SANTANDER,centro_poblado,0.044737067254438566
68500,OIBA,SANTANDER,rural,285.2725607243781
68572,PUENTE NACIONAL,SANTANDER,cabecera,1.1627154306447027
68572,PUENTE NACIONAL,SANTANDER,centro_poblado,0.40566613538529794
68572,PUENTE NACIONAL,SANTANDER,rural,250.1101667066232
68575,PUERTO WILCHES,SANTANDER,cabecera,2.5347637475309344
68575,PUERTO WILCHES,SANTANDER,centro_poblado,2.8540124832658162
68575,PUERTO WILCHES,SANTANDER,rural,1502.597470154614
68655,SABANA DE TORRES,SANTANDER,cabecera,5.588676296300121
68655,SABANA DE TORRES,SANTANDER,centro_poblado,0.8804965061522337
68655,SABANA DE TORRES,SANTANDER,rural,1396.400835598569
68669,SAN ANDRES,SANTANDER,cabecera,0.4893138244012008
68669,SAN ANDRES,SANTANDER,centro_poblado,0.34989784254526046
68669,SAN ANDRES,SANTANDER,rural,280.7196433649353
68679,SAN GIL,SANTANDER,cabecera,7.336193504814491
68679,SAN GIL,SANTANDER,rural,139.54108058266863
68689,SAN VICENTE DE CHUCURI,SANTANDER,cabecera,1.8591241852354512
68689,SAN VICENTE DE CHUCURI,SANTANDER,centro_poblado,1.2886619605042136
68689,SAN VICENTE DE CHUCURI,SANTANDER,rural,1113.212819068021
68755,SOCORRO,SANTANDER,cabecera,4.122948529349742
68755,SOCORRO,SANTANDER,centro_poblado,0.06583909927841697
68755,SOCORRO,SANTANDER,rural,123.63704737976683
68770,SUAITA,SANTANDER,cabecera,0.6065796614534373
68770,SUAITA,SANTANDER,centro_poblado,0.7094523934631859
68770,SUAITA,SANTANDER,rural,283.87950186834695
68773,SUCRE,SANTANDER,cabecera,0.20295811363695831
68773,SUCRE,SANTANDER,centro_poblado,0.6248296583118489
68773,SUCRE,SANTANDER,rural,521.7114131572434
68820,TONA,SANTANDER,cabecera,0.13759462889212135
68820,TONA,SANTANDER,centro_poblado,0.604680404653702
68820,TONA,SANTANDER,rural,329.98400870599687
68861,VELEZ,SANTANDER,cabecera,2.463783170980569
68861,VELEZ,SANTANDER,centro_poblado,0.9301095143418433
68861,VELEZ,SANTANDER,rural,444.2828355192742
68895,ZAPATOCA,SANTANDER,cabecera,2.5937270810196607
68895,ZAPATOCA,SANTANDER,centro_poblado,0.1967062179324625
68895,ZAPATOCA,SANTANDER,rural,361.62811772090475
70110,BUENAVISTA,SUCRE,cabecera,1.1707092348481625
70110,BUENAVISTA,SUCRE,centro_poblado,0.17880493224290386
70110,BUENAVISTA,SUCRE,rural,145.1485818701363
70215,COROZAL,SUCRE,cabecera,4.813731380390871
70215,COROZAL,SUCRE,centro_poblado,3.4384843283158903
70215,COROZAL,SUCRE,rural,277.6422450391282
70221,COVEÑAS,SUCRE,cabecera,8.070520359757031
70221,COVEÑAS,SUCRE,centro_poblado,2.2800187641230427
70221,COVEÑAS,SUCRE,rural,46.20461421084321
70233,EL ROBLE,SUCRE,cabecera,1.3468758174353448
70233,EL ROBLE,SUCRE,centro_poblado,1.8340637013547647
70233,EL ROBLE,SUCRE,rural,195.25346248622355
70235,GALERAS (NUEVA GRANADA),SUCRE,cabecera,1.9472850472272347
70235,GALERAS (NUEVA GRANADA),SUCRE,centro_poblado,1.3527067386087197
70235,GALERAS (NUEVA GRANADA),SUCRE,rural,318.5564341947352
70400,LA UNION,SUCRE,cabecera,7.431492412818612
70400,LA UNION,SUCRE,centro_poblado,0.9894402420113655
70400,LA UNION,SUCRE,rural,223.92946199752006
70418,LOS PALMITOS,SUCRE,cabecera,1.4273364663334323
70418,LOS PALMITOS,SUCRE,centro_poblado,1.3352934973125996
70418,LOS PALMITOS,SUCRE,rural,196.12181254359385
70429,MAJAGUAL,SUCRE,cabecera,1.3849179864271357
70429,MAJAGUAL,SUCRE,centro_poblado,2.1229185490870863
70429,MAJAGUAL,SUCRE,rural,841.6507753699699
70473,MORROA,SUCRE,cabecera,1.4815603920782638
70473,MORROA,SUCRE,centro_poblado,0.6434823424270367
70473,MORROA,SUCRE,rural,167.8898542668756
70508,OVEJAS,SUCRE,cabecera,1.8196473784550882
70508,OVEJAS,SUCRE,centro_poblado,1.6685995087920686
70508,OVEJAS,SUCRE,rural,456.5601152046316
70523,PALMITO,SUCRE,cabecera,0.7353052067589863
70523,PALMITO,SUCRE,centro_poblado,2.2808800361222783
70523,PALMITO,SUCRE,rural,171.55401010032404
70670,SAMPUES,SUCRE,cabecera,2.793996236263045
70670,SAMPUES,SUCRE,centro_poblado,2.3465405377307724
70670,SAMPUES,SUCRE,rural,208.7971638727552
70678,SAN BENITO ABAD,SUCRE,cabecera,2.3052365760998996
70678,SAN BENITO ABAD,SUCRE,centro_poblado,5.569768401717184
70678,SAN BENITO ABAD,SUCRE,rural,1486.2879509409397
70702,SAN JUAN DE BETULIA (BETULIA),SUCRE,cabecera,1.9170621456096024
70702,SAN JUAN DE BETULIA (BETULIA),SUCRE,centro_poblado,1.0740916954734974
70702,SAN JUAN DE BETULIA (BETULIA),SUCRE,rural,165.18441847682107
70708,SAN MARCOS,SUCRE,cabecera,7.0652252632414845
70708,SAN MARCOS,SUCRE,centro_poblado,7.825885414178234
70708,SAN MARCOS,SUCRE,rural,955.4637014008147
70713,SAN ONOFRE,SUCRE,cabecera,3.2533299704013485
70713,SAN ONOFRE,SUCRE,centro_poblado,7.025099960699664
70713,SAN ONOFRE,SUCRE,rural,1024.8005635219072
70717,SAN PEDRO,SUCRE,cabecera,1.485297934778889
70717,SAN PEDRO,SUCRE,centro_poblado,0.6901539355356393
70717,SAN PEDRO,SUCRE,rural,210.81936539394889
70742,SINCE,SUCRE,cabecera,3.0326592603000693
70742,SINCE,SUCRE,centro_poblado,1.1294689882727817
70742,SINCE,SUCRE,rural,414.8176416757596
70771,SUCRE,SUCRE,cabecera,1.258080692815427
70771,SUCRE,SUCRE,centro_poblado,2.5901711318467533
70771,SUCRE,SUCRE,rural,1127.33194098228
70820,TOLU,SUCRE,cabecera,8.757352144552868
70820,TOLU,SUCRE,centro_poblado,0.884391865319418
70820,TOLU,SUCRE,rural,292.87494787543346
70823,TOLUVIEJO,SUCRE,cabecera,1.2661937973966153
70823,TOLUVIEJO,SUCRE,centro_poblado,2.8942504301926752
70823,TOLUVIEJO,SUCRE,rural,280.8554471646736
73026,ALVARADO,TOLIMA,cabecera,0.7332617098698847
73026,ALVARADO,TOLIMA,centro_poblado,0.2695255844449298
73026,ALVARADO,TOLIMA,rural,343.33280525403404
73043,ANZOATEGUI,TOLIMA,cabecera,0.24189148052802523
73043,ANZOATEGUI,TOLIMA,centro_poblado,0.05193323145487316
73043,ANZOATEGUI,TOLIMA,rural,469.41750076713237
73055,ARMERO (GUAYABAL),TOLIMA,cabecera,2.1097970326845465
73055,ARMERO (GUAYABAL),TOLIMA,centro_poblado,0.48663939122132827
73055,ARMERO (GUAYABAL),TOLIMA,rural,438.0344073203699
73067,ATACO,TOLIMA,cabecera,1.643073137322191
73067,ATACO,TOLIMA,centro_poblado,0.6225087171665629
73067,ATACO,TOLIMA,rural,1015.3788555315781
73124,CAJAMARCA,TOLIMA,cabecera,0.691765152659892
73124,CAJAMARCA,TOLIMA,centro_poblado,0.3502168774426366
73124,CAJAMARCA,TOLIMA,rural,507.4489288033086
73148,CARMEN DE APICALA,TOLIMA,cabecera,3.8931492522498483
73148,CARMEN DE APICALA,TOLIMA,rural,186.94298130806345
73168,CHAPARRAL,TOLIMA,cabecera,6.768553868151752
73168,CHAPARRAL,TOLIMA,centro_poblado,0.23791751942271216
73168,CHAPARRAL,TOLIMA,rural,2095.0567645574633
73200,COELLO,TOLIMA,cabecera,0.5021530946644274
73200,COELLO,TOLIMA,centro_poblado,1.3195591656567678
73200,COELLO,TOLIMA,rural,341.77639381484033
73217,COYAIMA,TOLIMA,cabecera,0.656200768310188
73217,COYAIMA,TOLIMA,centro_poblado,1.5630442251733183
73217,COYAIMA,TOLIMA,rural,666.8364420477519
73226,CUNDAY,TOLIMA,cabecera,0.8887915763615191
73226,CUNDAY,TOLIMA,centro_poblado,0.8999099887721554
73226,CUNDAY,TOLIMA,rural,505.7265811386274
73236,DOLORES,TOLIMA,cabecera,0.6878087643784843
73236,DOLORES,TOLIMA,centro_poblado,0.16421717560179297
73236,DOLORES,TOLIMA,rural,651.0983733819219
73268,ESPINAL,TOLIMA,cabecera,9.199613330051736
73268,ESPINAL,TOLIMA,centro_poblado,1.829826820485326
73268,ESPINAL,TOLIMA,rural,205.4695056286485
73270,FALAN,TOLIMA,cabecera,0.5200235155467504
73270,FALAN,TOLIMA,centro_poblado,0.24560824874891077
73270,FALAN,TOLIMA,rural,180.55658169027353
73275,FLANDES,TOLIMA,cabecera,7.441005434113108
73275,FLANDES,TOLIMA,centro_poblado,1.4348576658052081
73275,FLANDES,TOLIMA,rural,87.9213114172586
73283,FRESNO,TOLIMA,cabecera,1.4286003658286488
73283,FRESNO,TOLIMA,centro_poblado,0.265971625074161
73283,FRESNO,TOLIMA,rural,217.96690721455187
73319,GUAMO,TOLIMA,cabecera,4.47404438936775
73319,GUAMO,TOLIMA,centro_poblado,4.605035460477118
73319,GUAMO,TOLIMA,rural,496.6647471870947
73347,HERVEO,TOLIMA,cabecera,0.327283902598271
73347,HERVEO,TOLIMA,centro_poblado,0.33913226892056997
73347,HERVEO,TOLIMA,rural,322.07701744604316
73349,HONDA,TOLIMA,cabecera,10.151371604512798
73349,HONDA,TOLIMA,centro_poblado,0.14036249077310314
73349,HONDA,TOLIMA,rural,294.5951782282212
73352,ICONONZO,TOLIMA,cabecera,0.7985623416752611
73352,ICONONZO,TOLIMA,centro_poblado,0.4087132814263231
73352,ICONONZO,TOLIMA,rural,213.97457928703366
73408,LERIDA,TOLIMA,cabecera,3.506949403676829
73408,LERIDA,TOLIMA,centro_poblado,0.8226727697201359
73408,LERIDA,TOLIMA,rural,267.6248542135403
73411,LIBANO,TOLIMA,cabecera,3.639668725275207
73411,LIBANO,TOLIMA,centro_poblado,0.24911544552738607
73411,LIBANO,TOLIMA,rural,278.48382772153116
73443,MARIQUITA,TOLIMA,cabecera,5.912561714114627
73443,MARIQUITA,TOLIMA,centro_poblado,0.27450274697675475
73443,MARIQUITA,TOLIMA,rural,287.15608972629394
73449,MELGAR,TOLIMA,cabecera,13.918472622825128
73449,MELGAR,TOLIMA,centro_poblado,1.641315472663214
73449,MELGAR,TOLIMA,rural,186.60063990347177
73483,NATAGAIMA,TOLIMA,cabecera,1.8051908641092784
73483,NATAGAIMA,TOLIMA,centro_poblado,0.5030168494424637
73483,NATAGAIMA,TOLIMA,rural,857.521816900799
73504,ORTEGA,TOLIMA,cabecera,3.2371507637978647
73504,ORTEGA,TOLIMA,centro_poblado,1.4973029771275872
73504,ORTEGA,TOLIMA,rural,949.0698710397612
73520,PALOCABILDO,TOLIMA,cabecera,0.4684044154754923
73520,PALOCABILDO,TOLIMA,centro_poblado,0.06898845713660152
73520,PALOCABILDO,TOLIMA,rural,64.4737365996935
73555,PLANADAS,TOLIMA,cabecera,0.7904073407576883
73555,PLANADAS,TOLIMA,centro_poblado,0.38830364652653904
73555,PLANADAS,TOLIMA,rural,1752.923120226005
73563,PRADO,TOLIMA,cabecera,1.0882416701562323
73563,PRADO,TOLIMA,centro_poblado,0.09377611696096719
73563,PRADO,TOLIMA,rural,421.8309849670186
73585,PURIFICACION,TOLIMA,cabecera,4.182406341031478
73585,PURIFICACION,TOLIMA,centro_poblado,1.1535367191337358
73585,PURIFICACION,TOLIMA,rural,396.8688649970321
73616,RIOBLANCO,TOLIMA,cabecera,0.3823498852707739
73616,RIOBLANCO,TOLIMA,centro_poblado,0.5481067053689285
73616,RIOBLANCO,TOLIMA,rural,2045.303336021655
73624,ROVIRA,TOLIMA,cabecera,1.83766039630257
73624,ROVIRA,TOLIMA,centro_poblado,0.37991502009734524
73624,ROVIRA,TOLIMA,rural,737.2586196871414
73671,SALDAÑA,TOLIMA,cabecera,1.9973904664163653
73671,SALDAÑA,TOLIMA,centro_poblado,0.6429620960258461
73671,SALDAÑA,TOLIMA,rural,190.58642788187487
73678,SAN LUIS,TOLIMA,cabecera,0.8013581461630392
73678,SAN LUIS,TOLIMA,centro_poblado,0.43937726085811074
73678,SAN LUIS,TOLIMA,rural,410.98549141629786
73861,VENADILLO,TOLIMA,cabecera,1.4638955512388292
73861,VENADILLO,TOLIMA,centro_poblado,0.27848566079202525
73861,VENADILLO,TOLIMA,rural,332.89037601378834
73870,VILLAHERMOSA,TOLIMA,cabecera,0.6915815741764882
73870,VILLAHERMOSA,TOLIMA,rural,278.15835979746316
76020,ALCALA,VALLE,cabecera,1.127320265993191
76020,ALCALA,VALLE,centro_poblado,0.01646139952587847
76020,ALCALA,VALLE,rural,61.21376367893186
76036,ANDALUCIA,VALLE,cabecera,3.0699766427077515
76036,ANDALUCIA,VALLE,centro_poblado,1.1037184750658544
76036,ANDALUCIA,VALLE,rural,106.28672285584257
76041,ANSERMANUEVO,VALLE,cabecera,1.4386772085356296
76041,ANSERMANUEVO,VALLE,centro_poblado,0.351992476085045
76041,ANSERMANUEVO,VALLE,rural,303.66046864485367
76100,BOLIVAR,VALLE,cabecera,1.1054588883228056
76100,BOLIVAR,VALLE,centro_poblado,1.7536314811259641
76100,BOLIVAR,VALLE,rural,740.7129822208982
76111,BUGA,VALLE,cabecera,11.550030848517665
76111,BUGA,VALLE,centro_poblado,2.7910296395083014
76111,BUGA,VALLE,rural,811.5361881237255
76113,BUGALAGRANDE,VALLE,cabecera,2.894895068385401
76113,BUGALAGRANDE,VALLE,centro_poblado,1.3890321221131365
76113,BUGALAGRANDE,VALLE,rural,392.49739611609886
76122,CAICEDONIA,VALLE,cabecera,2.8470762817378445
76122,CAICEDONIA,VALLE,centro_poblado,0.12119168017462856
76122,CAICEDONIA,VALLE,rural,164.01541862240612
76126,CALIMA (DARIEN),VALLE,cabecera,1.955997188803014
76126,CALIMA (DARIEN),VALLE,centro_poblado,0.1892538116290212
76126,CALIMA (DARIEN),VALLE,rural,791.3527311486781
76130,CANDELARIA,VALLE,cabecera,1.2469773508944566
76130,CANDELARIA,VALLE,centro_poblado,7.813949899307109
76130,CANDELARIA,VALLE,rural,287.41210768372184
76233,DAGUA,VALLE,cabecera,1.6699083781343282
76233,DAGUA,VALLE,centro_poblado,4.237409873144901
76233,DAGUA,VALLE,rural,910.417477404365
76243,EL AGUILA,VALLE,cabecera,0.3414263420600269
76243,EL AGUILA,VALLE,centro_poblado,0.24854480111117097
76243,EL AGUILA,VALLE,rural,187.22316458474523
76246,EL CAIRO,VALLE,cabecera,0.39693261460278706
76246,EL CAIRO,VALLE,centro_poblado,0.12465257803173849
76246,EL CAIRO,VALLE,rural,213.6817700352801
76248,EL CERRITO,VALLE,cabecera,3.529051867732333
76248,EL CERRITO,VALLE,centro_poblado,5.226725126673637
76248,EL CERRITO,VALLE,rural,433.1328058964621
76250,EL DOVIO,VALLE,cabecera,0.9741438840905493
76250,EL DOVIO,VALLE,centro_poblado,0.431632911174383
76250,EL DOVIO,VALLE,rural,234.00434056237887
76275,FLORIDA,VALLE,cabecera,3.256374468469709
76275,FLORIDA,VALLE,centro_poblado,2.449671162903729
76275,FLORIDA,VALLE,rural,395.84416573775894
76306,GINEBRA,VALLE,cabecera,1.3230124150557139
76306,GINEBRA,VALLE,centro_poblado,0.8494727889572862
76306,GINEBRA,VALLE,rural,266.56023786527106
76318,GUACARI,VALLE,cabecera,2.233353334279197
76318,GUACARI,VALLE,centro_poblado,1.9965771276214337
76318,GUACARI,VALLE,rural,158.26914485067428
76364,JAMUNDI,VALLE,cabecera,24.88951130393539
76364,JAMUNDI,VALLE,centro_poblado,3.458612557620481
76364,JAMUNDI,VALLE,rural,600.6162171239736
76400,LA UNION,VALLE,cabecera,4.166557920839134
76400,LA UNION,VALLE,centro_poblado,1.2361374048417182
76400,LA UNION,VALLE,rural,115.47225365562447
76403,LA VICTORIA,VALLE,cabecera,2.318392797480481
76403,LA VICTORIA,VALLE,centro_poblado,2.0497072014018247
76403,LA VICTORIA,VALLE,rural,260.3296984767114
76497,OBANDO,VALLE,cabecera,2.087657106324562
76497,OBANDO,VALLE,centro_poblado,0.2692720741965457
76497,OBANDO,VALLE,rural,212.32009799953826
76563,PRADERA,VALLE,cabecera,3.067197033898678
76563,PRADERA,VALLE,centro_poblado,0.7431167766851221
76563,PRADERA,VALLE,rural,352.92074744310827
76606,RESTREPO,VALLE,cabecera,0.9666018443464376
76606,RESTREPO,VALLE,centro_poblado,0.07397565811665958
76606,RESTREPO,VALLE,rural,135.19144027324992
76616,RIOFRIO,VALLE,cabecera,0.6712981213480866
76616,RIOFRIO,VALLE,centro_poblado,1.042453162063944
76616,RIOFRIO,VALLE,rural,306.3740448091339
76622,ROLDANILLO,VALLE,cabecera,4.576651540220893
76622,ROLDANILLO,VALLE,centro_poblado,3.4056705862695518
76622,ROLDANILLO,VALLE,rural,227.74432946574248
76670,SAN PEDRO,VALLE,cabecera,1.1161468433540007
76670,SAN PEDRO,VALLE,centro_poblado,1.7542023578326162
76670,SAN PEDRO,VALLE,rural,199.25825537721795
76736,SEVILLA,VALLE,cabecera,4.046373258807681
76736,SEVILLA,VALLE,centro_poblado,0.31499693783638927
76736,SEVILLA,VALLE,rural,532.8226212873655
76823,TORO,VALLE,cabecera,1.9514586252757549
76823,TORO,VALLE,centro_poblado,0.7666941879649072
76823,TORO,VALLE,rural,173.045500582147
76828,TRUJILLO,VALLE,cabecera,1.0388180126426128
76828,TRUJILLO,VALLE,centro_poblado,0.5873993060650656
76828,TRUJILLO,VALLE,rural,306.01587632756537
76869,VIJES,VALLE,cabecera,1.4327634633341588
76869,VIJES,VALLE,centro_poblado,0.24470470805394715
76869,VIJES,VALLE,rural,112.09647665961609
76890,YOTOCO,VALLE,cabecera,1.6436609716605162
76890,YOTOCO,VALLE,centro_poblado,1.362577530070325
76890,YOTOCO,VALLE,rural,324.79430728552717
76892,YUMBO,VALLE,cabecera,31.656346709917194
76892,YUMBO,VALLE,centro_poblado,1.5587407249327556
76892,YUMBO,VALLE,rural,197.37461135941066
76895,ZARZAL,VALLE,cabecera,4.881096355563114
76895,ZARZAL,VALLE,centro_poblado,1.8615520695706385
76895,ZARZAL,VALLE,rural,361.1946200818686
81001,ARAUCA,ARAUCA,cabecera,21.45933070771024
81001,ARAUCA,ARAUCA,centro_poblado,2.536226732279064
81001,ARAUCA,ARAUCA,rural,5764.003195155226
81065,ARAUQUITA,ARAUCA,cabecera,2.3186738819363364
81065,ARAUQUITA,ARAUCA,centro_poblado,5.492398017721013
81065,ARAUQUITA,ARAUCA,rural,3038.9769383154053
81300,FORTUL,ARAUCA,cabecera,2.4461564080764346
81300,FORTUL,ARAUCA,centro_poblado,0.8513624970055855
81300,FORTUL,ARAUCA,rural,1155.2985843766082
81736,SARAVENA,ARAUCA,cabecera,10.041750159767348
81736,SARAVENA,ARAUCA,centro_poblado,1.3646723936121319
81736,SARAVENA,ARAUCA,rural,933.7296481852601
81794,TAME,ARAUCA,cabecera,9.476626129033912
81794,TAME,ARAUCA,centro_poblado,2.4660124865506736
81794,TAME,ARAUCA,rural,5406.766251209867
85010,AGUAZUL,CASANARE,cabecera,4.538912438961231
85010,AGUAZUL,CASANARE,centro_poblado,1.856738816131492
85010,AGUAZUL,CASANARE,rural,1436.111655695487
85125,HATO COROZAL,CASANARE,cabecera,2.884052655248919
85125,HATO COROZAL,CASANARE,centro_poblado,0.7216991427182876
85125,HATO COROZAL,CASANARE,rural,5506.106707928128
85139,MANI,CASANARE,cabecera,3.8931305573857395
85139,MANI,CASANARE,centro_poblado,0.6345545633424239
85139,MANI,CASANARE,rural,3750.0208393353146
85162,MONTERREY,CASANARE,cabecera,3.0591666059816824
85162,MONTERREY,CASANARE,centro_poblado,0.7197770696702536
85162,MONTERREY,CASANARE,rural,775.3935303542956
85225,NUNCHIA,CASANARE,cabecera,0.9355460772807888
85225,NUNCHIA,CASANARE,centro_poblado,0.13428000211030272
85225,NUNCHIA,CASANARE,rural,1100.7433770025234
85230,OROCUE,CASANARE,cabecera,2.6350667268457464
85230,OROCUE,CASANARE,centro_poblado,1.4101579308899561
85230,OROCUE,CASANARE,rural,4749.438894050984
85263,PORE,CASANARE,cabecera,1.796788549582346
85263,PORE,CASANARE,centro_poblado,0.0863031830066086
85263,PORE,CASANARE,rural,778.5881116282175
85325,SAN LUIS DE PALENQUE,CASANARE,cabecera,0.8311712545545417
85325,SAN LUIS DE PALENQUE,CASANARE,centro_poblado,0.20982295347237134
85325,SAN LUIS DE PALENQUE,CASANARE,rural,2988.6543027460025
85410,TAURAMENA,CASANARE,cabecera,3.79071062938871
85410,TAURAMENA,CASANARE,centro_poblado,0.6341102637400656
85410,TAURAMENA,CASANARE,rural,2377.248571634066
85430,TRINIDAD,CASANARE,cabecera,1.860213404648932
85430,TRINIDAD,CASANARE,centro_poblado,0.5461860177980399
85430,TRINIDAD,CASANARE,rural,2967.8212952961558
85440,VILLANUEVA,CASANARE,cabecera,4.83421563796881
85440,VILLANUEVA,CASANARE,centro_poblado,0.9574002146460373
85440,VILLANUEVA,CASANARE,rural,828.097815417046
86001,MOCOA,PUTUMAYO,cabecera,5.624832633931399
86001,MOCOA,PUTUMAYO,centro_poblado,1.2170483997365593
86001,MOCOA,PUTUMAYO,rural,1297.7959991909943
86320,ORITO,PUTUMAYO,cabecera,7.003368111489651
86320,ORITO,PUTUMAYO,centro_poblado,1.9036987864540695
86320,ORITO,PUTUMAYO,rural,1930.4833885901428
86568,PUERTO ASIS,PUTUMAYO,cabecera,5.638895580447158
86568,PUERTO ASIS,PUTUMAYO,centro_poblado,1.13326744587827
86568,PUERTO ASIS,PUTUMAYO,rural,2812.3826417954856
86569,PUERTO CAICEDO,PUTUMAYO,cabecera,0.9891618280851749
86569,PUERTO CAICEDO,PUTUMAYO,centro_poblado,0.48447287137734496
86569,PUERTO CAICEDO,PUTUMAYO,rural,924.9923577419139
86573,PUERTO LEGUIZAMO,PUTUMAYO,cabecera,2.1315589456993482
86573,PUERTO LEGUIZAMO,PUTUMAYO,centro_poblado,1.8439559584230059
86573,PUERTO LEGUIZAMO,PUTUMAYO,rural,10902.901299565
86749,SIBUNDOY,PUTUMAYO,cabecera,2.9020823832719054
86749,SIBUNDOY,PUTUMAYO,centro_poblado,0.22939766226170732
86749,SIBUNDOY,PUTUMAYO,rural,94.60314452920215
86757,SAN MIGUEL (LA DORADA),PUTUMAYO,cabecera,0.9943415588481228
86757,SAN MIGUEL (LA DORADA),PUTUMAYO,centro_poblado,0.8457321892306277
86757,SAN MIGUEL (LA DORADA),PUTUMAYO,rural,377.90205831721977
86760,SANTIAGO,PUTUMAYO,cabecera,0.7962205019551167
86760,SANTIAGO,PUTUMAYO,centro_poblado,0.05220296917975901
86760,SANTIAGO,PUTUMAYO,rural,341.07539615469915
86865,VALLE DEL GUAMUEZ (LA HORMIGA),PUTUMAYO,cabecera,2.744658274417589
86865,VALLE DEL GUAMUEZ (LA HORMIGA),PUTUMAYO,centro_poblado,1.374529974565991
86865,VALLE DEL GUAMUEZ (LA HORMIGA),PUTUMAYO,rural,811.0423748901817
86885,VILLAGARZON,PUTUMAYO,cabecera,2.4235770044875347
86885,VILLAGARZON,PUTUMAYO,centro_poblado,1.3534322597941244
86885,VILLAGARZON,PUTUMAYO,rural,1393.1951207935253
91001,LETICIA,AMAZONAS,cabecera,13.121774944217252
91001,LETICIA,AMAZONAS,centro_poblado,5.119213862259495
91001,LETICIA,AMAZONAS,rural,6164.175575303558
94001,INIRIDA,GUAINIA,cabecera,8.664663210346257
94001,INIRIDA,GUAINIA,centro_poblado,0.6933537732016966
94001,INIRIDA,GUAINIA,rural,15960.840627008913
95001,SAN JOSE DEL GUAVIARE,GUAVIARE,cabecera,6.176788831240127
95001,SAN JOSE DEL GUAVIARE,GUAVIARE,centro_poblado,2.882518548080292
95001,SAN JOSE DEL GUAVIARE,GUAVIARE,rural,16759.455814187204
95025,EL RETORNO,GUAVIARE,cabecera,0.8394887192875548
95025,EL RETORNO,GUAVIARE,centro_poblado,0.5577891910669969
95025,EL RETORNO,GUAVIARE,rural,12440.828493635963
95200,MIRAFLORES,GUAVIARE,cabecera,0.8758611803639486
95200,MIRAFLORES,GUAVIARE,centro_poblado,0.9199154952033909
95200,MIRAFLORES,GUAVIARE,rural,12806.281280537323
97001,MITU,VAUPES,cabecera,3.3057959379698665
97001,MITU,VAUPES,centro_poblado,0.2551749962708511
97001,MITU,VAUPES,rural,16212.176298213897
99524,LA PRIMAVERA,VICHADA,cabecera,5.521237444610274
99524,LA PRIMAVERA,VICHADA,centro_poblado,0.565005920790664
99524,LA PRIMAVERA,VICHADA,rural,18356.81042204476
99773,CUMARIBO,VICHADA,cabecera,0.9583639071082203
99773,CUMARIBO,VICHADA,centro_poblado,1.9826828821900848
99773,CUMARIBO,VICHADA,rural,65594.2713991074
